H	unlock_n
1	3
3	3
5	4
7	
9	5
11	5
13	5
15	5
17	6
19	6
21	
23	6
25	6
27	6
29	6
31	6
33	6
35	7
37	6
39	7
41	6
43	6
45	6
47	7
49	7
51	7
53	7
55	7
57	7
59	7
61	7
63	8
65	7
67	7
69	7
71	7
73	7
75	7
77	7
79	7
81	7
83	7
85	7
87	7
89	7
91	7
93	7
95	7
97	7
99	7
101	7
103	7
105	7
107	8
109	7
111	7
113	7
115	7
117	7
119	8
121	7
123	7
125	7
127	7
129	7
131	7
133	7
135	7
137	7
139	7
141	7
143	7
145	7
147	7
149	8
151	7
153	7
155	7
157	7
159	7
161	8
163	8
165	8
167	8
169	8
171	7
173	8
175	7
177	8
179	8
181	8
183	8
185	8
187	8
189	7
191	8
193	8
195	8
197	8
199	8
201	8
203	8
205	8
207	8
209	8
211	8
213	8
215	8
217	8
219	8
221	8
223	8
225	8
227	8
229	8
231	8
233	8
235	8
237	8
239	8
241	8
243	8
245	8
247	8
249	8
251	8
253	8
255	8
257	8
259	8
261	8
263	8
265	8
267	8
269	8
271	8
273	8
275	8
277	8
279	8
281	8
283	8
285	8
287	8
289	8
291	8
293	8
295	8
297	8
299	8
301	8
303	8
305	8
307	8
309	8
311	8
313	8
315	8
317	8
319	8
321	8
323	8
325	8
327	8
329	8
331	8
333	8
335	8
337	8
339	8
341	8
343	8
345	8
347	8
349	8
351	8
353	8
355	8
357	8
359	8
361	8
363	8
365	8
367	8
369	8
371	8
373	8
375	8
377	8
379	8
381	8
383	8
385	8
387	8
389	8
391	8
393	8
395	8
397	8
399	8
401	8
403	8
405	8
407	8
409	8
411	8
413	8
415	8
417	8
419	8
421	8
423	8
425	8
427	8
429	8
431	8
433	8
435	8
437	8
439	8
441	8
443	8
445	8
447	8
449	8
451	8
453	8
455	8
457	8
459	8
461	8
463	8
465	8
467	8
469	8
471	8
473	8
475	8
477	8
479	8
481	8
483	8
485	8
487	8
489	8
491	8
493	8
495	8
497	8
499	8
501	8
503	8
505	8
507	8
509	8
511	8
513	8
515	8
517	8
519	8
521	8
523	8
525	8
527	8
529	8
531	8
533	8
535	8
537	8
539	8
541	8
543	8
545	8
547	8
549	8
551	8
553	8
555	8
557	8
559	8
561	8
563	8
565	8
567	8
569	8
571	8
573	8
575	8
577	8
579	8
581	8
583	8
585	8
587	8
589	8
591	8
593	8
595	8
597	8
599	8
601	8
603	8
605	8
607	8
609	8
611	9
613	8
615	9
617	9
619	9
621	8
623	9
625	9
627	8
629	8
631	8
633	8
635	9
637	8
639	8
641	8
643	8
645	8
647	9
649	8
651	8
653	8
655	9
657	8
659	8
661	8
663	9
665	9
667	9
669	9
671	9
673	9
675	9
677	9
679	9
681	9
683	9
685	9
687	9
689	9
691	9
693	9
695	9
697	9
699	9
701	9
703	9
705	9
707	9
709	9
711	9
713	9
715	9
717	9
719	9
721	9
723	9
725	9
727	9
729	9
731	9
733	9
735	9
737	9
739	9
741	9
743	9
745	9
747	9
749	9
751	9
753	9
755	9
757	9
759	9
761	9
763	9
765	9
767	9
769	9
771	9
773	9
775	9
777	9
779	9
781	9
783	9
785	9
787	9
789	9
791	9
793	9
795	9
797	9
799	9
801	9
803	9
805	9
807	9
809	9
811	9
813	9
815	9
817	9
819	9
821	9
823	9
825	9
827	9
829	9
831	9
833	9
835	9
837	9
839	9
841	9
843	9
845	9
847	9
849	9
851	9
853	9
855	9
857	9
859	9
861	9
863	9
865	9
867	9
869	9
871	9
873	9
875	9
877	9
879	9
881	9
883	9
885	9
887	9
889	9
891	9
893	9
895	9
897	9
899	9
901	9
903	9
905	9
907	9
909	9
911	9
913	9
915	9
917	9
919	9
921	9
923	9
925	9
927	9
929	9
931	9
933	9
935	9
937	9
939	9
941	9
943	9
945	9
947	9
949	9
951	9
953	9
955	9
957	9
959	9
961	9
963	9
965	9
967	9
969	9
971	9
973	9
975	9
977	9
979	9
981	9
983	9
985	9
987	9
989	9
991	9
993	9
995	9
997	9
999	9
1001	9
1003	9
1005	9
1007	9
1009	9
1011	9
1013	9
1015	9
1017	9
1019	9
1021	9
1023	9
1025	9
1027	9
1029	9
1031	9
1033	9
1035	9
1037	9
1039	9
1041	9
1043	9
1045	9
1047	9
1049	9
1051	9
1053	9
1055	9
1057	9
1059	9
1061	9
1063	9
1065	9
1067	9
1069	9
1071	9
1073	9
1075	9
1077	9
1079	9
1081	9
1083	9
1085	9
1087	9
1089	9
1091	9
1093	9
1095	9
1097	9
1099	9
1101	9
1103	9
1105	9
1107	9
1109	9
1111	9
1113	9
1115	9
1117	9
1119	9
1121	9
1123	9
1125	9
1127	9
1129	9
1131	9
1133	9
1135	9
1137	9
1139	9
1141	9
1143	9
1145	9
1147	9
1149	9
1151	9
1153	9
1155	9
1157	9
1159	9
1161	9
1163	9
1165	9
1167	9
1169	9
1171	9
1173	9
1175	9
1177	9
1179	9
1181	9
1183	9
1185	9
1187	9
1189	9
1191	9
1193	9
1195	9
1197	9
1199	9
1201	9
1203	9
1205	9
1207	9
1209	9
1211	9
1213	9
1215	9
1217	9
1219	9
1221	9
1223	9
1225	9
1227	9
1229	9
1231	9
1233	9
1235	9
1237	9
1239	9
1241	9
1243	9
1245	9
1247	9
1249	9
1251	9
1253	9
1255	9
1257	9
1259	9
1261	9
1263	9
1265	9
1267	9
1269	9
1271	9
1273	9
1275	9
1277	9
1279	9
1281	9
1283	9
1285	9
1287	9
1289	9
1291	9
1293	9
1295	9
1297	9
1299	9
1301	9
1303	9
1305	9
1307	9
1309	9
1311	9
1313	9
1315	9
1317	9
1319	9
1321	9
1323	9
1325	9
1327	9
1329	9
1331	9
1333	9
1335	9
1337	9
1339	9
1341	9
1343	9
1345	9
1347	9
1349	9
1351	9
1353	9
1355	9
1357	9
1359	9
1361	9
1363	9
1365	9
1367	9
1369	9
1371	9
1373	9
1375	9
1377	9
1379	9
1381	9
1383	9
1385	9
1387	9
1389	9
1391	9
1393	9
1395	9
1397	9
1399	9
1401	9
1403	9
1405	9
1407	9
1409	9
1411	9
1413	9
1415	9
1417	9
1419	9
1421	9
1423	9
1425	9
1427	9
1429	9
1431	9
1433	9
1435	9
1437	9
1439	9
1441	9
1443	9
1445	9
1447	9
1449	9
1451	9
1453	9
1455	9
1457	9
1459	9
1461	9
1463	9
1465	9
1467	9
1469	9
1471	9
1473	9
1475	9
1477	9
1479	9
1481	9
1483	9
1485	9
1487	9
1489	9
1491	9
1493	9
1495	9
1497	9
1499	9
1501	9
1503	9
1505	9
1507	9
1509	9
1511	9
1513	9
1515	9
1517	9
1519	9
1521	9
1523	9
1525	9
1527	9
1529	9
1531	9
1533	9
1535	9
1537	9
1539	9
1541	9
1543	9
1545	9
1547	9
1549	9
1551	9
1553	9
1555	9
1557	9
1559	9
1561	9
1563	9
1565	9
1567	9
1569	9
1571	9
1573	9
1575	9
1577	9
1579	9
1581	9
1583	9
1585	9
1587	9
1589	9
1591	9
1593	9
1595	9
1597	9
1599	9
1601	9
1603	9
1605	9
1607	9
1609	9
1611	9
1613	9
1615	9
1617	9
1619	9
1621	9
1623	9
1625	9
1627	9
1629	9
1631	9
1633	9
1635	9
1637	9
1639	9
1641	9
1643	9
1645	9
1647	9
1649	9
1651	9
1653	9
1655	9
1657	9
1659	9
1661	9
1663	9
1665	9
1667	9
1669	9
1671	9
1673	9
1675	9
1677	9
1679	9
1681	9
1683	9
1685	9
1687	9
1689	9
1691	9
1693	9
1695	9
1697	9
1699	9
1701	9
1703	9
1705	9
1707	9
1709	9
1711	9
1713	9
1715	9
1717	9
1719	9
1721	9
1723	9
1725	9
1727	9
1729	9
1731	9
1733	9
1735	9
1737	9
1739	9
1741	9
1743	9
1745	9
1747	9
1749	9
1751	9
1753	9
1755	9
1757	9
1759	9
1761	9
1763	9
1765	9
1767	9
1769	9
1771	9
1773	9
1775	9
1777	9
1779	9
1781	9
1783	9
1785	9
1787	9
1789	9
1791	9
1793	9
1795	9
1797	9
1799	9
1801	9
1803	9
1805	9
1807	9
1809	9
1811	9
1813	9
1815	9
1817	9
1819	9
1821	9
1823	9
1825	9
1827	9
1829	9
1831	9
1833	9
1835	9
1837	9
1839	9
1841	9
1843	9
1845	9
1847	9
1849	9
1851	9
1853	9
1855	9
1857	9
1859	9
1861	9
1863	9
1865	9
1867	9
1869	9
1871	9
1873	9
1875	9
1877	9
1879	9
1881	9
1883	9
1885	9
1887	9
1889	9
1891	9
1893	9
1895	9
1897	9
1899	9
1901	9
1903	9
1905	9
1907	9
1909	9
1911	9
1913	9
1915	9
1917	9
1919	9
1921	9
1923	9
1925	9
1927	9
1929	9
1931	9
1933	9
1935	9
1937	9
1939	9
1941	9
1943	9
1945	9
1947	9
1949	9
1951	9
1953	9
1955	9
1957	9
1959	9
1961	9
1963	9
1965	9
1967	9
1969	9
1971	9
1973	9
1975	9
1977	9
1979	9
1981	9
1983	9
1985	9
1987	9
1989	9
1991	9
1993	9
1995	9
1997	9
1999	9
2001	9
2003	9
2005	9
2007	9
2009	9
2011	9
2013	9
2015	9
2017	9
2019	9
2021	9
2023	9
2025	9
2027	9
2029	9
2031	9
2033	9
2035	9
2037	9
2039	9
2041	9
2043	9
2045	9
2047	9
2049	9
2051	9
2053	9
2055	9
2057	9
2059	9
2061	9
2063	9
2065	9
2067	9
2069	9
2071	9
2073	9
2075	9
2077	9
2079	9
2081	9
2083	9
2085	9
2087	9
2089	9
2091	9
2093	9
2095	9
2097	9
2099	9
2101	9
2103	9
2105	9
2107	9
2109	9
2111	9
2113	9
2115	9
2117	9
2119	9
2121	9
2123	9
2125	9
2127	9
2129	9
2131	9
2133	9
2135	9
2137	9
2139	9
2141	9
2143	9
2145	9
2147	9
2149	9
2151	9
2153	9
2155	9
2157	9
2159	9
2161	9
2163	9
2165	9
2167	9
2169	9
2171	9
2173	9
2175	9
2177	9
2179	9
2181	9
2183	9
2185	9
2187	9
2189	9
2191	9
2193	9
2195	9
2197	9
2199	9
2201	9
2203	9
2205	9
2207	9
2209	9
2211	9
2213	9
2215	9
2217	9
2219	9
2221	9
2223	9
2225	9
2227	9
2229	9
2231	9
2233	9
2235	9
2237	9
2239	9
2241	9
2243	9
2245	9
2247	9
2249	9
2251	9
2253	9
2255	9
2257	9
2259	9
2261	9
2263	9
2265	9
2267	9
2269	9
2271	9
2273	9
2275	9
2277	9
2279	9
2281	9
2283	9
2285	9
2287	9
2289	9
2291	9
2293	9
2295	9
2297	9
2299	9
2301	9
2303	9
2305	9
2307	9
2309	9
2311	9
2313	9
2315	9
2317	9
2319	9
2321	9
2323	9
2325	9
2327	9
2329	9
2331	9
2333	9
2335	9
2337	9
2339	9
2341	9
2343	9
2345	9
2347	9
2349	9
2351	9
2353	9
2355	9
2357	9
2359	9
2361	9
2363	9
2365	9
2367	9
2369	9
2371	9
2373	9
2375	9
2377	9
2379	9
2381	9
2383	9
2385	9
2387	9
2389	9
2391	9
2393	9
2395	9
2397	9
2399	9
2401	9
2403	9
2405	9
2407	9
2409	9
2411	9
2413	9
2415	9
2417	9
2419	9
2421	9
2423	9
2425	9
2427	9
2429	9
2431	9
2433	9
2435	9
2437	9
2439	9
2441	9
2443	9
2445	9
2447	9
2449	9
2451	9
2453	9
2455	9
2457	9
2459	9
2461	9
2463	9
2465	9
2467	9
2469	9
2471	9
2473	9
2475	9
2477	9
2479	9
2481	9
2483	9
2485	9
2487	9
2489	9
2491	9
2493	9
2495	9
2497	9
2499	9
2501	9
2503	9
2505	9
2507	9
2509	9
2511	9
2513	9
2515	9
2517	9
2519	9
2521	9
2523	9
2525	9
2527	9
2529	9
2531	9
2533	9
2535	9
2537	9
2539	9
2541	9
2543	9
2545	9
2547	9
2549	9
2551	9
2553	9
2555	9
2557	9
2559	9
2561	9
2563	9
2565	9
2567	9
2569	9
2571	9
2573	9
2575	9
2577	9
2579	9
2581	9
2583	9
2585	9
2587	9
2589	9
2591	9
2593	9
2595	9
2597	9
2599	9
2601	9
2603	9
2605	9
2607	9
2609	9
2611	9
2613	9
2615	9
2617	9
2619	9
2621	9
2623	9
2625	9
2627	9
2629	9
2631	9
2633	9
2635	9
2637	9
2639	9
2641	9
2643	9
2645	9
2647	9
2649	9
2651	9
2653	9
2655	9
2657	9
2659	9
2661	9
2663	9
2665	9
2667	9
2669	9
2671	9
2673	9
2675	9
2677	9
2679	9
2681	9
2683	9
2685	9
2687	9
2689	9
2691	9
2693	9
2695	9
2697	9
2699	9
2701	9
2703	9
2705	9
2707	9
2709	9
2711	9
2713	9
2715	9
2717	9
2719	9
2721	9
2723	9
2725	9
2727	9
2729	9
2731	9
2733	9
2735	9
2737	9
2739	9
2741	9
2743	9
2745	9
2747	9
2749	9
2751	9
2753	9
2755	9
2757	9
2759	9
2761	9
2763	9
2765	9
2767	9
2769	9
2771	9
2773	9
2775	9
2777	9
2779	9
2781	9
2783	9
2785	9
2787	9
2789	9
2791	9
2793	9
2795	9
2797	9
2799	9
2801	9
2803	9
2805	9
2807	9
2809	9
2811	9
2813	9
2815	9
2817	9
2819	9
2821	9
2823	9
2825	9
2827	9
2829	9
2831	9
2833	9
2835	9
2837	9
2839	9
2841	9
2843	9
2845	9
2847	9
2849	9
2851	9
2853	9
2855	9
2857	9
2859	9
2861	9
2863	9
2865	9
2867	9
2869	9
2871	9
2873	9
2875	9
2877	9
2879	9
2881	9
2883	
2885	9
2887	
2889	
2891	9
2893	
2895	
2897	
2899	
2901	
2903	9
2905	
2907	
2909	
2911	
2913	
2915	
2917	9
2919	9
2921	
2923	
2925	
2927	
2929	
2931	9
2933	
2935	
2937	
2939	
2941	
2943	
2945	
2947	
2949	
2951	
2953	
2955	
2957	
2959	9
2961	9
2963	9
2965	
2967	9
2969	
2971	9
2973	9
2975	
2977	
2979	9
2981	9
2983	9
2985	9
2987	9
2989	9
2991	9
2993	9
2995	9
2997	
2999	9
3001	9
3003	9
3005	9
3007	9
3009	9
3011	9
3013	9
3015	9
3017	9
3019	9
3021	9
3023	9
3025	9
3027	9
3029	9
3031	9
3033	9
3035	9
3037	9
3039	9
3041	9
3043	9
3045	9
3047	9
3049	9
3051	9
3053	9
3055	9
3057	9
3059	9
3061	9
3063	9
3065	9
3067	9
3069	9
3071	9
3073	9
3075	9
3077	
3079	9
3081	9
3083	9
3085	9
3087	
3089	
3091	
3093	
3095	9
3097	
3099	
3101	9
3103	
3105	9
3107	
3109	9
3111	
3113	
3115	
3117	
3119	
3121	
3123	
3125	
3127	
3129	
3131	
3133	
3135	
3137	
3139	
3141	
3143	
3145	
3147	
3149	
3151	
3153	
3155	
3157	
3159	9
3161	
3163	
3165	
3167	
3169	
3171	
3173	
3175	
3177	
3179	
3181	
3183	
3185	
3187	
3189	
3191	
3193	
3195	
3197	
3199	
3201	
3203	
3205	
3207	
3209	
3211	
3213	
3215	
3217	
3219	
3221	
3223	
3225	
3227	
3229	
3231	
3233	
3235	
3237	
3239	
3241	
3243	9
3245	
3247	
3249	9
3251	
3253	
3255	9
3257	
3259	
3261	
3263	
3265	
3267	9
3269	
3271	
3273	
3275	9
3277	
3279	9
3281	9
3283	
3285	
3287	
3289	
3291	
3293	
3295	
3297	9
3299	9
3301	
3303	9
3305	
3307	
3309	
3311	
3313	
3315	
3317	
3319	
3321	
3323	
3325	
3327	
3329	
3331	
3333	9
3335	
3337	
3339	
3341	
3343	
3345	
3347	
3349	
3351	
3353	
3355	
3357	9
