q,r,grid,body_hex,accepted_cells,replay_mass,replay_ticks,expected_mass,expected_ticks,match
6,50,91205797082400,07586008,356,6670265801376,55403557157088,6670265801376,55403557157088,1
6,72,18241159416480,0f803088,366,1340054708012,11458808938836,1340054708012,11458808938836,1
11,50,91205797082400,039c7000,338,6910923124610,70564968520830,6910923124610,70564968520830,1
24,50,91205797082400,031c6401,342,6621359886194,52322484500622,6621359886194,52322484500622,1
24,96,36482318832960,1d182401,340,2691563680902,23639236564986,2691563680902,23639236564986,1
25,48,91205797082400,051c7001,312,6898236004246,69765679937898,6898236004246,69765679937898,1
25,70,91205797082400,039c7000,294,6360930524002,35915434682526,6360930524002,35915434682526,1
25,96,182411594164800,059c7000,332,13742402631142,136124989102746,13742402631142,136124989102746,1
25,105,91205797082400,07987000,358,6373972974462,36737109061506,6373972974462,36737109061506,1
25,210,91205797082400,07987000,370,6654955463022,54439005840786,6654955463022,54439005840786,1
31,50,2827379709554400,071c7000,324,204401914297228,1567801762507764,204401914297228,1567801762507764,1
34,50,91205797082400,15186401,318,6839690886340,66077337509820,6839690886340,66077337509820,1
35,50,91205797082400,031c7400,312,6229601220448,27641688558624,6229601220448,27641688558624,1
36,96,36482318832960,11186409,300,2784167072414,29473250230242,2784167072414,29473250230242,1
38,50,91205797082400,05686401,354,6759559981898,61029090529974,6759559981898,61029090529974,1
46,50,2097733332895200,031c7400,330,157574341457982,1536250180272066,157574341457982,1536250180272066,1
48,50,91205797082400,15186401,312,6354719143504,35524117711152,6354719143504,35524117711152,1
48,72,18241159416480,091c7001,318,1388002084454,14479493654682,1388002084454,14479493654682,1
48,105,18241159416480,0d983080,360,1390565110246,14640964279578,1390565110246,14640964279578,1
48,128,145929275331840,1c582401,346,10287041170462,64366492411746,10287041170462,64366492411746,1
48,256,291858550663680,1d502401,388,21904188251298,212529657177054,21904188251298,212529657177054,1
50,55,91205797082400,052c6401,320,6689407169982,56609463379266,6689407169982,56609463379266,1
50,59,5381142027861600,071c6400,350,402835080444740,3854041956572220,402835080444740,3854041956572220,1
50,64,364823188329600,23887001,354,26972964642422,240004019154186,26972964642422,240004019154186,1
50,65,91205797082400,031c7400,302,6497685941334,44531025974442,6497685941334,44531025974442,1
50,70,91205797082400,031c7400,302,5794739949188,245428469244,5794739949188,245428469244,1
50,72,91205797082400,031c7008,310,6594409400006,50624603870778,6594409400006,50624603870778,1
50,90,91205797082400,031c7400,340,6768289022608,61579020094704,6768289022608,61579020094704,1
50,92,2097733332895200,031c7400,354,161378152432404,1775890271660652,161378152432404,1775890271660652,1
50,93,2827379709554400,011c7401,332,207940747268920,1790748239724360,207940747268920,1790748239724360,1
50,96,182411594164800,11586401,312,12666068336472,68315928538536,12666068336472,68315928538536,1
50,105,91205797082400,07987000,354,6291493879690,31540926090870,6291493879690,31540926090870,1
50,108,273617391247200,231c7000,348,20901779757064,222342559706232,20901779757064,222342559706232,1
50,110,91205797082400,10786401,294,6088570223948,18756735779124,6088570223948,18756735779124,1
50,113,10306255070311200,034c7400,350,762325519221090,6801487429683870,762325519221090,6801487429683870,1
50,115,2097733332895200,239c5000,362,161351249492292,1774195386433596,161351249492292,1774195386433596,1
50,118,5381142027861600,071c6400,336,404804012724008,3978084690166104,404804012724008,3978084690166104,1
50,128,729646376659200,05346401,364,54138164821558,492118877121354,54138164821558,492118877121354,1
50,130,91205797082400,252c4401,312,6034445753862,15346894163706,6034445753862,15346894163706,1
50,135,273617391247200,070c5401,342,20325166521086,186015925839618,20325166521086,186015925839618,1
50,140,91205797082400,07386400,344,5838347001558,2992672768554,5838347001558,2992672768554,1
50,163,14866544924431200,071c7000,358,1120917860824634,11151645534227142,1120917860824634,11151645534227142,1
50,164,3739437680378400,053c6400,342,280419159959894,2708656355959722,280419159959894,2708656355959722,1
50,165,91205797082400,031c7400,340,6828908920132,65398073638716,6828908920132,65398073638716,1
50,173,15778602895255200,031c7400,342,1174872069837750,10902528818757450,1174872069837750,10902528818757450,1
50,183,5563553622026400,031c7400,328,405771261480400,3309374985159600,405771261480400,3309374985159600,1
50,192,364823188329600,15186401,354,27234380851710,256473240339330,27234380851710,256473240339330,1
50,195,91205797082400,071c6400,352,6634772641444,53167488081372,6634772641444,53167488081372,1
50,205,3739437680378400,011c7401,344,284205284217568,2947182184193184,284205284217568,2947182184193184,1
50,206,9394197099487200,215c5400,362,713255180716178,7358287987170414,713255180716178,7358287987170414,1
50,208,91205797082400,071c6400,342,6788857525676,62874835787988,6788857525676,62874835787988,1
50,210,91205797082400,07987000,368,6442182372418,41034301132734,6442182372418,41034301132734,1
50,212,4833907245367200,053c6400,366,373696508524104,4207251055549752,373696508524104,4207251055549752,1
50,220,91205797082400,017c6400,344,6362343653628,36004461848964,6362343653628,36004461848964,1
50,230,2097733332895200,239c5000,382,156791491591224,1486930638666312,156791491591224,1486930638666312,1
50,256,1459292753318400,07146401,390,105535541139174,811568078494362,105535541139174,811568078494362,1
50,260,91205797082400,270c6001,334,6645498529202,53843219010126,6645498529202,53843219010126,1
50,270,273617391247200,230c7001,354,20099569932838,171803340779994,20099569932838,171803340779994,1
50,274,12495194200288800,11187401,364,968045178916078,11006069470557714,968045178916078,11006069470557714,1
50,277,25264005791824800,15386400,346,1921095159113326,19972971856840338,1921095159113326,19972971856840338,1
50,280,91205797082400,07186401,382,6911188061468,70581659542884,6911188061468,70581659542884,1
50,282,4286672462872800,17186001,398,322893327542332,3195589783675716,322893327542332,3195589783675716,1
50,292,6658023187015200,031c7400,362,506463266791916,5275093059829908,506463266791916,5275093059829908,1
50,294,638440579576800,051c6401,378,47950833160496,467140170804048,47950833160496,467140170804048,1
50,313,28547414486791200,031c7400,380,2133720990965674,20234764483672662,2133720990965674,20234764483672662,1
50,316,7205257969509600,238c5008,398,570412782532208,7114973421490704,570412782532208,7114973421490704,1
50,328,3739437680378400,071c6400,364,279862862548862,2673609619064706,279862862548862,2673609619064706,1
50,330,91205797082400,031c7400,370,7029985919828,78065924619564,7029985919828,78065924619564,1
50,335,6110788404520800,031c7400,360,455469116973356,4251400751238228,455469116973356,4251400751238228,1
50,366,5563553622026400,03147401,382,415254111414654,3906794531017602,415254111414654,3906794531017602,1
50,383,34931820282559200,039c7000,388,2628493490084050,25867808745058350,2628493490084050,25867808745058350,1
50,385,91205797082400,231c7000,382,6906949263878,70314615294714,6906949263878,70314615294714,1
50,390,91205797082400,231c6001,366,6764818108642,61360352514846,6764818108642,61360352514846,1
50,410,3739437680378400,231c5400,398,288984973047318,3248302580467434,288984973047318,3248302580467434,1
50,416,182411594164800,071c6400,396,13912818592100,146861194643100,13912818592100,146861194643100,1
50,433,39492110136679200,230c7001,396,2980685287500494,29814732565814322,2980685287500494,29814732565814322,1
50,440,91205797082400,071c6400,396,6720314923912,58556651876856,6720314923912,58556651876856,1
50,520,91205797082400,07186401,358,6750247269212,60442389630756,6750247269212,60442389630756,1
50,530,4833907245367200,239c5000,446,373700440704724,4207498782928812,373700440704724,4207498782928812,1
50,554,25264005791824800,031c7400,380,1937114505944324,20982190707193212,1937114505944324,20982190707193212,1
65,105,18241159416480,07987000,332,1369961220728,13342919239944,1369961220728,13342919239944,1
70,100,91205797082400,03b07400,356,6546511921816,47607062744808,6546511921816,47607062744808,1
72,96,36482318832960,39903001,326,2640835532160,20443363194240,2640835532160,20443363194240,1
72,105,18241159416480,03983088,356,1388597461498,14517002408454,1388597461498,14517002408454,1
72,210,18241159416480,07903088,394,1357354561528,12548699710344,1357354561528,12548699710344,1
72,256,291858550663680,0b143009,392,21825319406854,207560919977082,21825319406854,207560919977082,1
75,105,91205797082400,05987008,340,6396213859808,38138284838304,6396213859808,38138284838304,1
75,210,91205797082400,07907008,382,6760139566070,61065604332810,6760139566070,61065604332810,1
96,100,182411594164800,21f44008,372,13865026409654,143850287149002,13865026409654,143850287149002,1
96,105,36482318832960,05987001,356,2708472730776,24704506707048,2708472730776,24704506707048,1
96,208,36482318832960,051c6408,332,2744462217342,26971844360706,2744462217342,26971844360706,1
96,256,291858550663680,1d502401,388,21040877444160,158141076327360,21040877444160,158141076327360,1
100,105,91205797082400,07987000,368,6513126315374,45503769538962,6513126315374,45503769538962,1
100,110,91205797082400,04f06408,374,6793674168008,63178284254904,6793674168008,63178284254904,1
100,130,91205797082400,25a46001,354,6656169437174,54515486212362,6656169437174,54515486212362,1
100,140,91205797082400,07386400,362,6360266911300,35873627082300,6360266911300,35873627082300,1
100,210,91205797082400,07983008,382,6579807491550,49704683638050,6579807491550,49704683638050,1
100,220,91205797082400,05946408,372,6989599079712,75521553692256,6989599079712,75521553692256,1
105,130,18241159416480,05987001,334,1342149511470,11590781556690,1342149511470,11590781556690,1
105,147,127688115915360,0d187080,396,9703881239864,100592054449992,9703881239864,100592054449992,1
105,150,91205797082400,07987000,352,6865391386284,67696469006292,6865391386284,67696469006292,1
105,294,127688115915360,0d187080,408,9650340911308,97219013750964,9650340911308,97219013750964,1
130,140,18241159416480,0d386400,314,1337090812452,11272083518556,1337090812452,11272083518556,1
130,210,18241159416480,05b86001,354,1302840873866,9114337387638,1302840873866,9114337387638,1
140,200,91205797082400,07341480,396,7289755117340,94431384062820,7289755117340,94431384062820,1
140,260,18241159416480,0f183400,338,1347467129336,11925791482248,1347467129336,11925791482248,1
150,210,91205797082400,07983008,384,6692388856484,56797309628892,6692388856484,56797309628892,1
210,230,419546666579040,27981080,418,32125574558294,345724530856362,32125574558294,345724530856362,1
210,294,127688115915360,07187080,438,9398519848936,81354286821528,9398519848936,81354286821528,1
256,260,291858550663680,0f142401,380,21273383216744,172788940000152,21273383216744,172788940000152,1
