q,r,grid,cells,pair_ticks,active_base,active_base_fnv,repair_active,repair_margin,equalities,body_checks,base_failures,base_failure_fnv,nested_failures,nested_failure_fnv,min_active_margin,max_inactive_margin
220,644,419546666579040,8765,308238367282560,7323,875be4e7847c9638,1,93021510230964,0,442463129,0,cbf29ce484222325,0,cbf29ce484222325,75438325494,-28836179064
256,644,6712746665264640,8877,4931813876520960,4124,c277f65c86b786a6,1,96103594051038,0,538433386,2,936a8b25300381b7,0,cbf29ce484222325,2315344434858,-1378462896720
258,644,18040506662898720,8877,13254249793150080,8503,8854b32f1c13026f,1,5663702128088970,0,440949644,0,cbf29ce484222325,0,cbf29ce484222325,1609103879334,-207165212226
294,644,2936826666053280,8953,2157668570977920,7877,fad23efaf4fbef90,1,588621750281586,0,449955203,0,cbf29ce484222325,0,cbf29ce484222325,176339204748,-283988984202
366,644,25592346661321440,9085,18802540404236160,6179,16e6d70245b4114d,1,3203248255438770,0,478458609,0,cbf29ce484222325,0,cbf29ce484222325,1273586526828,-2243881432674
416,644,839093333158080,9197,616476734565120,7622,bbaa459874c20699,1,270226250889210,0,468824891,0,cbf29ce484222325,0,cbf29ce484222325,46809214452,-135467279892
512,644,13425493330529280,9389,9863627753041920,5971,f67a338296af4e68,1,2441985026036976,0,492253426,0,cbf29ce484222325,0,cbf29ce484222325,152408626524,-3723745887792
220,643,11729065504796640,8817,8617277692158408,6839,abe1eb95cc04e6d8,1,2323455257215890,0,462497630,0,cbf29ce484222325,0,cbf29ce484222325,1256474169594,-341832994902
256,643,187665048076746240,8929,137876292051948450,4102,612102a3909b12ad,1,15263718302078190,0,549126183,0,cbf29ce484222325,0,cbf29ce484222325,53127812300598,-16955311133880
282,643,551266078725442080,8969,405011502717341520,7804,c0b1728f595cb534,1,97568815864575510,0,453684644,0,cbf29ce484222325,0,cbf29ce484222325,17506065819564,-95004721406826
294,643,82103458533576480,9005,60320908310382720,6910,4dea48d30c210dc9,1,16101841396985442,0,466509581,0,cbf29ce484222325,0,cbf29ce484222325,4206239301474,-2631036052386
332,643,973512436898121120,9073,715233906310243320,7090,d175cbd67367316,1,414503854207285374,0,461741588,0,cbf29ce484222325,0,cbf29ce484222325,41968385483346,-45847595643948
338,643,152477851562356320,9089,112024472414888880,8125,6b6db44a0b078dcd,1,73335416421307572,0,447606127,0,cbf29ce484222325,0,cbf29ce484222325,84516117151662,-5140241244810
366,643,715472995792595040,9137,525653319338106960,5817,b48e1945cc82f09a,1,110468169286578936,0,490551423,0,cbf29ce484222325,0,cbf29ce484222325,33705913294998,-6935392407384
372,643,363601030648695840,9137,267135482111217720,7096,52b6982316f939ac,1,91844408579921172,0,476205073,0,cbf29ce484222325,0,cbf29ce484222325,61746169406418,-10311617216880
384,643,93832524038373120,9185,68938173170556690,6458,6aec25dded694133,1,3452518189052352,0,478368923,0,cbf29ce484222325,0,cbf29ce484222325,1424009022282,-660206453886
412,643,1208093746994053920,9233,887578986357063000,8428,1088d72eebaa5a0,1,490938258732404742,0,434520251,0,cbf29ce484222325,0,cbf29ce484222325,578842017808446,-76221447865920
416,643,23458131009593280,9249,17234550600795990,6633,c253622b621328e2,1,7519115077868898,0,484527511,0,cbf29ce484222325,0,cbf29ce484222325,8021405826,-611647184862
420,643,11729065504796640,9257,8617272615768960,8174,bbd100aa5b9df341,1,3301222831616052,0,448778099,0,cbf29ce484222325,0,cbf29ce484222325,302460210234,-627869773566
520,643,11729065504796640,9377,8617269036263580,7218,30009326a757edfc,1,3803453322885468,0,472152324,0,cbf29ce484222325,0,cbf29ce484222325,2232336835008,-456100103970
530,643,621640471754221920,9457,456715634770034640,8283,2701bdd31223ca57,1,202220833948651980,0,441089908,0,cbf29ce484222325,0,cbf29ce484222325,124477643157588,-261403715794284
220,642,1951804057563360,8805,1433984131703760,7717,15d90267ab7d2137,1,679675493791980,0,445148243,0,cbf29ce484222325,0,cbf29ce484222325,67205455002,-745366348944
256,642,31228864921013760,8917,22943578304386740,3702,76b20a899f321a9e,1,4448525922523746,0,574000262,0,cbf29ce484222325,0,cbf29ce484222325,825774301422,-78239889252
258,642,83927574475224480,8917,61660330587535680,8163,9ce8532baa05583c,1,28832033180083014,0,444931684,0,cbf29ce484222325,0,cbf29ce484222325,18965175266646,-17159805536202
294,642,13662628402943520,8993,10037849438897280,6766,3866ea1e4fe224ec,1,3571374789653454,0,466001236,0,cbf29ce484222325,0,cbf29ce484222325,590854908042,-1349712372708
384,642,15614432460506880,9173,11472060598018020,6109,3d5a8d8277b380de,1,713591542061244,0,478229213,0,cbf29ce484222325,0,cbf29ce484222325,1196059600386,-24766101234
416,642,3903608115126720,9237,2867962948384380,6495,7a91282e62555ae8,1,1443789325455246,0,482360682,0,cbf29ce484222325,0,cbf29ce484222325,103659143490,-12062469510
512,642,62457729842027520,9429,45887265187103340,6790,d399e8fcc6e37706,1,22700839975206246,0,475859066,0,cbf29ce484222325,0,cbf29ce484222325,1847543551434,-358125805674
516,642,83927574475224480,9437,61660330587535680,7804,cf8f1aac46dc370b,1,32132252999252826,0,445943427,0,cbf29ce484222325,0,cbf29ce484222325,4973223291246,-33951263025330
520,642,1951804057563360,9365,1433978968538424,7793,35ba62bc68699e75,1,889480528658568,0,453670642,0,cbf29ce484222325,0,cbf29ce484222325,232720063506,-268777924758
220,641,11692583185963680,8813,8590484508651864,7714,a7f5b7949e532f96,1,2813677329967182,0,445980809,0,cbf29ce484222325,0,cbf29ce484222325,107499919086,-337732295670
256,641,187081330975418880,8925,137447299070671590,5400,792cec4a37fed753,1,31490014922546922,0,493811615,0,cbf29ce484222325,0,cbf29ce484222325,9062232258618,-17148111082956
282,641,549551409740292960,8965,403751559777646080,8117,96a99f5ff8efc939,1,132675270039171216,0,445037932,0,cbf29ce484222325,0,cbf29ce484222325,52138067529996,-108896745820590
294,641,81848082301745760,9001,60133284956384640,7395,8e0db19a01c88925,1,19236311139863790,0,462622040,0,cbf29ce484222325,0,cbf29ce484222325,10353303411318,-9414622921536
366,641,713247574343784480,9133,524018129690415360,6918,fe924ece2c1b6f57,1,183835710965552688,0,456466219,0,cbf29ce484222325,0,cbf29ce484222325,24019428547548,-49690587957570
416,641,23385166371927360,9245,17180954666741250,7612,c05d9b7cf02dab77,1,8405962720450470,0,463731697,0,cbf29ce484222325,0,cbf29ce484222325,4557571069716,-1053804659166
520,641,11692583185963680,9373,8590463552274912,7292,32dc83e99e5057f8,1,3835192084096590,0,471882418,0,cbf29ce484222325,0,cbf29ce484222325,56202471864,-1578868014906
220,640,145929275331840,8813,107137199300040,7341,917725fd0a520e31,1,28089567526608,0,449082600,0,cbf29ce484222325,0,cbf29ce484222325,8992295676,-406881342
248,640,4523807535287040,8893,3323278657690992,8506,1ebf0f605df179a4,1,570067329550446,0,431639115,0,cbf29ce484222325,0,cbf29ce484222325,193952334492,-313119710946
282,640,6858675940596480,8965,5039011710472740,8168,9f98a1e6143192a8,1,1279372104128664,0,437227039,0,cbf29ce484222325,0,cbf29ce484222325,2416601724516,-156059686692
294,640,1021504927322880,9001,750493415992320,6712,674090f083fd0d43,1,47208535029306,0,463240657,0,cbf29ce484222325,0,cbf29ce484222325,125201372184,-31641554700
335,640,9777261447233280,9073,7183107990218160,7360,8882c46257fadbf9,1,2777074239361968,0,455488883,0,cbf29ce484222325,0,cbf29ce484222325,1020084503130,-488011252302
338,640,1897080579313920,9085,1393769907337500,8467,113d09164adb6d8,1,775133733792222,0,431154838,0,cbf29ce484222325,0,cbf29ce484222325,93745247778,-1021770621900
350,640,729646376659200,9085,536066725708800,7939,abbf2c85bce6d2cc,1,201052381464522,0,448618804,0,cbf29ce484222325,0,cbf29ce484222325,49676256882,-47867133384
366,640,8901685795242240,9133,6539998542457380,6181,7cb013cb49d32149,1,1177032086339760,0,467933183,0,cbf29ce484222325,0,cbf29ce484222325,109169970588,-613608822918
372,640,4523807535287040,9133,3323582677014600,7056,e3c7b1095e315480,1,822626276700816,0,460080058,0,cbf29ce484222325,0,cbf29ce484222325,131313572208,-114810143994
383,640,55890912452094720,9177,41062673962438128,7024,37e9c83f294848ba,1,21407421642095538,0,457252417,0,cbf29ce484222325,0,cbf29ce484222325,11123165840976,-303207778944
416,640,145929275331840,9245,107201890724544,7192,86492b0e7a425dbb,1,35154686158578,0,460896889,0,cbf29ce484222325,0,cbf29ce484222325,19622211084,-10290223566
420,640,145929275331840,9253,107213345141760,8446,6f71f23834de51cb,1,44769243772134,0,433818683,0,cbf29ce484222325,0,cbf29ce484222325,64854914418,-67504214610
440,640,145929275331840,9213,107077974756480,6724,baaf48c797720668,1,41458689326628,0,458759710,0,cbf29ce484222325,0,cbf29ce484222325,10603134360,-14037937578
520,640,145929275331840,9373,107141755034160,5244,b613d3793717fb99,1,17163927996516,0,521624145,0,cbf29ce484222325,0,cbf29ce484222325,3247402410,-37390526586
256,639,20721957097121280,8921,15224274328543280,5608,9bdb52159a67727c,1,2643970722225210,0,499877226,0,cbf29ce484222325,0,cbf29ce484222325,3439615570398,-1711138428846
294,639,9065856229990560,8997,6660629066931840,8075,1b1e86da2daa1496,1,2573631161348310,0,441194350,0,cbf29ce484222325,0,cbf29ce484222325,2110785685344,-700359542946
384,639,10360978548560640,9177,7612209549824880,7281,ac426ede32b7a917,1,576147282692058,0,470365107,0,cbf29ce484222325,0,cbf29ce484222325,246194702334,-1141340558400
416,639,2590244637140160,9241,1903038467157520,7726,dce3e1a658803fb8,1,1043330006802132,0,462178390,0,cbf29ce484222325,0,cbf29ce484222325,237523884318,-344291627484
100,638,91205797082400,8565,67008690809424,5963,2b2f5e0c89e595f0,1,32751604768176,0,497877901,0,cbf29ce484222325,0,cbf29ce484222325,26438262102,-1487344950
256,638,291858550663680,8877,214425523297440,3303,745635a50ff09ca6,1,28603143332442,0,627721473,40,917d107c4536efc9,40,917d107c4536efc9,4433423400,-51942837870
282,638,857334492574560,8917,629876846726400,8165,f60ce8b51e950ed5,1,313302891776868,0,453275054,0,cbf29ce484222325,0,cbf29ce484222325,116222626422,-218089876032
294,638,127688115915360,8953,93811676999040,8378,1f6be06d3e451982,1,57408259108662,0,432508205,0,cbf29ce484222325,0,cbf29ce484222325,9138467772,-23687497008
366,638,1112710724405280,9085,817500200724480,7118,306d2fb51a4fc586,1,436997996007426,0,455166079,0,cbf29ce484222325,0,cbf29ce484222325,136037737206,-32564081844
416,638,36482318832960,9197,26803426053600,7759,682934b5eb3575cc,1,19644791750136,0,458887661,0,cbf29ce484222325,0,cbf29ce484222325,4639026168,-11148270966
420,638,18241159416480,9205,13401668142720,8179,4aa953308028fc78,1,7308235867212,0,451129607,0,cbf29ce484222325,0,cbf29ce484222325,3131215542,-486360
512,638,583717101327360,9389,428852067707700,5880,df1277bfdeecc871,1,201610578368556,0,494836624,0,cbf29ce484222325,0,cbf29ce484222325,11409923952,-34953971472
520,638,18241159416480,9325,13401681607944,8096,c26a5bbcbe6a2deb,1,9739570201830,0,456341152,0,cbf29ce484222325,0,cbf29ce484222325,669060126,-960057000
