mask_hex,private_obligations,private_rows,origin
00108576,15,4,carrier
0010c574,4,1,carrier
0014b08c,1,1,addition
0018c456,1,1,carrier
00283059,3,2,carrier
003884c8,2,1,carrier
00418a89,2,2,carrier
0041c325,12,3,carrier
004c3216,5,4,carrier
0050c125,11,3,carrier
00543007,1,1,carrier
0054892c,19,3,addition
00619324,17,6,carrier
0062812d,4,2,carrier
00762480,1,1,carrier
007c0403,1,1,carrier
0080aec1,6,2,carrier
0088c724,14,1,addition
009886c0,1,1,carrier
00b0832c,10,4,carrier
00c045d4,21,8,carrier
00c49550,5,2,carrier
00c84489,2,2,carrier
00d85220,1,1,carrier
00e12642,8,3,carrier
0100813f,2,2,addition
0114a083,3,1,carrier
0124003f,11,2,addition
0124a12c,2,2,addition
01283203,2,2,carrier
013a2081,1,1,carrier
01415448,1,1,carrier
0142c809,3,1,carrier
0146100d,4,1,carrier
01609124,3,2,carrier
01611640,2,1,carrier
01690602,1,1,carrier
01790204,1,1,carrier
018ad240,5,1,addition
01d09204,3,2,carrier
0200813f,12,2,addition
02008751,10,6,carrier
02066406,1,1,carrier
020a440d,1,1,carrier
02183c04,3,2,carrier
021c1481,1,1,carrier
021ca880,1,1,carrier
02203226,2,1,carrier
0228832c,5,4,carrier
02408327,12,4,carrier
02492209,1,1,carrier
02507084,1,1,carrier
0250812c,12,7,carrier
02541409,3,3,carrier
02566080,1,1,carrier
02710e02,6,3,carrier
02741808,4,2,carrier
02882682,3,2,carrier
029c2404,2,2,carrier
02a05206,2,2,carrier
02a08325,20,7,carrier
02ac2081,3,2,carrier
02b20481,1,1,carrier
02c18c08,1,1,carrier
02c32282,1,1,carrier
02c8b008,1,1,carrier
030cb800,1,1,carrier
0340a098,1,1,carrier
03462880,1,1,carrier
03640281,1,1,carrier
03e81001,1,1,carrier
040ca4c0,1,1,carrier
04182681,1,1,carrier
04252409,1,1,carrier
04346082,1,1,carrier
0438a801,1,1,carrier
044512c0,1,1,carrier
04471081,1,1,carrier
04612216,9,2,carrier
046d1020,1,1,carrier
04744041,1,1,carrier
04818325,15,4,carrier
06414448,1,1,carrier
0648a801,1,1,carrier
06610049,1,1,carrier
06780011,1,1,carrier
0700c083,1,1,carrier
0802023f,8,3,carrier
0802209f,5,2,addition
0802ac49,3,2,carrier
0806c283,4,3,addition
080a5188,1,1,carrier
080a9a81,12,1,addition
080e8281,1,1,carrier
08123888,1,1,carrier
08182509,1,1,carrier
08222a88,1,1,carrier
082a7400,1,1,carrier
082aa280,1,1,carrier
082b8448,3,2,addition
083a2204,2,2,carrier
083f4000,1,1,carrier
08412a89,47,19,carrier
08432a80,10,2,carrier
084a3880,3,2,carrier
08523202,2,2,carrier
08542601,2,1,carrier
0860bc00,1,1,carrier
08806449,1,1,carrier
088262c4,6,3,carrier
08834149,18,3,addition
088b0648,1,1,carrier
088e4084,2,1,carrier
08982089,1,1,carrier
08a206c1,18,7,carrier
08a89440,5,2,carrier
08c31c08,6,2,carrier
08c82881,1,1,carrier
08c83280,2,1,carrier
08cb2080,1,1,carrier
09041489,2,1,carrier
09068488,1,1,carrier
093c0401,2,1,carrier
09425208,1,1,carrier
09844944,13,2,addition
09888409,1,1,carrier
09d41200,1,1,carrier
0a061680,1,1,carrier
0a0a1888,1,1,carrier
0a0a4216,2,2,carrier
0a1ac004,1,1,carrier
0a261081,2,2,carrier
0a263080,1,1,carrier
0a308c04,1,1,carrier
0a320809,1,1,carrier
0a42c081,1,1,carrier
0a430a88,15,3,addition
0a502888,1,1,carrier
0ac44842,13,1,addition
0b2a4002,1,1,carrier
0b421208,4,3,carrier
0c025209,1,1,carrier
0c03008b,1,1,carrier
0c038a88,14,4,carrier
0c422096,12,3,carrier
0c430a81,8,3,carrier
0ca04049,1,1,carrier
0dc48002,1,1,carrier
0e04e100,1,1,carrier
0e0a1c00,1,1,carrier
0e232400,2,1,carrier
0e281804,1,1,carrier
0eb80200,1,1,carrier
0f011204,1,1,carrier
10047205,1,1,carrier
1004c097,6,2,carrier
1008c4c8,1,1,carrier
1012400f,1,1,carrier
1014240d,9,4,carrier
101c401a,1,1,carrier
101ce200,4,3,carrier
1020a609,1,1,carrier
1024d044,6,1,carrier
102c10c8,5,4,carrier
10342620,1,1,carrier
10361180,1,1,carrier
10413209,2,2,carrier
10443016,1,1,carrier
10448c49,9,3,carrier
1044d084,3,3,carrier
10452216,8,4,carrier
10452680,1,1,carrier
10486203,4,1,carrier
10550a81,12,2,carrier
105d0408,1,1,carrier
106a600a,2,1,carrier
10808559,6,2,addition
10923282,13,6,carrier
1092a088,1,1,carrier
1094a801,1,1,carrier
10986c00,3,3,carrier
109c4044,4,3,carrier
10a03182,2,1,carrier
10c48125,2,1,carrier
10d88401,2,1,carrier
10e0d040,1,1,carrier
10e41041,5,4,carrier
10f0c008,3,1,carrier
1100b08c,2,1,carrier
1104248c,4,2,carrier
11064109,1,1,carrier
11086a80,1,1,carrier
110c3880,1,1,carrier
11283050,1,1,carrier
1130a500,1,1,carrier
11440688,2,1,carrier
1154800c,1,1,carrier
11601809,1,1,carrier
11642081,1,1,carrier
1190200d,1,1,carrier
11a21404,1,1,carrier
1204003f,38,6,carrier
1224003e,1,1,carrier
12241442,1,1,carrier
1224808a,1,1,carrier
12324c00,1,1,carrier
123c0440,1,1,carrier
1241b080,2,1,carrier
12444083,1,1,carrier
12488488,1,1,carrier
124c1480,1,1,carrier
12710009,3,2,carrier
1284812c,8,1,carrier
1284a120,1,1,carrier
12a21009,1,1,carrier
12a94002,3,1,carrier
12c14242,4,3,addition
12cc9000,3,3,carrier
13045108,2,1,carrier
13202091,1,1,carrier
13405802,3,1,carrier
13848802,3,3,carrier
13c40840,1,1,carrier
14050236,3,1,carrier
1405b400,2,1,carrier
140c4406,1,1,carrier
14340841,2,1,carrier
144c2801,1,1,carrier
14512300,1,1,carrier
14644240,1,1,carrier
146d4000,3,1,carrier
14850680,2,1,carrier
14881608,1,1,carrier
14e11040,1,1,carrier
14e42002,1,1,carrier
16083003,1,1,carrier
17280801,1,1,carrier
1806001f,7,2,carrier
18068a88,9,3,carrier
18070e80,2,2,addition
18121a80,1,1,carrier
18221809,3,1,carrier
1822a4c0,13,5,carrier
18261042,4,2,carrier
18291408,1,1,carrier
18444816,7,4,carrier
18450a81,14,4,carrier
185f0200,2,1,carrier
18672040,13,1,addition
18920209,2,1,carrier
18a0d040,1,1,carrier
19048125,11,2,addition
190d2200,1,1,carrier
19114009,1,1,carrier
19223004,1,1,carrier
19420288,2,1,carrier
19c04044,5,2,carrier
19c41004,1,1,carrier
1a0e2400,1,1,carrier
1a262080,2,2,carrier
1a268080,2,1,carrier
1a40e001,2,2,carrier
1a462002,2,1,carrier
1a541004,2,2,carrier
1a560800,2,1,carrier
1a682400,2,2,carrier
1ab0c000,1,1,carrier
1b021009,1,1,carrier
1ba21000,1,1,carrier
1c4c2004,1,1,carrier
1c82c080,1,1,carrier
1d260020,1,1,carrier
1d410801,1,1,carrier
1e08c400,1,1,carrier
2002221f,8,2,addition
20084687,7,1,addition
20114889,1,1,carrier
2011e480,1,1,carrier
201813a4,8,3,carrier
2018140e,7,2,carrier
20249049,1,1,carrier
202810c9,3,1,carrier
202a5408,2,1,carrier
202a9440,5,2,carrier
2040a1a5,5,2,addition
2048009f,7,1,addition
20482682,3,1,carrier
20525801,1,1,carrier
20582c08,1,1,carrier
20681096,21,4,carrier
20749008,1,1,carrier
2080c127,17,3,addition
2084c324,12,3,addition
20898640,2,1,addition
20908525,16,2,addition
20946021,1,1,carrier
2098c600,5,1,carrier
20c04489,7,5,carrier
20c06406,1,1,carrier
20c52480,1,1,carrier
2100360c,1,1,carrier
210c1096,1,1,carrier
2144c124,6,2,addition
21491402,3,2,carrier
21680096,9,1,addition
21688808,1,1,carrier
21804708,1,1,carrier
21888126,2,2,carrier
21890249,6,1,addition
2190a600,1,1,carrier
21c91202,21,1,addition
2200cc48,8,5,carrier
22062209,1,1,carrier
22213003,1,1,carrier
22306009,1,1,carrier
22306082,1,1,carrier
223a8002,1,1,carrier
2244a088,1,1,carrier
2280a126,2,2,carrier
228d4202,20,1,addition
229c0202,1,1,carrier
22b00403,3,3,carrier
22b28008,1,1,carrier
22c0a124,7,2,carrier
22c0e020,1,1,carrier
22cc4080,1,1,carrier
23022209,1,1,carrier
23249100,2,1,carrier
23484404,1,1,carrier
23602408,1,1,carrier
23640c00,3,1,carrier
2368c000,2,1,carrier
24403418,6,1,carrier
24609208,1,1,carrier
2464040c,2,1,carrier
24c44108,1,1,carrier
250b0208,1,1,carrier
26001413,1,1,carrier
26028450,1,1,carrier
260c8201,2,1,carrier
26c48100,1,1,carrier
28066480,6,3,carrier
28070a88,3,2,carrier
280a0417,21,2,addition
280a8a88,10,1,addition
281a0816,17,2,addition
28224096,1,1,carrier
28283480,1,1,carrier
28284409,3,1,carrier
282a0a81,6,1,addition
282a3080,3,1,carrier
2842488c,6,2,addition
28438809,1,1,carrier
28490a09,10,3,addition
284a0892,8,3,carrier
288216c0,3,2,carrier
29006206,2,2,carrier
29070a80,6,5,carrier
29319000,1,1,carrier
29381800,1,1,carrier
29826008,1,1,carrier
2a920402,3,3,carrier
2b0a0016,12,1,addition
2b201404,1,1,carrier
2b40c800,3,2,carrier
2c468001,1,1,carrier
30036208,1,1,carrier
30046488,2,2,carrier
300e1280,1,1,carrier
3010d00c,2,1,carrier
30110489,1,1,carrier
302a6200,5,2,carrier
3032400a,1,1,carrier
3040a4c0,1,1,carrier
3045c440,3,2,carrier
30862402,1,1,carrier
30964400,1,1,carrier
30c86004,1,1,carrier
30d48008,1,1,carrier
31081418,1,1,carrier
310c8003,2,1,carrier
31142600,3,2,carrier
31206404,1,1,carrier
31250201,1,1,carrier
31d28000,1,1,carrier
31f40000,2,2,carrier
32140007,2,1,carrier
32306020,4,2,carrier
3280c108,1,1,carrier
32850206,10,6,carrier
32884202,2,1,carrier
32c01c00,1,1,carrier
32c05100,1,1,carrier
32e40400,2,1,carrier
33002206,3,2,carrier
3300408a,1,1,carrier
34036200,3,2,carrier
34485200,1,1,carrier
348c8004,2,1,carrier
34b00003,1,1,carrier
34c10201,1,1,carrier
36200428,1,1,carrier
38112a80,6,3,addition
38408409,3,2,carrier
38662000,3,3,carrier
3882a082,1,1,carrier
39201280,2,2,carrier
39805008,1,1,carrier
3a131000,1,1,carrier
3ad10800,5,2,addition
3ae00840,2,1,carrier
3c006208,2,2,carrier
