mask_hex,rank,active_rows
0036092c,9,273
00c44096,8,313
00c18750,9,333
21811281,8,337
2240141c,8,339
3800120d,8,345
00e84281,8,369
01a98201,8,373
12a8800a,8,378
001c4017,8,381
0aa21204,8,395
0200c325,8,396
20c0c124,8,400
1240d101,8,404
22039009,8,404
20c0e060,8,405
215a8020,8,406
2b108102,8,408
2e204022,8,409
06688042,8,410
2094a003,8,410
214060e0,8,410
23d00108,8,410
00847029,8,411
204822a2,8,411
000cb00d,8,412
010cd090,8,412
0600a04b,8,412
070c0181,8,412
14c48104,8,412
1e300021,8,412
21280183,8,412
24048099,8,412
00908589,8,413
00d23402,8,413
0524c202,8,413
0ba28080,8,413
22904068,8,413
01a2100d,8,414
02306188,8,414
02342442,8,414
02b16040,8,414
05d00504,8,414
06021829,8,414
20827018,8,414
29c04082,8,414
00c4c124,8,415
0404e016,8,415
07888090,8,415
1044680a,8,415
10842582,8,415
12140588,8,415
16508050,8,415
20a03428,8,415
21ac000a,8,415
23222801,8,415
24940188,8,415
2e180104,8,415
3b010401,8,415
010d8281,8,416
01154281,8,416
0144a8a0,8,416
02916180,8,416
0304c105,8,416
040ec005,8,416
04949210,8,416
091038a0,8,416
0918a011,8,416
0a245104,8,416
0d120025,8,416
12c62800,8,416
13219020,8,416
140c820a,8,416
14188882,8,416
24188920,8,416
25429040,8,416
32606100,8,416
0120007f,9,416
00b1b080,8,417
0412e402,8,417
0480d244,8,417
04d08a08,8,417
05122414,8,417
061c8014,8,417
070c4840,8,417
08d04484,8,417
0e20a802,8,417
0e228028,8,417
0e62000c,8,417
11023882,8,417
13a0800a,8,417
13c00881,8,417
15c01060,8,417
180a8281,8,417
200062a9,8,417
2052008b,8,417
206c1041,8,417
2520401a,8,417
0090d302,8,418
009ad100,8,418
009c040d,8,418
0159a020,8,418
021a20c1,8,418
0300dd00,8,418
0343c001,8,418
040d6500,8,418
05041305,8,418
06110701,8,418
06b02005,8,418
0822044b,8,418
09844450,8,418
0a164028,8,418
0a6810c0,8,418
0c845820,8,418
1450c420,8,418
1e300240,8,418
20190407,8,418
2208508c,8,418
22cb4000,8,418
240e0092,8,418
248c0106,8,418
29334000,8,418
2c081284,8,418
32c10600,8,418
34a02108,8,418
38520048,8,418
01c0d102,8,419
02672400,8,419
0306a006,8,419
03242c20,8,419
040242a9,8,419
06840485,8,419
0e141090,8,419
13300091,8,419
190a4048,8,419
1c841900,8,419
2380408a,8,419
24803085,8,419
24a8a040,8,419
286d1000,8,419
2a330001,8,419
34c40880,8,419
00789204,8,420
00965012,8,420
01504c21,8,420
0240812d,8,420
02823288,8,420
02a2d004,8,420
04388181,8,420
0500b190,8,420
0582aa00,8,420
06b02018,8,420
09186012,8,420
0a09a480,8,420
0e220c20,8,420
1014c08a,8,420
109c2021,8,420
11982021,8,420
160440c2,8,420
20349084,8,420
214c2060,8,420
22046418,8,420
240e4880,8,420
261008a8,8,420
28446201,8,420
298d0200,8,420
36100086,8,420
00587810,8,421
010c6424,8,421
02c17100,8,421
0301d003,8,421
03629010,8,421
03a42102,8,421
0468840c,8,421
04c13420,8,421
05802c03,8,421
06a10604,8,421
07800426,8,421
0908c809,8,421
0e003620,8,421
11246840,8,421
12601484,8,421
13620081,8,421
1482d800,8,421
150b1002,8,421
18253002,8,421
21360500,8,421
22824421,8,421
23001c21,8,421
24564040,8,421
24884094,8,421
29088e00,8,421
2cd02100,8,421
3004480b,8,421
31862100,8,421
34061210,8,421
3c100811,8,421
003d2600,8,422
00584283,8,422
01923220,8,422
0220ac09,8,422
0409d300,8,422
04122618,8,422
044450c1,8,422
04509a10,8,422
04a4c280,8,422
0810dc08,8,422
0a4b3000,8,422
0b201043,8,422
0b320804,8,422
0ca8c020,8,422
0cca000a,8,422
0e484081,8,422
100c5490,8,422
10145602,8,422
12066202,8,422
1441a082,8,422
14982022,8,422
1844a440,8,422
20c02c88,8,422
221c0282,8,422
24154012,8,422
24514050,8,422
2a043401,8,422
314802c0,8,422
0104208f,8,423
01168c08,8,423
01845091,8,423
019c1018,8,423
02629201,8,423
04027406,8,423
04826504,8,423
06810606,8,423
0812428c,8,423
0846600a,8,423
084a0a81,8,423
093044c0,8,423
0a2c9002,8,423
0e602420,8,423
1004a40b,8,423
11283030,8,423
12306022,8,423
12915040,8,423
14462044,8,423
14590410,8,423
20185301,8,423
21142442,8,423
2119c040,8,423
220a5081,8,423
26420482,8,423
281d9000,8,423
28381011,8,423
2c08a410,8,423
2ca20500,8,423
3404801a,8,423
0388c804,8,424
04113007,8,424
05441124,8,424
05488580,8,424
05809121,8,424
08028e09,8,424
0941d400,8,424
0a12a802,8,424
0c844103,8,424
0c982900,8,424
0d022184,8,424
124c4005,8,424
18542900,8,424
186420c0,8,424
19240418,8,424
20026429,8,424
20c44540,8,424
24085380,8,424
2812401a,8,424
29601028,8,424
0012e608,8,425
0090c1a4,8,425
014c6102,8,425
02606290,8,425
04005a0b,8,425
0419048c,8,425
070180c1,8,425
08120e88,8,425
081cc808,8,425
090e0284,8,425
0a264808,8,425
1250a0a0,8,425
13200603,8,425
14288441,8,425
1480401d,8,425
16504120,8,425
1c80400e,8,425
2014c40c,8,425
20826091,8,425
21265004,8,425
2410282c,8,425
2e060108,8,425
32144090,8,425
3c020c80,8,425
000e8609,8,426
0090450d,8,426
0210a486,8,426
02548181,8,426
02a0150c,8,426
03862208,8,426
04c98240,8,426
05010549,8,426
06322042,8,426
06632100,8,426
091aa010,8,426
0a02ec00,8,426
0c04400f,8,426
0c4a2003,8,426
1006a08c,8,426
1054101c,8,426
10843809,8,426
10a41490,8,426
14062094,8,426
14413420,8,426
15001286,8,426
15860018,8,426
2061b080,8,426
20d88041,8,426
21016c80,8,426
2206e004,8,426
22405601,8,426
2404b300,8,426
24103015,8,426
24940406,8,426
310a2042,8,426
31282021,8,426
3408c0c0,8,426
34124300,8,426
0059a801,8,427
0092510a,8,427
00b94600,8,427
02187021,8,427
0402f048,8,427
04410e81,8,427
04621181,8,427
0486300c,8,427
048a6104,8,427
0580c510,8,427
0a047804,8,427
0b40a810,8,427
0c3a0012,8,427
0f208140,8,427
11066041,8,427
11b11800,8,427
1540110a,8,427
18520288,8,427
1a065002,8,427
1a454008,8,427
1d042102,8,427
202c2109,8,427
205f4000,8,427
20a81016,8,427
2108121a,8,427
21c804a0,8,427
25110242,8,427
260b0a00,8,427
29894008,8,427
30470408,8,427
3a242200,8,427
003a180a,8,428
00705092,8,428
01028c49,8,428
01140709,8,428
013a2044,8,428
01742140,8,428
01805426,8,428
0208f0c0,8,428
02305811,8,428
028cb004,8,428
0300850d,8,428
03048650,8,428
040a3a08,8,428
04524828,8,428
04c020c9,8,428
04c06160,8,428
06014e01,8,428
06203904,8,428
083a008c,8,428
0a308405,8,428
0a904450,8,428
0c121241,8,428
0c1610c0,8,428
0e00480b,8,428
11c1c004,8,428
15002883,8,428
180c1c08,8,428
180c440a,8,428
2048244a,8,428
21096102,8,428
254808a0,8,428
29880206,8,428
30472400,8,428
3184100c,8,428
00b86044,8,429
00d060c4,8,429
014a0419,8,429
014d6100,8,429
019a0482,8,429
02507048,8,429
02a01618,8,429
030884a1,8,429
043a2012,8,429
0504e802,8,429
07428084,8,429
083c1280,8,429
09446048,8,429
09502610,8,429
0d4010a1,8,429
0d424840,8,429
10301207,8,429
11662020,8,429
11909018,8,429
14219011,8,429
18222680,8,429
1c005c01,8,429
1c0c0818,8,429
1e500011,8,429
20486211,8,429
20ce4200,8,429
244c1240,8,429
26060484,8,429
2a025280,8,429
30580888,8,429
308822c0,8,429
30904510,8,429
31002648,8,429
31444108,8,429
31e24000,8,429
34005105,8,429
01381160,8,430
021c1490,8,430
02c26204,8,430
035c0810,8,430
038e0402,8,430
044c5104,8,430
0494a420,8,430
04b12500,8,430
05043821,8,430
05a80019,8,430
080a2449,8,430
0a188803,8,430
102b3200,8,430
10313808,8,430
10864029,8,430
15011310,8,430
1510081a,8,430
15290028,8,430
16085180,8,430
18836008,8,430
19628008,8,430
1a209003,8,430
1c308003,8,430
24241188,8,430
24893040,8,430
2980a081,8,430
300cc018,8,430
30644081,8,430
38450408,8,430
3900c088,8,430
00b36400,8,431
00e33080,8,431
0121d204,8,431
01245c04,8,431
03043224,8,431
04116848,8,431
04211360,8,431
04292290,8,431
042b1082,8,431
0438042a,8,431
044430a4,8,431
04641260,8,431
046a1024,8,431
05058881,8,431
06281114,8,431
06a02e00,8,431
090a5402,8,431
093e0004,8,431
0a0e4c00,8,431
0b051401,8,431
0c492180,8,431
0d900844,8,431
0e201106,8,431
101c40c1,8,431
10321604,8,431
10846520,8,431
10c43401,8,431
11311840,8,431
14830680,8,431
2105a600,8,431
21462c00,8,431
21888206,8,431
242c8500,8,431
24348900,8,431
26221140,8,431
2898008a,8,431
2e300280,8,431
30441029,8,431
35020490,8,431
39402440,8,431
00103e81,8,432
005e6010,8,432
012d2402,8,432
034c0640,8,432
03560101,8,432
04191206,8,432
04814381,8,432
05184031,8,432
05622804,8,432
05900e04,8,432
06126204,8,432
070c4180,8,432
090d1600,8,432
09e22800,8,432
0b11a002,8,432
0b20a208,8,432
0c114805,8,432
1405022c,8,432
14124680,8,432
15009620,8,432
15088460,8,432
16214081,8,432
17400308,8,432
18084289,8,432
20d40488,8,432
2120a282,8,432
21cc0240,8,432
23018460,8,432
24099410,8,432
24504450,8,432
2a08208c,8,432
2c026500,8,432
2c21a008,8,432
2ee00040,8,432
3008108d,8,432
3282c008,8,432
34062012,8,432
34108442,8,432
34128a00,8,432
3c041840,8,432
01109a03,8,433
01445448,8,433
01d81090,8,433
022c8c08,8,433
02682580,8,433
0308b104,8,433
03848508,8,433
05c0a810,8,433
06292220,8,433
06443108,8,433
06904288,8,433
08194409,8,433
08a13408,8,433
0b82c004,8,433
0cc05011,8,433
0e04c00c,8,433
0f900280,8,433
10a81640,8,433
11144106,8,433
12922202,8,433
14644110,8,433
14a48088,8,433
15412102,8,433
15600085,8,433
16048106,8,433
18848089,8,433
1c222048,8,433
1c884840,8,433
204804c9,8,433
20827005,8,433
208c2c08,8,433
21200709,8,433
22908c04,8,433
24221580,8,433
3010d024,8,433
30296004,8,433
30421409,8,433
31044441,8,433
34308082,8,433
35024180,8,433
36c00048,8,433
03046016,8,434
038ec000,8,434
042112a4,8,434
044c2405,8,434
04c90809,8,434
05042aa0,8,434
05484188,8,434
06324280,8,434
06508980,8,434
0832b004,8,434
0842280d,8,434
087b2000,8,434
0d1b0004,8,434
10351880,8,434
10685014,8,434
11142430,8,434
14023490,8,434
1441b020,8,434
150b0401,8,434
16000629,8,434
18689040,8,434
2008b086,8,434
20231488,8,434
2184a202,8,434
24083320,8,434
26148204,8,434
2c141204,8,434
30ac0005,8,434
00349403,8,435
00b0450c,8,435
0140a648,8,435
01b21082,8,435
02508c0c,8,435
031a0085,8,435
03214680,8,435
04502a41,8,435
0460b810,8,435
04a80c88,8,435
05011612,8,435
0624001b,8,435
07081092,8,435
0934a040,8,435
0a309110,8,435
0d121050,8,435
0e921040,8,435
1018b880,8,435
11043980,8,435
1a446400,8,435
2009120b,8,435
2092100b,8,435
20d2b000,8,435
21089540,8,435
21119480,8,435
240a2890,8,435
244d00c0,8,435
27801180,8,435
2a2210c0,8,435
320c4090,8,435
3c0a1040,8,435
08c28e40,9,435
00309603,8,436
0082c449,8,436
00a86242,8,436
0110844b,8,436
03552020,8,436
03904061,8,436
03a02444,8,436
0490c0a4,8,436
0530c210,8,436
06003584,8,436
06111301,8,436
062012a1,8,436
06a41a00,8,436
090a3402,8,436
090c1a01,8,436
094200c9,8,436
0a285082,8,436
0a82020b,8,436
0c31000d,8,436
0d006428,8,436
0e408428,8,436
10245805,8,436
111a2011,8,436
14013428,8,436
141c0910,8,436
1420c4c0,8,436
148045c0,8,436
15019084,8,436
15404828,8,436
1818c208,8,436
18605201,8,436
1b080602,8,436
200e7800,8,436
2010b881,8,436
21522804,8,436
22026881,8,436
24a04016,8,436
3204a410,8,436
04511206,8,437
0458a202,8,437
0664800a,8,437
07214802,8,437
07800584,8,437
091484c0,8,437
09d08101,8,437
0c406a04,8,437
0e4c2010,8,437
1098b004,8,437
10c9c200,8,437
11148031,8,437
1b50000a,8,437
20211688,8,437
22884284,8,437
2c480049,8,437
2c824102,8,437
31426800,8,437
31a10408,8,437
34188044,8,437
34a08480,8,437
3c100248,8,437
01c16042,8,438
01ec4002,8,438
02680419,8,438
0342200b,8,438
03b80204,8,438
04c18241,8,438
0505c210,8,438
05120483,8,438
05209828,8,438
05800c0d,8,438
06843a00,8,438
069c000c,8,438
06c64001,8,438
08146288,8,438
091a0482,8,438
092a1022,8,438
0a2a2090,8,438
0a708021,8,438
0c096401,8,438
0c1cc020,8,438
1010a4c1,8,438
10b04481,8,438
10b0c480,8,438
1188200d,8,438
12442580,8,438
14692004,8,438
15014380,8,438
16a40005,8,438
16e02100,8,438
192a0808,8,438
19432800,8,438
1980500a,8,438
19805300,8,438
1a205140,8,438
20382d00,8,438
203a0888,8,438
21144490,8,438
21894082,8,438
22506180,8,438
240c21a0,8,438
248d1010,8,438
280a9208,8,438
3009040d,8,438
32710200,8,438
34100039,8,438
0044e085,8,439
00522285,8,439
00b01498,8,439
00c064a8,8,439
014c9084,8,439
0481208b,8,439
060e1088,8,439
062c0501,8,439
0a228418,8,439
0b424410,8,439
0d12a100,8,439
10512680,8,439
11135010,8,439
1140e202,8,439
12111c01,8,439
1461c800,8,439
14684006,8,439
14a01288,8,439
18864280,8,439
21480309,8,439
21490403,8,439
21e02088,8,439
224844c0,8,439
2404e410,8,439
249c0044,8,439
25810809,8,439
28295004,8,439
30584014,8,439
3c104300,8,439
008e4409,8,440
010ce101,8,440
02201685,8,440
02722180,8,440
03490089,8,440
04201869,8,440
04423092,8,440
05a80411,8,440
06626010,8,440
09ba0040,8,440
0a025403,8,440
0a906048,8,440
0e602500,8,440
14621202,8,440
15021091,8,440
15040621,8,440
17880108,8,440
18911408,8,440
198c1002,8,440
1a881402,8,440
20097003,8,440
20182650,8,440
2098001e,8,440
21246003,8,440
22143a00,8,440
25080a0c,8,440
28180483,8,440
2822d200,8,440
2d040c01,8,440
34928200,8,440
00f0100d,8,441
010a30c4,8,441
010a5203,8,441
01342610,8,441
0146600c,8,441
01942620,8,441
03048548,8,441
03199080,8,441
0401f180,8,441
0410ce40,8,441
041bc200,8,441
04223184,8,441
05802d80,8,441
05851410,8,441
05d28004,8,441
06840c82,8,441
06c22208,8,441
07804182,8,441
0998a004,8,441
0a446081,8,441
0a806604,8,441
0b024a80,8,441
0c490418,8,441
0c80580a,8,441
1404a884,8,441
14262401,8,441
1500c284,8,441
15802a08,8,441
18305030,8,441
1b084201,8,441
20087a04,8,441
2014a441,8,441
20195808,8,441
202c5280,8,441
21649004,8,441
21826c00,8,441
24506042,8,441
285820a0,8,441
28882580,8,441
29490a00,8,441
2c188084,8,441
30a80680,8,441
35900810,8,441
001a028b,8,442
005c4007,8,442
01182298,8,442
018162a0,8,442
02a1b080,8,442
03246101,8,442
0340ac20,8,442
03c84802,8,442
04060499,8,442
0408504d,8,442
04092690,8,442
0448c488,8,442
049048c4,8,442
04c42049,8,442
05284301,8,442
05834500,8,442
059410a0,8,442
0c426011,8,442
0d026101,8,442
0d990002,8,442
10b42440,8,442
11302205,8,442
11c48500,8,442
12182881,8,442
1680c140,8,442
170880c0,8,442
19980402,8,442
1d8a8000,8,442
200a7028,8,442
2094c048,8,442
20c02682,8,442
210a2504,8,442
21e01420,8,442
22a2a080,8,442
24006581,8,442
2404ac80,8,442
24212206,8,442
25078001,8,442
27c00804,8,442
281b0404,8,442
2e082108,8,442
2e440808,8,442
310c8044,8,442
32189020,8,442
34833000,8,442
39c14000,8,442
0008f448,8,443
000a7098,8,443
00788881,8,443
01341214,8,443
01a03424,8,443
02668440,8,443
03500e02,8,443
03802e40,8,443
03e04009,8,443
04213103,8,443
04893300,8,443
05096042,8,443
0548001d,8,443
06890c80,8,443
09ae1000,8,443
0c1c1440,8,443
0c302a80,8,443
0c542082,8,443
0cc64002,8,443
0e091088,8,443
10b04482,8,443
16a24080,8,443
20195028,8,443
202c3022,8,443
2100e604,8,443
22059440,8,443
22a8100a,8,443
24403092,8,443
25102015,8,443
25480c20,8,443
2580480c,8,443
28942408,8,443
29080883,8,443
298a4800,8,443
2ca42400,8,443
3040d408,8,443
304a20c0,8,443
30540c08,8,443
3401208a,8,443
34084218,8,443
35204140,8,443
39288001,8,443
01047025,8,444
01342c40,8,444
014064d0,8,444
01589090,8,444
0180d124,8,444
02142588,8,444
0230c40a,8,444
0254a0c0,8,444
03853080,8,444
04146444,8,444
04918203,8,444
04c430a0,8,444
051a0806,8,444
05880443,8,444
05a84110,8,444
060324c0,8,444
06308484,8,444
0664200c,8,444
07201890,8,444
07500902,8,444
0b700088,8,444
0c0b0481,8,444
0c514011,8,444
0ca01444,8,444
12a05210,8,444
12e05800,8,444
14c10019,8,444
16044a01,8,444
1a04a108,8,444
200c440e,8,444
20291680,8,444
20cca004,8,444
21b02101,8,444
220b1600,8,444
24122610,8,444
24212380,8,444
29205840,8,444
2a524800,8,444
301c0290,8,444
31c14004,8,444
36401028,8,444
38824108,8,444
00687801,8,445
01087308,8,445
0124110d,8,445
01a01740,8,445
01e1c200,8,445
0211ac08,8,445
03412888,8,445
04023285,8,445
040c2491,8,445
048d4102,8,445
049c8082,8,445
05101780,8,445
0550401a,8,445
07814804,8,445
09416210,8,445
0ac46100,8,445
0c143180,8,445
0c221380,8,445
0c3c8100,8,445
0d442410,8,445
10333200,8,445
1094c808,8,445
1140a2a0,8,445
1494002c,8,445
15104068,8,445
17022048,8,445
1ab01020,8,445
21042491,8,445
2128c082,8,445
22504e00,8,445
24281184,8,445
2818080d,8,445
2a2a1100,8,445
2c310202,8,445
2e680001,8,445
0010560d,8,446
00528449,8,446
0140628a,8,446
01425608,8,446
01a93008,8,446
04436005,8,446
045118c0,8,446
05094620,8,446
050c041c,8,446
05490310,8,446
05602901,8,446
0630410a,8,446
06b22200,8,446
0b205060,8,446
0c418c08,8,446
0c8222c0,8,446
0e13000a,8,446
0e902a00,8,446
0eb00a00,8,446
110c4203,8,446
1812900c,8,446
20087013,8,446
20583022,8,446
20e94400,8,446
21432202,8,446
22028c88,8,446
234a1200,8,446
240c420a,8,446
24182015,8,446
25030428,8,446
28ac2080,8,446
2a282802,8,446
2e8c0004,8,446
30c92400,8,446
310b2400,8,446
31106042,8,446
39094200,8,446
3a082404,8,446
01125818,8,447
01341150,8,447
01475200,8,447
01985110,8,447
02109c0c,8,447
02946104,8,447
04394028,8,447
04493006,8,447
04652808,8,447
04a24508,8,447
0540848c,8,447
0548c240,8,447
05822086,8,447
060a4680,8,447
0681c005,8,447
06a48081,8,447
07080415,8,447
09221803,8,447
0a388840,8,447
0aa29001,8,447
0b10a210,8,447
0b198200,8,447
0ea48002,8,447
0f008205,8,447
0f048041,8,447
0f80200a,8,447
1002c289,8,447
103810c8,8,447
12109083,8,447
14082189,8,447
15244030,8,447
1600a428,8,447
16100e04,8,447
171a0100,8,447
19802481,8,447
19848201,8,447
201d4081,8,447
2110808d,8,447
2210a301,8,447
23308802,8,447
2c450280,8,447
32120601,8,447
34902180,8,447
00496488,8,448
01107d00,8,448
01129211,8,448
01499600,8,448
01692210,8,448
0228108d,8,448
034228c0,8,448
0458a00a,8,448
04883640,8,448
0489e040,8,448
04e11060,8,448
04f60008,8,448
05222882,8,448
05580206,8,448
060d0508,8,448
06148520,8,448
062014d0,8,448
06340821,8,448
07041803,8,448
0720c102,8,448
092a20a0,8,448
0a904608,8,448
0c243024,8,448
0d2e0040,8,448
0e2c000a,8,448
0e740002,8,448
11479000,8,448
1264200a,8,448
13602006,8,448
14043504,8,448
14103301,8,448
14a23100,8,448
15005111,8,448
16224088,8,448
19203420,8,448
200e22c0,8,448
2211040b,8,448
2295a000,8,448
22c26004,8,448
23001690,8,448
2408304c,8,448
24505060,8,448
25118048,8,448
25211120,8,448
2611c040,8,448
300c2444,8,448
30482881,8,448
31182140,8,448
33441100,8,448
36019002,8,448
009a2288,8,449
010c7101,8,449
02886448,8,449
02a83102,8,449
0318a028,8,449
032a1006,8,449
03322240,8,449
03980450,8,449
04605070,8,449
04805628,8,449
04a61208,8,449
04b21110,8,449
05811211,8,449
05a01a08,8,449
082a5050,8,449
0af11000,8,449
0c272080,8,449
0c340608,8,449
0d40c00c,8,449
10163011,8,449
10d04428,8,449
110624a0,8,449
11482049,8,449
14104588,8,449
20817420,8,449
20b64001,8,449
20d94100,8,449
21604c08,8,449
21a62080,8,449
22086700,8,449
23085a00,8,449
24007128,8,449
244ac008,8,449
25a00540,8,449
27a10100,8,449
29280e00,8,449
2b480280,8,449
2e074000,8,449
000c7490,8,450
0052340c,8,450
00653082,8,450
010c6241,8,450
014c3041,8,450
01a56080,8,450
01e11500,8,450
02027580,8,450
02902780,8,450
03030289,8,450
032c9020,8,450
03a0e020,8,450
04182684,8,450
04446188,8,450
0484120b,8,450
0488d108,8,450
06051281,8,450
0612c011,8,450
06841604,8,450
071400a1,8,450
07180181,8,450
0a1244c0,8,450
0a407201,8,450
0c432401,8,450
0c8a5010,8,450
1148800d,8,450
11ac0202,8,450
12509404,8,450
13108520,8,450
138c000c,8,450
1400628a,8,450
1404a092,8,450
16011c02,8,450
16040059,8,450
16211840,8,450
1c101c10,8,450
1d0a4040,8,450
20502483,8,450
2088610c,8,450
20905610,8,450
20984242,8,450
22063404,8,450
2214a00c,8,450
24a94001,8,450
24cd0010,8,450
25084212,8,450
26032082,8,450
26601012,8,450
2cc90002,8,450
2d100812,8,450
314a4002,8,450
36101024,8,450
002a6409,8,451
0090e308,8,451
0111c441,8,451
0150a4a0,8,451
01782810,8,451
01886888,8,451
01926840,8,451
01a04681,8,451
01c11608,8,451
0300628c,8,451
0310044d,8,451
042c110c,8,451
04459480,8,451
046520c0,8,451
06105103,8,451
06211290,8,451
0630082c,8,451
068c3100,8,451
07140b00,8,451
07300148,8,451
09145802,8,451
09823240,8,451
09e92000,8,451
0a148881,8,451
0a3c0440,8,451
0c280509,8,451
0c9e0001,8,451
1004520b,8,451
1042d009,8,451
10503c08,8,451
108c5240,8,451
11b31000,8,451
120d6400,8,451
14252404,8,451
15322010,8,451
16484006,8,451
169a0001,8,451
17a10001,8,451
19088409,8,451
19209c00,8,451
1a065004,8,451
1a280488,8,451
220c1c02,8,451
22d04240,8,451
24180506,8,451
249d0020,8,451
25900a02,8,451
2c0230c0,8,451
2ca01202,8,451
3104900a,8,451
31980028,8,451
00826588,8,452
01b80540,8,452
02301c82,8,452
02701051,8,452
02b88101,8,452
030a2098,8,452
030bb000,8,452
03c03210,8,452
0402348a,8,452
0402428b,8,452
041860c1,8,452
0424a083,8,452
044d020c,8,452
04980189,8,452
05852880,8,452
06630402,8,452
06682048,8,452
068014c8,8,452
07108015,8,452
08486288,8,452
09424448,8,452
0a711800,8,452
0a80700a,8,452
0aa0500c,8,452
0b046408,8,452
0c2a6040,8,452
0cc2a200,8,452
0d0150c0,8,452
0d083104,8,452
0e0b0404,8,452
0ec04140,8,452
10383110,8,452
1124e040,8,452
114d8800,8,452
12241580,8,452
14144920,8,452
16580011,8,452
19461004,8,452
1a248408,8,452
2101b081,8,452
228060c2,8,452
23880460,8,452
23892001,8,452
23c04880,8,452
24e42001,8,452
25006a02,8,452
25412014,8,452
26282220,8,452
30145050,8,452
32b80020,8,452
34440428,8,452
35408500,8,452
381c0840,8,452
3a421008,8,452
000a9609,8,453
0038940a,8,453
01243124,8,453
01d94002,8,453
021c440a,8,453
02a43009,8,453
040c508c,8,453
0420f050,8,453
04223405,8,453
05098604,8,453
0680a888,8,453
078c1040,8,453
0b246004,8,453
0c910601,8,453
0d808089,8,453
0e80c088,8,453
0f204802,8,453
100c3205,8,453
10d16100,8,453
1252040a,8,453
12606009,8,453
12805206,8,453
14225a00,8,453
15019404,8,453
1d824004,8,453
20536008,8,453
221c4204,8,453
22a8c020,8,453
23948100,8,453
248a5080,8,453
24a8c004,8,453
25021203,8,453
2504a220,8,453
2510001d,8,453
2510c0c0,8,453
25448404,8,453
26402083,8,453
27082030,8,453
2b4c0200,8,453
2c0c8208,8,453
30115201,8,453
312a1002,8,453
34b10002,8,453
3b104020,8,453
0008720d,8,454
0030501d,8,454
00665408,8,454
01145098,8,454
01c46420,8,454
03925100,8,454
050944c0,8,454
05340124,8,454
05880a09,8,454
0641a011,8,454
06809406,8,454
06848680,8,454
0c161802,8,454
0c2c9020,8,454
0cc04c08,8,454
0d1210a0,8,454
0d242404,8,454
100c6098,8,454
106a5400,8,454
111c0023,8,454
12a96000,8,454
14160601,8,454
1508044c,8,454
16491002,8,454
164b0008,8,454
1e02c200,8,454
1e842100,8,454
21918401,8,454
24034c08,8,454
24055028,8,454
24370001,8,454
26921200,8,454
28189201,8,454
28a65000,8,454
2a308081,8,454
2a681040,8,454
2b01a400,8,454
2c034808,8,454
2e110088,8,454
30460089,8,454
31045021,8,454
32485008,8,454
33402006,8,454
0084c4c4,8,455
00905207,8,455
009a5201,8,455
00c560c0,8,455
010cf100,8,455
01185103,8,455
02a81406,8,455
03044681,8,455
03989010,8,455
03a12c00,8,455
041c1205,8,455
042c6180,8,455
0450e00a,8,455
05610444,8,455
0580c0a1,8,455
0581a003,8,455
05940411,8,455
06100c1a,8,455
0618a018,8,455
0618a041,8,455
06246500,8,455
062b4008,8,455
06302007,8,455
06940406,8,455
07021442,8,455
07035002,8,455
0710808c,8,455
07148240,8,455
090c3404,8,455
0a90c005,8,455
0b884044,8,455
0c0a6401,8,455
10142a88,8,455
10856500,8,455
11480c88,8,455
120af000,8,455
1272c000,8,455
14011628,8,455
1420b500,8,455
162404c0,8,455
20189019,8,455
201cd010,8,455
20723100,8,455
21601405,8,455
216a9000,8,455
241c8024,8,455
24205025,8,455
2441840c,8,455
2492100a,8,455
25809208,8,455
26142101,8,455
275000c0,8,455
2842a009,8,455
29528200,8,455
2b103040,8,455
2c90a001,8,455
32544040,8,455
3600a300,8,455
3ac42000,8,455
00327104,8,456
0090e2a0,8,456
00d050a1,8,456
00f84108,8,456
0102b00d,8,456
010c2449,8,456
01581c04,8,456
01825049,8,456
01a85208,8,456
0290a608,8,456
0308a380,8,456
04138281,8,456
04304099,8,456
0440b481,8,456
04846112,8,456
04c16021,8,456
05088605,8,456
050c9a00,8,456
05103031,8,456
052b1010,8,456
05606120,8,456
058c4014,8,456
05c04380,8,456
068c400a,8,456
0722a020,8,456
07c01012,8,456
08981608,8,456
098a2240,8,456
0a42a0a0,8,456
0cb0c004,8,456
0d424210,8,456
10542290,8,456
10b01601,8,456
10c484c0,8,456
11429201,8,456
14078280,8,456
14079080,8,456
14542102,8,456
14b80042,8,456
14d40044,8,456
15490041,8,456
16264080,8,456
16405108,8,456
19a41002,8,456
1c100249,8,456
2039a001,8,456
20583101,8,456
208470c0,8,456
21063090,8,456
21199200,8,456
22081c06,8,456
229e0002,8,456
24512804,8,456
24649010,8,456
249c0180,8,456
24c02282,8,456
25610082,8,456
28603208,8,456
29704200,8,456
2a340401,8,456
30405488,8,456
318404c0,8,456
3410c0c0,8,456
3a046800,8,456
0072300c,8,457
0090e421,8,457
00b0900b,8,457
0110aa88,8,457
0110f120,8,457
01305106,8,457
01341380,8,457
01361090,8,457
01486610,8,457
01f88004,8,457
02dac000,8,457
02e85010,8,457
04017214,8,457
04104c29,8,457
0418a288,8,457
0430908a,8,457
044cd080,8,457
0605c480,8,457
0708c041,8,457
088a5081,8,457
0a1a100a,8,457
0b005482,8,457
0b024490,8,457
0b12c040,8,457
0b903004,8,457
0ca41410,8,457
0d206090,8,457
0d700410,8,457
0e099008,8,457
0e100819,8,457
0e221300,8,457
13023090,8,457
130d1001,8,457
15222401,8,457
16203840,8,457
16244880,8,457
17810240,8,457
189c8080,8,457
20494209,8,457
21423220,8,457
22407420,8,457
25089048,8,457
26448808,8,457
2a30c004,8,457
2b205010,8,457
2c120828,8,457
2c60a008,8,457
34282204,8,457
001c8449,8,458
006a3402,8,458
00a0f009,8,458
00cc7800,8,458
0103a209,8,458
0148160c,8,458
01605282,8,458
01a80c09,8,458
02349044,8,458
0308b0a0,8,458
0398a040,8,458
04205119,8,458
044c2092,8,458
0468440c,8,458
0480444b,8,458
049e4020,8,458
04e05084,8,458
0501021b,8,458
05100c98,8,458
05184086,8,458
06106890,8,458
0611a410,8,458
06225044,8,458
08827404,8,458
09424a80,8,458
09481809,8,458
0a02900b,8,458
0a11a408,8,458
0c016288,8,458
0c1a5100,8,458
0c1c1005,8,458
0c8450c0,8,458
0d021241,8,458
0d0a008c,8,458
0e521200,8,458
100f0089,8,458
10482688,8,458
10c4600a,8,458
11463040,8,458
11885005,8,458
11a21500,8,458
11c15001,8,458
1204a019,8,458
12342102,8,458
14a420c0,8,458
15006301,8,458
16043021,8,458
17025100,8,458
17100a40,8,458
183210c0,8,458
1c10c003,8,458
201a3180,8,458
201c2803,8,458
2088b280,8,458
20923088,8,458
21092448,8,458
21145a00,8,458
214b2010,8,458
22924028,8,458
24491018,8,458
25840484,8,458
2610c810,8,458
280c4089,8,458
28824640,8,458
29194080,8,458
2a065008,8,458
2c089208,8,458
306c4002,8,458
340c02a0,8,458
341048c0,8,458
0038940c,8,459
003a3044,8,459
00785804,8,459
00c070a2,8,459
0119300c,8,459
011c3042,8,459
01383820,8,459
0154a240,8,459
0191d002,8,459
01c8a801,8,459
01e22408,8,459
02846282,8,459
03388202,8,459
03630401,8,459
03941081,8,459
0445a808,8,459
04701460,8,459
04984640,8,459
05142228,8,459
05182025,8,459
05700111,8,459
05c04181,8,459
060a2282,8,459
06152420,8,459
06a10448,8,459
09924021,8,459
0b412201,8,459
0d904202,8,459
0e005504,8,459
0e30800a,8,459
0ee00480,8,459
0f01020c,8,459
10393001,8,459
10530809,8,459
11144406,8,459
11920481,8,459
11d40104,8,459
1406a090,8,459
1418008d,8,459
141a1005,8,459
15811088,8,459
16281804,8,459
1e044048,8,459
201ca0c0,8,459
2048308a,8,459
20741011,8,459
210ea010,8,459
21662200,8,459
21d24020,8,459
24119880,8,459
242b2001,8,459
24844441,8,459
25801c01,8,459
26461008,8,459
268c0208,8,459
2c42000d,8,459
2d06c000,8,459
2d804108,8,459
300c20a1,8,459
30185a00,8,459
3090a401,8,459
3104c408,8,459
34410109,8,459
36190010,8,459
08868c48,9,459
00701069,8,460
0094e00c,8,460
01217500,8,460
0128d00c,8,460
013414a0,8,460
0140e282,8,460
014bb000,8,460
0151c440,8,460
01948049,8,460
02047406,8,460
02d0b080,8,460
03114601,8,460
040cd401,8,460
0431040d,8,460
04964804,8,460
04e01610,8,460
05100299,8,460
06009125,8,460
0600f804,8,460
0603800d,8,460
0608a00d,8,460
06423440,8,460
06858480,8,460
07484044,8,460
091c2204,8,460
093a0108,8,460
0a2a8088,8,460
0c502884,8,460
0f804202,8,460
11200c89,8,460
141c0602,8,460
16103012,8,460
19888440,8,460
1a04a440,8,460
1d922000,8,460
20b44101,8,460
2212a880,8,460
2220f010,8,460
24062484,8,460
24094640,8,460
243b0002,8,460
24a04109,8,460
25034480,8,460
25130880,8,460
25302024,8,460
2600b108,8,460
26411088,8,460
27003022,8,460
280a0a88,8,460
280c1209,8,460
29a03200,8,460
2a3c0200,8,460
2b400608,8,460
2e00a404,8,460
2e828008,8,460
3128400a,8,460
324c2040,8,460
34104814,8,460
36022404,8,460
38904c00,8,460
3c302200,8,460
00365808,8,461
00781103,8,461
00b83c00,8,461
0128d084,8,461
01827220,8,461
01906228,8,461
0212a881,8,461
02305884,8,461
02924c08,8,461
03348021,8,461
03903240,8,461
03a80c02,8,461
03a92200,8,461
0410260b,8,461
04131418,8,461
04223308,8,461
04342403,8,461
04456808,8,461
048e0209,8,461
04914188,8,461
04d11088,8,461
05018419,8,461
051c2102,8,461
05206e00,8,461
052c0406,8,461
0544a018,8,461
05482250,8,461
05b48080,8,461
06027090,8,461
07402188,8,461
08957000,8,461
09103203,8,461
09125101,8,461
0a00c449,8,461
0a287100,8,461
0a585800,8,461
0b106801,8,461
0b2c8001,8,461
0c2d4008,8,461
0d491010,8,461
0e189002,8,461
1022140b,8,461
105450a0,8,461
1054c480,8,461
120c6208,8,461
12229600,8,461
1300c405,8,461
13094480,8,461
134004c8,8,461
1400d640,8,461
140e2005,8,461
14291404,8,461
14500189,8,461
14780804,8,461
151110c0,8,461
15190404,8,461
16813008,8,461
1e22a000,8,461
20181e08,8,461
20e84440,8,461
21106424,8,461
21145101,8,461
21685800,8,461
2210a881,8,461
23410481,8,461
24102909,8,461
2443a001,8,461
25021083,8,461
26904084,8,461
27a08008,8,461
280c6006,8,461
2848200b,8,461
28b84800,8,461
291a0028,8,461
2a483200,8,461
2b218400,8,461
2d006003,8,461
2d409002,8,461
30a84600,8,461
33480802,8,461
34629000,8,461
00581289,8,462
0080728a,8,462
00b16480,8,462
0111500b,8,462
01185211,8,462
01945210,8,462
01b81204,8,462
01c230c0,8,462
01c5b000,8,462
0210f084,8,462
02283610,8,462
0264a081,8,462
02ac0409,8,462
02b56000,8,462
03925010,8,462
04122e08,8,462
04784a00,8,462
04818289,8,462
048cc081,8,462
04b82280,8,462
04e26400,8,462
050c1c01,8,462
05815018,8,462
05a004c8,8,462
05c14110,8,462
06087804,8,462
06a0100d,8,462
06c01481,8,462
09382500,8,462
0a30c003,8,462
0c022309,8,462
0c694400,8,462
0e208c08,8,462
0fa02040,8,462
100c5481,8,462
11d12080,8,462
11e0c040,8,462
14043092,8,462
14183180,8,462
14186180,8,462
141c004c,8,462
141e0802,8,462
14283802,8,462
14806290,8,462
1484008d,8,462
14909108,8,462
14ac000c,8,462
15202700,8,462
162a9000,8,462
17122020,8,462
19124401,8,462
19904044,8,462
1c10a480,8,462
1c384010,8,462
20607880,8,462
20ac2404,8,462
210a6410,8,462
21141083,8,462
2118180c,8,462
211a0c80,8,462
21482184,8,462
21524808,8,462
21581048,8,462
21c80281,8,462
22807042,8,462
22a82410,8,462
23e09000,8,462
25042403,8,462
25842240,8,462
2a108508,8,462
2b442800,8,462
300e2600,8,462
35004284,8,462
36082204,8,462
38286002,8,462
00ac6006,8,463
01021a89,8,463
01403294,8,463
01500c19,8,463
01c0ec00,8,463
02518601,8,463
0254a101,8,463
02b24003,8,463
03043007,8,463
030c2a80,8,463
03520508,8,463
03c46020,8,463
046460c0,8,463
04772000,8,463
0480c125,8,463
04ec1002,8,463
05126210,8,463
05400589,8,463
05418c80,8,463
05499002,8,463
05501308,8,463
05b14010,8,463
06018740,8,463
06456020,8,463
06816102,8,463
07004641,8,463
0705200c,8,463
07122005,8,463
07841204,8,463
08984109,8,463
09321102,8,463
0a426600,8,463
0b220700,8,463
0b807001,8,463
0d172000,8,463
0d234001,8,463
0d642002,8,463
0e018c08,8,463
0e046c00,8,463
0e110881,8,463
0e441600,8,463
101a3081,8,463
111c0025,8,463
1128e001,8,463
11844248,8,463
14350021,8,463
1440b088,8,463
148f0200,8,463
15604202,8,463
17404104,8,463
18b03040,8,463
19052208,8,463
1c042109,8,463
1c3a0800,8,463
200e2490,8,463
20386802,8,463
20a81640,8,463
20a85420,8,463
2112500a,8,463
21341048,8,463
21a84024,8,463
2252c400,8,463
23205104,8,463
240a6202,8,463
241a0812,8,463
24520888,8,463
281a0a80,8,463
281a3004,8,463
29883008,8,463
2a2ca000,8,463
2bc02080,8,463
2c026018,8,463
2d030401,8,463
2d480a00,8,463
2e800418,8,463
30160109,8,463
302c1006,8,463
30381082,8,463
310a1600,8,463
32007204,8,463
34131800,8,463
3448a004,8,463
36023002,8,463
36402081,8,463
37081100,8,463
00325488,8,464
01093481,8,464
010c5209,8,464
01193208,8,464
013050c2,8,464
014078c0,8,464
015dc000,8,464
01622c80,8,464
01b61008,8,464
02098449,8,464
0242a488,8,464
0290e00a,8,464
030034a1,8,464
030284d0,8,464
03c44500,8,464
04107380,8,464
0424d00a,8,464
045ca010,8,464
04a81601,8,464
04aa040a,8,464
0520a181,8,464
05241a01,8,464
0581120c,8,464
06046c04,8,464
061e4001,8,464
06847800,8,464
06cc4002,8,464
07014428,8,464
07160804,8,464
0830d808,8,464
08383500,8,464
08422a82,8,464
08a05242,8,464
0910d021,8,464
09121680,8,464
092a1041,8,464
098cc040,8,464
0a18e200,8,464
0b90040a,8,464
0c2c0089,8,464
0c586004,8,464
0cc04c40,8,464
0d088441,8,464
0d20240c,8,464
0d302900,8,464
0d809003,8,464
0d884044,8,464
0d982040,8,464
0e100e80,8,464
0e128404,8,464
0e532000,8,464
0f0cc000,8,464
0f12000a,8,464
1014b180,8,464
101ca401,8,464
10856081,8,464
10885484,8,464
11508608,8,464
121c0109,8,464
1340300c,8,464
13981800,8,464
142d0081,8,464
144c4011,8,464
14524804,8,464
14901418,8,464
15064880,8,464
15111090,8,464
1520020b,8,464
16904048,8,464
17009041,8,464
17108041,8,464
18524088,8,464
1d001680,8,464
20181485,8,464
2038008b,8,464
209a3002,8,464
210e1480,8,464
21304083,8,464
21880682,8,464
21905090,8,464
22107028,8,464
23001c48,8,464
232c2020,8,464
2416200c,8,464
2420d003,8,464
24445088,8,464
248c0604,8,464
24ac1100,8,464
24c44410,8,464
25894004,8,464
261a1010,8,464
28186401,8,464
281a3002,8,464
2c189002,8,464
2c584080,8,464
2d010e00,8,464
30701500,8,464
31908201,8,464
32048481,8,464
33802404,8,464
34826040,8,464
35004442,8,464
38407008,8,464
3d800440,8,464
00225249,8,465
003234a0,8,465
00b05206,8,465
01029289,8,465
010a7210,8,465
01301099,8,465
01381284,8,465
01701d00,8,465
01704803,8,465
019a5040,8,465
019c4104,8,465
01a07880,8,465
01c8b001,8,465
01d8400c,8,465
021ce004,8,465
025a2280,8,465
03103049,8,465
03534001,8,465
03c8a001,8,465
041c8608,8,465
04253042,8,465
0430c448,8,465
0448140d,8,465
04523018,8,465
04981888,8,465
04a0d210,8,465
04f82200,8,465
05082309,8,465
05086e00,8,465
050c4680,8,465
0518e020,8,465
05229240,8,465
05466001,8,465
054c0029,8,465
05522018,8,465
0561c100,8,465
057000a1,8,465
05844424,8,465
05a81204,8,465
06181a08,8,465
06388088,8,465
0680840b,8,465
06844502,8,465
0688a009,8,465
06a1100a,8,465
07501024,8,465
07a01018,8,465
07cc0002,8,465
08781801,8,465
09047009,8,465
09486804,8,465
09d0a080,8,465
0b201403,8,465
0b306002,8,465
0c982600,8,465
0c983080,8,465
0ca46400,8,465
0d421048,8,465
0f2d0000,8,465
1005700c,8,465
10e05240,8,465
11123801,8,465
1118d100,8,465
11293001,8,465
11301502,8,465
1150c00c,8,465
12168088,8,465
1300148c,8,465
13403801,8,465
14007640,8,465
14285300,8,465
14291300,8,465
14458210,8,465
14c50808,8,465
16016401,8,465
16189080,8,465
1650040c,8,465
1684a020,8,465
16991000,8,465
16c41100,8,465
1b488400,8,465
1c00f004,8,465
2050b600,8,465
20587800,8,465
205c3800,8,465
20903482,8,465
2111d400,8,465
2120b180,8,465
221d2002,8,465
2308020b,8,465
23082049,8,465
23248600,8,465
23584010,8,465
240d0602,8,465
24181441,8,465
24855100,8,465
24944022,8,465
24d04024,8,465
25225010,8,465
260c2090,8,465
270a0081,8,465
288a4600,8,465
288c4480,8,465
29281500,8,465
2c3a0200,8,465
2d005028,8,465
2e00e002,8,465
2f804200,8,465
3008408b,8,465
300c20a4,8,465
30183500,8,465
302c0083,8,465
302c0281,8,465
34032088,8,465
34086220,8,465
35044104,8,465
36250800,8,465
002872c0,8,466
00987204,8,466
00c26288,8,466
00d14209,8,466
01107301,8,466
01285181,8,466
012c3a00,8,466
01416282,8,466
0148b005,8,466
014cb002,8,466
0158a404,8,466
01592208,8,466
01945804,8,466
01d41011,8,466
021096c0,8,466
021a0c88,8,466
02317001,8,466
023ca080,8,466
03013209,8,466
03061488,8,466
0309a201,8,466
030a9404,8,466
03101889,8,466
03211c01,8,466
03257000,8,466
032c8009,8,466
03342005,8,466
03526800,8,466
03885410,8,466
03984808,8,466
0410c80b,8,466
04219680,8,466
043a9080,8,466
043c0109,8,466
04980e08,8,466
04c09409,8,466
04c4c480,8,466
05086205,8,466
050c0a09,8,466
05100e88,8,466
05186012,8,466
05186101,8,466
05188205,8,466
051c4021,8,466
0520101d,8,466
05244049,8,466
05262082,8,466
052d0401,8,466
05350880,8,466
05434220,8,466
0544208a,8,466
05501812,8,466
05520821,8,466
05601c20,8,466
05805029,8,466
0580a448,8,466
0581020b,8,466
05844109,8,466
0584c00c,8,466
058a0209,8,466
058c2204,8,466
05974000,8,466
05984201,8,466
0608dc00,8,466
06414604,8,466
06454401,8,466
06511210,8,466
06a0440c,8,466
06a23200,8,466
07308840,8,466
07432040,8,466
08127280,8,466
09686004,8,466
09989008,8,466
0a623040,8,466
0b265000,8,466
0b48c400,8,466
0c10d048,8,466
0c406089,8,466
0c50c408,8,466
0c514808,8,466
0c805640,8,466
0cc46008,8,466
0d034401,8,466
0d081888,8,466
0d144480,8,466
0d191004,8,466
0d220428,8,466
0d242088,8,466
0d454400,8,466
0d700840,8,466
0d804c08,8,466
0e211300,8,466
0e494400,8,466
0f120280,8,466
0f2c0800,8,466
10487600,8,466
1084e204,8,466
1084e300,8,466
10a55002,8,466
110ce800,8,466
111420a8,8,466
1136000a,8,466
1150c041,8,466
11968004,8,466
11a0e400,8,466
1200f280,8,466
13301014,8,466
134024a0,8,466
14514802,8,466
14521081,8,466
1490b002,8,466
149e0800,8,466
1510a804,8,466
15124028,8,466
15600c80,8,466
15848041,8,466
1610020b,8,466
16152010,8,466
16504820,8,466
17310080,8,466
18149208,8,466
192a0480,8,466
1b031400,8,466
1b066000,8,466
1c041c08,8,466
1c0a3080,8,466
1c440209,8,466
1c803009,8,466
1c8440c0,8,466
1d284080,8,466
200e0289,8,466
2032300c,8,466
20323410,8,466
20884486,8,466
208cf000,8,466
209c4201,8,466
20ac6002,8,466
210a6804,8,466
212b2400,8,466
21511081,8,466
21f08001,8,466
224ae000,8,466
22806c40,8,466
23300442,8,466
23804501,8,466
2400360c,8,466
2408a418,8,466
2418e100,8,466
241c1108,8,466
24225420,8,466
24245402,8,466
24290c08,8,466
24341280,8,466
24380680,8,466
24541018,8,466
245c0410,8,466
2488a402,8,466
24c06410,8,466
25106014,8,466
25282012,8,466
25384010,8,466
25680081,8,466
26024428,8,466
26108501,8,466
261c0048,8,466
2922d000,8,466
29446080,8,466
29503008,8,466
2a203480,8,466
2b090c00,8,466
2c005049,8,466
2c283001,8,466
2c906040,8,466
2d006090,8,466
2d328000,8,466
31084083,8,466
310c4012,8,466
31240608,8,466
31ac0040,8,466
320c3800,8,466
32180e00,8,466
34908402,8,466
36086010,8,466
36920008,8,466
36a50000,8,466
002a300d,8,467
00357008,8,467
00787020,8,467
0094f080,8,467
00966480,8,467
00d05083,8,467
00d4e001,8,467
00f06280,8,467
0112b440,8,467
01162209,8,467
011a7002,8,467
011c3081,8,467
011c5088,8,467
0120720a,8,467
01207409,8,467
01243209,8,467
01283504,8,467
012c3009,8,467
01301445,8,467
01303015,8,467
0130b041,8,467
01311409,8,467
0138a480,8,467
013c2408,8,467
01486881,8,467
014a3088,8,467
01502491,8,467
01517001,8,467
0151c801,8,467
01546480,8,467
01548281,8,467
01549041,8,467
0154a280,8,467
0154d008,8,467
01584601,8,467
015c0409,8,467
01647008,8,467
01649600,8,467
016e2080,8,467
017050c0,8,467
0170a480,8,467
01725200,8,467
01906188,8,467
01961009,8,467
01a83404,8,467
01c82284,8,467
01c8b400,8,467
01d02482,8,467
01d08481,8,467
01e03201,8,467
0200b4c1,8,467
0200e6c0,8,467
0216a009,8,467
0218a488,8,467
021a2481,8,467
02303610,8,467
0238c009,8,467
02548809,8,467
02582481,8,467
02987200,8,467
02a45402,8,467
02b05014,8,467
02d05480,8,467
02f06400,8,467
0301ac40,8,467
03043209,8,467
03083610,8,467
03088445,8,467
030a2580,8,467
0310f010,8,467
03113401,8,467
03122580,8,467
03126c00,8,467
03280429,8,467
03300588,8,467
03328009,8,467
033c1002,8,467
033cc000,8,467
03408cc0,8,467
0340a484,8,467
03423082,8,467
03530408,8,467
03548480,8,467
03583040,8,467
03682088,8,467
03701210,8,467
03845410,8,467
03907040,8,467
03980640,8,467
03a80601,8,467
03ca0480,8,467
03e82002,8,467
03e82080,8,467
04097280,8,467
040a8449,8,467
0414d003,8,467
0416f000,8,467
0418d808,8,467
041a5c00,8,467
041c8409,8,467
042ab080,8,467
04305844,8,467
04307104,8,467
04323048,8,467
0434400d,8,467
04382e00,8,467
04385500,8,467
043a5008,8,467
04518608,8,467
0454600c,8,467
04586808,8,467
04592801,8,467
04599001,8,467
045b1001,8,467
04623408,8,467
04663020,8,467
04681809,8,467
04709021,8,467
048c4484,8,467
049070a0,8,467
04964009,8,467
04985120,8,467
0498c401,8,467
0498e100,8,467
04a070a0,8,467
04a0d003,8,467
04a8c440,8,467
04b05011,8,467
04b10608,8,467
04f02480,8,467
0500a4c8,8,467
0500b680,8,467
05031089,8,467
05037200,8,467
05045089,8,467
05045601,8,467
05047401,8,467
0504b090,8,467
05087090,8,467
05104449,8,467
05114281,8,467
05121481,8,467
05145018,8,467
05147002,8,467
05156400,8,467
051a6200,8,467
0520b009,8,467
05211444,8,467
05215808,8,467
05216208,8,467
0524a401,8,467
05288409,8,467
052a6200,8,467
052c6002,8,467
0530a880,8,467
05319800,8,467
0532a080,8,467
05340c04,8,467
05381084,8,467
05385100,8,467
0538a004,8,467
05391800,8,467
0540b208,8,467
05413082,8,467
05442680,8,467
05443084,8,467
05443180,8,467
05446009,8,467
05492012,8,467
054a2210,8,467
054d2010,8,467
055020c1,8,467
05510610,8,467
05514210,8,467
05541220,8,467
05542820,8,467
05544600,8,467
0558c200,8,467
055c2002,8,467
055c2400,8,467
0578a000,8,467
05811604,8,467
05842409,8,467
05904842,8,467
059c1800,8,467
05a01520,8,467
05a07004,8,467
05a13008,8,467
05c01484,8,467
05c11202,8,467
05c52200,8,467
05d05020,8,467
05d80440,8,467
05e03010,8,467
05f01400,8,467
06007083,8,467
0601a281,8,467
06043409,8,467
0604e480,8,467
060684c0,8,467
06083405,8,467
0608e408,8,467
060c5402,8,467
0610ba00,8,467
06119201,8,467
06203488,8,467
06281109,8,467
06282409,8,467
06283401,8,467
06287080,8,467
06303042,8,467
06405608,8,467
0644b400,8,467
064ca008,8,467
0658c800,8,467
067a0400,8,467
068c6400,8,467
06905808,8,467
06907004,8,467
06981402,8,467
069cc000,8,467
06a06102,8,467
06a0c440,8,467
06b01005,8,467
07025402,8,467
07031440,8,467
0705a080,8,467
0709a001,8,467
07105401,8,467
07110209,8,467
07118440,8,467
07120640,8,467
07140411,8,467
07142500,8,467
07211202,8,467
0721c400,8,467
0741200a,8,467
07414220,8,467
07420089,8,467
07442202,8,467
07610240,8,467
07625000,8,467
07888420,8,467
07898400,8,467
07904024,8,467
07925000,8,467
0822160c,8,467
08261c08,8,467
08d22480,8,467
08e27000,8,467
09186600,8,467
09209c40,8,467
09343400,8,467
095a5000,8,467
09a0f000,8,467
09c07080,8,467
0a303c00,8,467
0a30500c,8,467
0a381401,8,467
0a505c00,8,467
0a528440,8,467
0a621408,8,467
0a98c400,8,467
0ab04404,8,467
0b081c01,8,467
0b083c00,8,467
0b122401,8,467
0b16a000,8,467
0b408c08,8,467
0bc04480,8,467
0be80400,8,467
0c03400b,8,467
0c305108,8,467
0c309801,8,467
0c3a4008,8,467
0c50b800,8,467
0cc26008,8,467
0cd04009,8,467
0d046088,8,467
0d101d00,8,467
0d224009,8,467
0d289004,8,467
0d522001,8,467
0d550001,8,467
0d609080,8,467
0d630400,8,467
0d700480,8,467
0d901402,8,467
0d903080,8,467
0dd04004,8,467
0e243200,8,467
0e301c00,8,467
0e405009,8,467
0e40e400,8,467
0e704400,8,467
0e834400,8,467
0e942400,8,467
0f030208,8,467
0f111004,8,467
0f20040c,8,467
0f800c01,8,467
101c9201,8,467
102c1049,8,467
1054c081,8,467
10705021,8,467
10847009,8,467
109c8009,8,467
10b25010,8,467
11022489,8,467
11045481,8,467
11045809,8,467
1110e401,8,467
11125005,8,467
11141a80,8,467
11143180,8,467
11144049,8,467
11150109,8,467
111d4004,8,467
11243210,8,467
11247040,8,467
11282409,8,467
112a1401,8,467
11300c09,8,467
1134040a,8,467
11346020,8,467
113c0220,8,467
113c4400,8,467
1150a201,8,467
11705020,8,467
11906c00,8,467
11923008,8,467
11948084,8,467
11c66000,8,467
11d05010,8,467
12047204,8,467
1204a481,8,467
12149401,8,467
12203604,8,467
12227400,8,467
122c9001,8,467
12746000,8,467
13101604,8,467
13107020,8,467
13107400,8,467
13121c00,8,467
13140c10,8,467
13188009,8,467
13285100,8,467
13302880,8,467
13320401,8,467
13407001,8,467
13484600,8,467
13511400,8,467
13700500,8,467
13804482,8,467
138c0600,8,467
138c0c00,8,467
1401f200,8,467
1404140d,8,467
14066408,8,467
1408a089,8,467
1408e009,8,467
14105043,8,467
14105844,8,467
1410600b,8,467
14107108,8,467
14127080,8,467
14151108,8,467
14182c08,8,467
141c1801,8,467
141d1008,8,467
141d2001,8,467
14205441,8,467
14207208,8,467
14243120,8,467
14246208,8,467
142cc001,8,467
14303082,8,467
14404609,8,467
14446208,8,467
144d1008,8,467
14503201,8,467
14518201,8,467
14536000,8,467
145d4000,8,467
14701030,8,467
14724008,8,467
14807410,8,467
14844488,8,467
14887100,8,467
14908409,8,467
14b81002,8,467
14c06088,8,467
1500540a,8,467
15007081,8,467
1500f100,8,467
15016300,8,467
15022089,8,467
1503d000,8,467
15048a01,8,467
15051208,8,467
15082809,8,467
15083028,8,467
15180c40,8,467
151c2008,8,467
15211480,8,467
1521e000,8,467
15244048,8,467
15285010,8,467
15300209,8,467
15320201,8,467
15328400,8,467
15340048,8,467
15406204,8,467
15428408,8,467
15640600,8,467
15809402,8,467
1580c101,8,467
15813080,8,467
15844a00,8,467
15881408,8,467
15887000,8,467
15940140,8,467
15cc0040,8,467
15cc0100,8,467
15e80008,8,467
16052808,8,467
16068408,8,467
160ca004,8,467
1620b004,8,467
1624000d,8,467
16380408,8,467
16842009,8,467
16884009,8,467
16902c00,8,467
16a25000,8,467
17002610,8,467
1700c208,8,467
1702000d,8,467
17051008,8,467
17140204,8,467
17164000,8,467
17300005,8,467
17304001,8,467
17481008,8,467
174c2000,8,467
17c24000,8,467
18309408,8,467
1890c009,8,467
19245800,8,467
19941080,8,467
1a281404,8,467
1b015400,8,467
1b105004,8,467
1c125002,8,467
1c311400,8,467
1c381200,8,467
1c401209,8,467
1c80d200,8,467
1c84e000,8,467
1d070200,8,467
1d0e0008,8,467
1d100209,8,467
1d2c0040,8,467
1d444004,8,467
1e051008,8,467
1e20b000,8,467
1e301002,8,467
1f009200,8,467
1f500800,8,467
201e200a,8,467
20866480,8,467
20906602,8,467
20b84500,8,467
20ba4400,8,467
21186180,8,467
21207201,8,467
21282288,8,467
212830a0,8,467
2134a008,8,467
21382808,8,467
21389400,8,467
214230c0,8,467
21443090,8,467
21486088,8,467
21509401,8,467
21541401,8,467
21548005,8,467
2154a400,8,467
21554001,8,467
21887004,8,467
21b8c000,8,467
22089c40,8,467
2212140c,8,467
223c0500,8,467
22846401,8,467
2288c600,8,467
22942408,8,467
22a01409,8,467
22c06c00,8,467
22c81408,8,467
23080648,8,467
23122410,8,467
23140481,8,467
23351000,8,467
23401488,8,467
23403202,8,467
23416200,8,467
235a0008,8,467
23806003,8,467
23a81004,8,467
24032209,8,467
24059009,8,467
240c5480,8,467
2410e201,8,467
2411500c,8,467
2412b008,8,467
2418f000,8,467
24193001,8,467
241a2c00,8,467
241c000d,8,467
241d2200,8,467
24221209,8,467
24283500,8,467
24301608,8,467
24315002,8,467
24519800,8,467
24695000,8,467
24780808,8,467
248044c8,8,467
24806484,8,467
2484c500,8,467
24894404,8,467
2490e100,8,467
2491c001,8,467
24920209,8,467
249a2080,8,467
24a15100,8,467
24c66000,8,467
25003406,8,467
2501040d,8,467
25026081,8,467
2504100d,8,467
2504b004,8,467
25089480,8,467
25093400,8,467
250c0508,8,467
25100688,8,467
25111003,8,467
25162800,8,467
25180a80,8,467
25194400,8,467
2520b010,8,467
25291002,8,467
25309200,8,467
25403088,8,467
25404089,8,467
25441801,8,467
25482220,8,467
25602404,8,467
25802c08,8,467
25841009,8,467
25880448,8,467
2590040c,8,467
25d81000,8,467
26016600,8,467
2608a00c,8,467
26103410,8,467
26108442,8,467
26112408,8,467
26113080,8,467
26114420,8,467
26142808,8,467
26147000,8,467
26310808,8,467
26380108,8,467
26810488,8,467
26994000,8,467
27002602,8,467
2700300a,8,467
27100806,8,467
27104808,8,467
2720200c,8,467
27500009,8,467
27520008,8,467
27710000,8,467
27883000,8,467
28905404,8,467
29303004,8,467
29501801,8,467
2a386000,8,467
2b005c00,8,467
2b008442,8,467
2b088c00,8,467
2c100889,8,467
2c131008,8,467
2c160808,8,467
2c4e2000,8,467
2c514008,8,467
2c590008,8,467
2d008409,8,467
2d410480,8,467
2e40d000,8,467
2f508000,8,467
300c008d,8,467
3010500d,8,467
3010e208,8,467
301ca040,8,467
30284488,8,467
303c1002,8,467
303e0001,8,467
30e45000,8,467
3110140a,8,467
31126200,8,467
31140481,8,467
3118a200,8,467
3124100a,8,467
31249400,8,467
31482180,8,467
31504009,8,467
31958000,8,467
321c0088,8,467
32201418,8,467
32301480,8,467
32806440,8,467
32815400,8,467
328d2000,8,467
32c06002,8,467
33046080,8,467
3304a004,8,467
33151000,8,467
33281004,8,467
34007028,8,467
34040229,8,467
34044029,8,467
34050488,8,467
3408200d,8,467
34087020,8,467
3408a440,8,467
34101409,8,467
34109108,8,467
34142084,8,467
34180019,8,467
341820c0,8,467
34191001,8,467
341a1004,8,467
341a3000,8,467
341c2020,8,467
34505040,8,467
34844220,8,467
34925000,8,467
34940208,8,467
34b01400,8,467
35002c08,8,467
35007008,8,467
3500c440,8,467
35049010,8,467
35053000,8,467
35054004,8,467
350d0080,8,467
35121400,8,467
35201005,8,467
35280c00,8,467
35304001,8,467
35500410,8,467
35540100,8,467
35600480,8,467
35601001,8,467
35806010,8,467
35848080,8,467
35880401,8,467
36007040,8,467
3600a480,8,467
36026080,8,467
36042808,8,467
36108408,8,467
36310002,8,467
36801009,8,467
36840c00,8,467
37044002,8,467
37280001,8,467
37402004,8,467
38140089,8,467
3c086002,8,467
3c101108,8,467
3d003400,8,467
3d013000,8,467
3d0c0004,8,467
3e020408,8,467
3e409000,8,467
