1,32
1,75
1,206
1,313
2,233
2,271
2,383
3,91
3,115
3,118
3,124
3,154
3,167
3,178
3,219
3,255
3,274
3,278
3,288
3,314
3,326
3,341
3,344
3,345
3,360
3,415
3,434
3,441
3,449
3,461
3,476
3,499
3,502
3,507
3,509
3,532
3,549
3,574
3,586
5,140
6,68
6,77
6,98
6,149
6,167
6,180
6,194
6,202
6,217
6,218
6,229
6,236
6,243
6,251
6,312
6,329
6,333
6,362
6,367
6,380
6,382
6,391
6,398
6,403
6,424
6,426
6,429
6,434
6,469
6,490
6,504
6,507
6,508
6,511
6,522
6,535
6,548
6,552
6,570
6,583
7,59
7,130
7,306
11,12
11,26
11,108
11,115
11,173
11,223
11,225
11,279
11,288
11,297
11,300
11,346
11,375
11,378
11,383
11,409
11,459
11,540
11,554
12,59
12,73
12,82
12,109
12,147
12,148
12,152
12,155
12,233
12,248
12,434
12,445
12,466
12,468
12,541
12,544
12,545
14,31
14,92
14,99
14,150
14,154
14,161
14,198
14,212
14,216
14,250
14,315
14,335
14,420
14,428
14,442
14,519
17,366
18,104
18,127
18,150
18,152
18,173
18,346
19,61
19,108
19,224
19,270
19,324
19,567
22,78
22,178
22,181
22,234
22,273
22,326
22,328
22,343
22,393
22,417
22,449
22,452
22,509
22,522
22,531
22,535
22,556
24,405
24,502
24,515
25,71
25,125
25,149
25,380
25,551
26,233
26,316
26,416
27,186
28,38
28,58
28,72
28,77
28,79
28,127
28,161
28,224
28,232
28,246
28,263
28,311
28,370
28,385
28,419
28,462
28,495
28,530
28,540
29,59
29,64
31,41
31,57
31,67
31,81
31,89
31,111
31,135
31,148
31,162
31,180
31,197
31,204
31,218
31,219
31,230
31,242
31,253
31,270
31,295
31,328
31,360
31,381
31,433
31,444
31,495
32,205
33,35
33,62
33,140
33,320
35,49
35,73
35,98
35,102
35,129
35,150
35,169
35,196
35,223
35,225
35,232
35,246
35,250
35,269
35,271
35,347
35,378
35,385
35,406
35,466
35,487
35,494
35,538
36,90
36,152
36,163
37,244
38,59
38,69
38,108
38,136
38,162
38,325
38,431
39,108
39,130
39,173
41,83
41,147
41,153
41,332
41,346
43,147
44,123
44,179
44,218
44,221
44,269
44,344
44,358
44,538
45,208
45,250
46,57
46,98
46,191
46,204
46,460
47,67
47,74
47,76
47,82
47,102
47,111
47,180
47,385
47,433
47,519
47,558
49,206
51,150
51,173
51,233
52,83
52,216
53,58
53,62
53,233
53,306
53,338
54,55
54,59
54,244
54,313
54,384
55,107
55,155
55,333
55,438
55,472
55,507
55,526
56,147
56,172
56,233
57,69
57,147
57,173
57,282
57,378
58,64
58,79
58,102
58,130
58,316
59,74
59,82
59,109
59,141
59,179
59,233
59,237
59,263
59,271
59,300
59,303
59,344
59,383
59,437
59,466
59,485
59,488
59,495
59,531
59,538
59,540
59,542
59,550
61,127
61,150
61,151
61,152
61,225
61,254
61,346
62,131
62,144
62,163
62,253
62,312
62,360
62,488
64,77
64,169
64,171
64,218
64,230
64,235
64,268
64,283
64,307
64,331
64,345
64,407
64,430
64,486
64,498
64,507
64,536
64,553
65,74
65,78
65,109
65,113
65,144
65,180
65,232
65,296
65,300
65,312
65,335
65,358
65,381
65,394
65,462
65,471
65,483
65,515
66,366
67,82
67,127
67,212
67,313
69,154
69,166
69,224
69,233
69,308
69,370
69,383
69,416
69,466
69,516
69,538
69,567
70,121
70,213
70,235
70,285
70,293
70,303
70,326
70,333
70,342
70,392
70,460
70,490
70,524
70,547
71,148
72,188
72,376
72,441
72,591
73,220
73,271
73,383
73,440
74,79
74,186
74,244
74,270
74,316
74,538
75,118
75,204
75,215
75,216
75,368
75,397
75,430
75,442
75,459
75,471
76,103
76,108
76,150
76,328
76,349
76,420
76,437
77,192
77,260
78,130
78,173
78,271
79,99
79,109
79,122
79,135
79,244
79,248
79,253
79,275
79,350
79,371
79,390
79,494
79,526
79,530
79,540
81,296
81,420
82,109
82,111
82,134
82,155
82,223
82,237
82,257
82,259
82,265
82,300
82,308
82,310
82,378
82,385
82,387
82,442
82,444
82,459
82,481
82,487
82,514
82,518
82,530
82,545
83,204
83,217
83,219
83,222
83,246
83,250
83,254
83,258
83,324
83,350
83,358
83,431
83,444
83,484
83,519
83,538
83,541
86,147
86,173
86,204
86,383
87,192
89,147
89,148
89,218
89,282
90,300
90,390
92,93
92,152
92,154
92,173
92,177
92,200
92,205
92,253
92,319
92,338
92,346
92,406
92,420
92,436
92,437
92,444
92,465
92,471
92,488
92,506
92,518
92,541
92,564
92,571
92,588
92,595
93,148
93,216
93,275
93,310
93,344
93,538
94,111
94,180
94,311
94,375
94,390
94,592
96,591
96,592
96,593
96,594
96,595
96,596
96,597
96,598
96,599
96,600
97,153
98,103
98,110
98,127
98,254
98,288
98,313
98,350
98,383
98,512
99,141
99,186
99,306
99,383
100,591
100,592
100,593
100,594
100,595
100,596
100,597
100,598
100,599
100,600
100,601
100,602
100,603
100,604
100,605
100,606
100,607
100,608
100,609
100,610
100,611
100,612
100,613
100,614
100,615
100,616
100,617
100,618
100,619
100,620
100,621
100,622
100,623
100,624
100,625
100,626
100,627
100,628
100,629
100,630
100,631
100,632
100,633
100,634
100,635
100,636
102,162
102,296
102,338
103,154
103,187
103,204
103,218
103,358
103,360
103,385
103,390
104,109
104,127
104,177
104,197
104,211
104,221
104,232
104,269
104,300
104,310
104,328
104,369
104,371
104,419
104,488
104,492
104,494
104,517
105,340
105,591
105,592
105,593
105,594
107,147
107,148
107,186
108,124
108,144
108,151
108,152
108,156
108,165
108,180
108,204
108,224
108,350
108,361
108,381
108,410
108,530
108,576
109,147
109,148
109,173
109,180
109,233
109,271
109,277
109,372
110,299
110,340
110,351
110,380
110,399
111,147
111,220
111,248
111,412
113,147
113,233
113,271
113,313
114,154
114,308
114,592
115,125
115,135
115,148
115,173
115,203
115,244
115,265
115,296
115,308
115,381
115,383
115,384
115,385
115,406
115,420
115,462
115,519
115,538
116,237
116,242
116,275
116,325
116,338
116,406
116,420
117,256
118,148
118,160
119,147
121,128
121,147
121,148
121,192
121,208
121,294
121,383
122,150
122,211
122,242
122,324
123,218
124,212
125,271
125,288
125,338
125,455
127,164
127,198
127,233
127,269
127,271
127,272
127,297
127,324
127,444
127,538
128,230
128,343
128,351
128,392
128,450
128,469
128,526
129,159
129,288
129,316
130,174
130,196
130,230
130,234
130,237
130,241
130,246
130,248
130,281
130,299
130,333
130,340
130,341
130,395
130,398
130,421
130,441
130,456
130,460
130,463
130,473
130,475
130,489
130,492
130,509
130,513
130,514
130,515
130,523
130,524
130,532
131,173
131,206
131,366
131,383
133,282
134,164
135,147
135,222
135,230
135,258
135,297
135,383
135,538
136,148
136,152
136,216
136,308
136,372
136,530
136,540
137,440
138,206
138,308
139,260
139,294
140,232
140,505
140,584
141,164
141,180
141,248
141,254
141,592
144,180
144,217
144,224
144,442
147,171
147,180
147,200
147,214
147,226
147,237
147,249
147,251
147,267
147,269
147,273
147,294
147,301
147,319
147,343
147,389
147,397
147,402
147,425
147,426
147,436
147,444
147,455
147,471
147,499
147,502
147,514
147,546
147,554
147,565
147,568
147,569
147,570
147,571
147,581
147,584
147,590
147,592
147,593
147,594
147,595
148,161
148,165
148,178
148,179
148,188
148,203
148,214
148,242
148,243
148,245
148,257
148,259
148,267
148,279
148,293
148,297
148,304
148,312
148,318
148,330
148,337
148,358
148,363
148,369
148,379
148,391
148,395
148,404
148,406
148,407
148,408
148,411
148,415
148,427
148,433
148,471
148,473
148,477
148,508
148,509
148,514
148,518
148,525
148,537
148,541
148,544
148,546
148,547
148,552
148,556
148,558
148,570
148,571
148,575
148,581
148,591
150,155
150,165
150,173
150,248
150,271
150,306
150,310
150,324
150,338
150,385
150,437
150,495
150,540
152,153
152,173
152,216
152,270
152,275
152,288
152,306
152,324
152,512
153,165
153,230
153,241
153,300
153,508
153,591
154,248
154,271
154,520
155,163
155,179
155,206
155,260
155,271
155,296
155,313
155,381
155,383
155,385
155,395
155,409
155,431
155,444
156,173
156,383
156,420
157,366
158,201
158,526
159,208
159,233
160,311
160,370
161,224
161,250
161,265
161,288
162,204
162,338
162,344
163,179
163,203
163,242
163,409
163,420
163,462
163,538
164,180
164,250
165,233
165,297
166,171
166,234
166,251
166,253
166,259
166,337
166,383
166,444
166,483
166,518
166,538
166,550
167,192
169,179
169,271
169,320
169,378
169,420
169,433
171,294
171,512
172,179
172,181
172,205
172,233
172,514
172,538
173,178
173,195
173,242
173,245
173,257
173,261
173,262
173,269
173,277
173,293
173,297
173,302
173,304
173,311
173,312
173,324
173,335
173,360
173,381
173,383
173,387
173,407
173,444
173,448
173,460
173,462
173,471
173,483
173,487
173,489
173,491
173,495
173,513
173,514
173,537
173,541
173,545
173,564
173,594
174,192
175,230
175,288
178,183
178,366
178,520
179,180
179,219
179,242
179,306
179,324
179,325
179,328
179,332
179,347
179,369
179,381
179,383
179,419
179,465
179,512
179,519
179,538
180,185
180,218
180,222
180,233
180,275
180,296
180,330
180,332
180,335
180,347
180,358
180,409
180,412
180,444
180,448
180,512
180,542
180,554
181,183
182,192
183,218
183,441
183,513
183,592
184,233
185,233
186,221
186,259
186,266
186,289
186,297
186,301
186,310
186,327
186,329
186,342
186,347
186,360
186,377
186,380
186,388
186,406
186,423
186,433
186,441
186,442
186,461
186,464
186,507
186,533
186,563
186,581
186,592
186,593
186,594
186,595
186,599
186,600
186,606
186,611
186,612
186,614
186,615
186,616
187,313
188,270
188,306
188,381
188,540
189,205
189,338
189,383
192,198
192,199
192,288
192,336
192,356
192,357
192,364
192,365
192,393
192,396
192,398
192,401
192,402
192,429
192,435
192,436
192,500
192,511
192,522
192,580
192,591
192,592
192,593
192,594
192,595
192,596
192,597
192,598
192,599
192,600
192,602
192,603
192,604
192,605
192,606
192,607
192,608
192,609
192,610
192,611
192,612
195,308
195,488
196,313
196,383
196,420
197,294
198,244
200,230
200,338
200,385
201,212
201,316
202,260
202,270
202,313
203,218
203,223
203,230
203,232
203,271
203,288
203,383
203,420
203,538
204,232
204,234
204,238
204,275
204,296
204,316
204,325
204,332
204,378
204,544
205,248
205,253
205,338
205,445
205,466
205,484
206,234
206,303
206,305
206,333
206,342
206,392
206,405
206,467
206,539
206,590
206,592
206,593
206,594
206,595
206,599
208,245
208,405
208,436
208,473
208,476
208,515
208,543
208,568
210,591
210,592
210,593
210,594
210,595
210,596
210,597
210,598
210,599
210,600
210,601
210,602
210,603
210,604
210,605
210,606
210,607
210,608
210,609
210,610
210,611
210,612
210,613
210,614
210,615
210,616
210,617
210,618
210,619
210,620
210,621
210,622
210,623
210,624
210,625
211,313
211,337
211,462
212,275
212,347
212,420
212,442
212,592
213,294
216,231
216,232
216,300
216,320
216,344
216,350
216,468
216,519
216,550
216,567
217,233
218,233
218,238
218,254
218,271
218,274
218,310
218,332
218,335
218,338
218,344
218,361
218,383
218,516
218,567
219,296
219,409
219,459
219,512
220,302
220,303
220,326
220,380
220,434
220,517
220,566
220,592
220,593
220,594
220,595
220,602
220,606
220,608
220,612
220,616
220,617
220,618
220,619
220,620
220,621
220,622
220,625
220,626
220,628
220,630
222,242
222,265
222,294
222,381
222,564
223,530
224,280
224,316
224,324
224,434
224,540
227,306
227,383
228,372
229,260
230,383
230,384
230,406
230,416
231,248
231,550
232,244
232,282
232,313
232,332
232,428
233,275
233,277
233,318
233,330
233,375
233,422
233,445
233,446
233,448
233,495
233,516
233,592
233,595
237,366
238,270
238,550
242,271
242,308
242,313
242,337
242,383
242,385
242,420
242,550
243,260
244,296
244,496
244,592
244,594
244,595
245,265
246,282
247,313
248,263
248,315
248,370
248,381
248,387
248,409
248,410
248,411
248,481
248,487
248,538
248,540
248,550
248,567
248,612
248,622
249,372
250,280
250,626
253,383
254,344
254,383
254,444
254,462
254,538
255,256
256,326
256,351
256,380
256,591
256,592
256,593
256,594
256,595
256,596
256,597
256,599
256,600
256,602
256,606
256,610
256,611
256,612
256,614
256,616
256,618
256,619
256,620
256,621
256,623
256,624
256,625
256,626
256,629
256,630
256,631
256,632
256,636
257,260
257,383
259,313
259,332
260,307
260,351
260,354
260,376
260,382
260,399
260,404
260,413
260,435
260,469
260,508
260,582
260,591
260,592
260,593
260,594
260,595
260,596
260,597
260,598
260,599
260,600
260,601
260,602
260,603
260,604
260,605
260,606
260,607
260,608
260,609
260,610
260,611
260,612
260,613
260,614
260,615
260,616
260,617
260,618
260,619
260,620
260,621
260,622
260,623
260,624
261,346
265,288
265,296
265,338
265,408
265,431
265,545
265,592
265,595
265,619
265,625
268,294
269,420
269,512
270,371
270,404
270,454
270,558
270,592
271,277
271,325
271,327
271,332
271,338
271,358
271,361
271,383
271,385
271,390
271,431
271,443
271,449
271,466
271,495
271,519
271,526
271,550
271,557
271,612
271,616
271,619
271,626
272,294
272,308
272,313
272,384
272,385
274,442
275,306
275,338
275,512
275,540
275,564
277,541
279,520
280,306
280,313
282,592
282,594
282,612
282,617
282,619
282,620
282,622
282,624
282,626
282,632
288,313
288,322
288,332
288,346
288,361
288,368
288,434
288,437
288,462
288,485
288,519
288,530
288,542
288,550
288,595
294,321
294,353
294,367
294,425
294,467
294,473
294,486
294,500
294,503
294,517
294,526
294,535
294,547
294,591
294,592
294,593
294,594
294,595
294,596
294,597
294,599
294,602
294,603
294,604
294,606
294,608
294,611
294,612
294,614
294,615
294,616
294,617
294,618
294,619
294,620
294,621
294,622
294,623
294,625
294,626
294,628
294,629
294,630
294,631
294,632
294,636
296,301
296,325
296,332
296,359
296,409
296,459
296,489
296,540
296,595
300,306
301,315
301,444
302,384
304,306
304,324
304,366
306,311
306,348
306,404
306,437
306,468
306,526
306,541
306,543
306,546
306,591
306,592
306,595
306,596
306,597
306,604
306,619
306,620
306,622
306,623
306,626
306,628
306,632
306,635
307,416
308,383
308,512
308,594
310,444
311,313
312,383
313,324
313,326
313,330
313,335
313,350
313,358
313,369
313,381
313,404
313,409
313,411
313,484
313,485
313,487
313,494
313,498
313,545
313,548
313,592
313,594
313,599
313,611
313,612
313,616
313,618
313,619
314,338
315,324
315,338
315,344
315,484
315,516
315,519
315,594
315,619
315,620
316,368
316,411
316,516
316,523
316,552
316,554
316,592
316,612
316,616
316,619
318,372
318,416
319,338
320,411
320,443
320,455
320,546
320,568
320,592
320,595
320,606
320,612
320,617
320,618
320,619
320,620
320,624
320,625
320,626
320,629
320,630
320,632
324,344
324,416
325,344
325,383
325,444
325,466
325,538
325,612
328,358
328,440
330,338
332,337
332,369
332,478
332,593
332,595
332,612
332,616
332,619
332,622
332,624
332,630
332,632
335,338
335,383
335,538
335,550
337,383
337,538
338,347
338,359
338,368
338,397
338,444
338,455
338,481
338,488
338,537
338,592
338,595
338,616
338,628
338,636
344,349
344,359
344,420
344,448
346,387
346,434
346,495
346,538
346,595
346,612
346,626
347,540
349,372
349,519
350,383
350,602
350,616
358,378
358,420
358,484
358,538
358,540
361,383
361,420
361,538
366,473
366,591
366,592
366,593
366,594
366,595
366,600
366,606
366,612
366,616
366,617
366,618
366,619
366,620
366,625
366,626
366,629
366,630
366,632
369,383
369,409
370,495
370,595
370,622
371,381
371,385
372,443
372,488
372,543
372,544
372,592
372,595
372,612
372,618
372,619
372,624
372,626
372,630
372,636
375,545
378,383
381,519
381,538
381,550
381,592
381,594
381,619
383,393
383,406
383,431
383,437
383,444
383,459
383,462
383,467
383,468
383,471
383,484
383,487
383,495
383,509
383,514
383,538
383,542
383,543
383,564
383,573
383,592
383,594
383,616
383,617
383,619
383,623
384,591
384,592
384,593
384,595
384,596
384,597
384,600
384,606
384,612
384,616
384,617
384,619
384,620
384,621
384,622
384,623
384,624
384,625
384,626
384,630
384,636
385,445
385,540
389,520
395,538
396,462
400,520
403,520
406,420
406,538
408,520
409,419
409,516
409,538
409,541
409,567
409,602
409,616
410,626
412,626
416,488
416,517
416,541
416,592
416,594
416,595
416,603
416,606
416,612
416,614
416,615
416,616
416,617
416,619
416,629
416,630
416,632
420,431
420,433
420,450
420,476
420,478
420,508
420,544
420,592
420,595
420,602
420,616
420,619
422,554
422,592
427,437
431,444
431,462
432,516
433,512
433,576
433,626
440,594
440,595
440,616
440,619
440,630
443,462
443,538
444,459
444,538
444,564
444,612
444,626
445,540
445,626
448,550
459,538
462,594
466,496
466,592
484,544
488,573
496,520
502,520
506,626
508,538
512,592
512,595
512,619
512,626
512,632
515,520
516,538
517,520
518,538
519,538
519,539
519,612
520,543
520,545
520,546
520,591
520,592
520,593
520,594
520,595
520,600
520,604
520,605
520,606
520,608
520,612
520,614
520,615
520,616
520,617
520,618
520,619
520,622
520,626
520,629
520,630
530,619
530,625
538,543
538,550
538,558
538,567
538,619
538,622
538,623
538,626
542,558
542,626
567,612
567,630
588,620
592,612
