220,650
220,654
256,645
256,646
256,647
256,648
256,649
256,650
256,653
256,654
256,655
256,656
256,657
256,658
256,659
256,660
256,661
256,662
256,663
282,650
288,648
288,650
294,645
294,646
294,647
294,648
294,649
294,650
294,651
294,652
294,653
294,654
294,655
294,657
294,659
308,650
316,650
332,650
332,654
335,650
366,647
366,648
366,650
366,652
366,654
366,656
370,650
370,660
372,647
372,650
372,653
372,660
381,650
383,647
383,650
383,654
384,647
384,648
384,650
384,653
384,660
390,654
409,650
410,650
412,654
416,650
416,654
416,656
420,646
422,650
440,650
440,653
440,654
512,648
512,650
516,650
519,650
520,646
520,647
520,648
520,652
520,653
520,654
520,659
520,660
530,650
538,650
588,654
594,654
616,650
