q,r,body_hex,hits,first_mask_hex,second_mask_hex
96,590,045c6401,2,1ba21000,39201280
96,590,35624400,2,0200813f,08982089
100,590,07485408,2,1094a801,38112a80
100,590,150ad400,1,08412a89,
100,590,34306401,2,014c9084,0b421208
105,590,0019f401,2,19420288,1d260020
105,590,04187409,2,29070a80,32850206
105,590,04187601,2,1284812c,19628008
105,590,041a7401,2,1284812c,32850206
105,590,05107409,2,284a0892,32850206
105,590,05107484,2,28438809,28490a09
105,590,05306488,2,12cc9000,32850206
105,590,05306608,2,12cc9000,284a0892
105,590,0c187401,2,1284812c,32850206
105,590,0c983401,2,1104c086,2144c124
105,590,0d18b002,2,00c045d4,20c44540
105,590,0d18b004,2,12c14242,20c44540
105,590,0d98b000,1,1204003f,
105,590,152ae000,2,02501483,02541409
105,590,2d90b000,2,100f0089,1204003f
210,590,0019f401,0,,
210,590,0019f408,1,15600085,
210,590,001d7408,2,03208321,15600085
210,590,011d7400,2,2e828008,32a0800a
210,590,01999088,1,38662000,
210,590,03991088,1,38662000,
210,590,03993008,2,1420c4c0,14248083
210,590,04183249,1,13804482,
210,590,04183348,2,13804482,32048481
210,590,04183609,1,11e0c040,
210,590,0418360c,2,0184c121,11e0c040
210,590,04183628,1,11e0c040,
210,590,04183708,1,11e0c040,
210,590,04187248,2,19048125,32048481
210,590,04187409,1,29070a80,
210,590,04187481,2,1284812c,32a0800a
210,590,04187608,1,19048125,
210,590,0418b083,2,11c24240,31240608
210,590,0418b089,2,11c24240,12c14242
210,590,0418b0c1,1,31240608,
210,590,0418b0c8,2,23804501,31250201
210,590,0418b241,2,13804482,2842488c
210,590,0418b248,2,13804482,23804501
210,590,0418b281,0,,
210,590,0418b288,1,23804501,
210,590,0418b308,2,13804482,318404c0
210,590,0418b481,2,11c24240,12c14242
210,590,0418b601,1,2842488c,
210,590,0418b602,2,08834149,2842488c
210,590,0418b604,1,08834149,
210,590,0418b608,0,,
210,590,0418b610,2,08834149,2842488c
210,590,0418bc01,2,11c24240,12c14242
210,590,0418d288,2,18672040,38662000
210,590,0418f081,1,31240608,
210,590,0418f088,1,31250201,
210,590,0418f201,2,134004c8,318404c0
210,590,0418f208,1,318404c0,
210,590,0418f600,2,1204003f,1806001f
210,590,04193428,2,11c24240,11e0c040
210,590,04193508,2,11c24240,11e0c040
210,590,04197408,2,03208321,19048125
210,590,0419b081,2,11c24240,31240608
210,590,0419b088,2,11c24240,23804501
210,590,0419b401,2,11c24240,2842488c
210,590,0419b402,2,11c24240,2842488c
210,590,0419b404,1,11c24240,
210,590,0419b408,1,11c24240,
210,590,0419b410,2,11c24240,2842488c
210,590,0419d088,1,38662000,
210,590,0419f008,2,08a206c1,318404c0
210,590,0419f400,2,1204003f,1806001f
210,590,041a9601,2,32c06002,33046080
210,590,041a9602,2,11642081,33046080
210,590,041a9680,2,1204003f,32c06002
210,590,041ab081,2,12c14242,31240608
210,590,041ab280,2,1204003f,23804501
210,590,041ab401,1,12c14242,
210,590,041ab600,1,1204003f,
210,590,041ad208,2,11642081,318404c0
210,590,041ad280,2,1204003f,23602408
210,590,041ad401,2,10452216,19052208
210,590,041ad600,2,11642081,1204003f
210,590,041b9401,2,32c06002,33046080
210,590,041b9402,2,11642081,33046080
210,590,041b9480,2,1204003f,32c06002
210,590,041bb400,1,1204003f,
210,590,041bd008,2,11642081,318404c0
210,590,041bd400,2,11642081,1204003f
210,590,041c3608,2,11e0c040,2080c127
210,590,041c50c8,2,03208321,28632200
210,590,041c5248,2,0340a484,22a2a080
210,590,041c5481,2,28632200,32a0800a
210,590,041c5488,2,03208321,28632200
210,590,041c5601,2,22a2a080,32a0800a
210,590,041c5602,2,22a2a080,28438809
210,590,041c5608,1,22a2a080,
210,590,041c5680,2,28438809,32a0800a
210,590,041c7048,1,03208321,
210,590,041c7401,2,0a430a88,32a0800a
210,590,041c7408,1,03208321,
210,590,041c7600,2,28438809,32a0800a
210,590,041c9601,2,2842488c,32c06002
210,590,041c9602,2,08834149,2842488c
210,590,041c9604,2,08834149,32c06002
210,590,041c9608,1,32c06002,
210,590,041c9680,2,08834149,32c06002
210,590,041cb081,2,11c24240,12c14242
210,590,041cb408,2,11c24240,12c14242
210,590,041cb600,2,08834149,2842488c
210,590,041cd088,2,00e12642,28632200
210,590,041cd201,2,134004c8,23602408
210,590,041cd208,0,,
210,590,041cd280,2,02630409,23602408
210,590,041cd600,1,0802209f,
210,590,041cf001,2,0a430a88,134004c8
210,590,041cf008,1,08a206c1,
210,590,041cf080,2,02630409,23410209
210,590,041cf400,2,0a430a88,23410209
210,590,041d7400,2,03208321,32a0800a
210,590,041db080,2,11c24240,23804501
210,590,041db400,2,11c24240,2842488c
210,590,041dd008,2,08422a82,08a206c1
210,590,041dd080,2,2002221f,23602408
210,590,041e5600,1,32a0800a,
210,590,041e9600,1,32c06002,
210,590,041eb400,2,12c14242,23410209
210,590,041ed008,1,00e12642,
210,590,041ed400,2,08412a89,23410209
210,590,041f9400,1,32c06002,
210,590,0428d488,2,10452216,3ad10800
210,590,0428d608,2,23d00880,3ad10800
210,590,042ed080,2,23410209,3ad10800
210,590,04384681,2,1284812c,3304a004
210,590,04384684,2,1b021009,28438809
210,590,04384688,2,19048125,3304a004
210,590,04385604,2,2244a088,28438809
210,590,04385608,2,19048125,3304a004
210,590,04386409,1,29070a80,
210,590,04386481,1,1284812c,
210,590,04386601,1,1284812c,
210,590,04386608,2,19048125,23801083
210,590,04386c01,1,1284812c,
210,590,0438b081,2,11c24240,12c14242
210,590,0438c08a,2,1b031400,32c01c00
210,590,0438c288,2,1b031400,32c01c00
210,590,0438c488,2,10452216,23403202
210,590,0438c601,2,03423082,21443090
210,590,0438c602,2,1b021009,21443090
210,590,0438d081,2,10452216,19052208
210,590,0438d082,2,19052208,23410209
210,590,0438d084,2,19052208,23410209
210,590,0438d088,1,10452216,
210,590,0438d090,2,19052208,23410209
210,590,0438d208,1,318404c0,
210,590,0438d280,2,1204003f,1806001f
210,590,0438e088,2,1b031400,32c01c00
210,590,04396401,2,1284812c,18068a88
210,590,0439c088,2,23403202,32c01c00
210,590,0439d008,2,08422a82,318404c0
210,590,043a6401,1,1284812c,
210,590,043c4481,1,23403202,
210,590,043c4680,2,1b021009,28438809
210,590,043c5600,2,0802209f,28438809
210,590,043c6401,1,0a430a88,
210,590,043cd080,2,2002221f,23410209
210,590,04583409,2,2084c324,29070a80
210,590,04583428,2,29070a80,31250201
210,590,04583508,2,29070a80,31250201
210,590,04589089,1,32806440,
210,590,045890c1,2,19052208,31240608
210,590,045890c8,2,23804501,31250201
210,590,04589188,2,31250201,32806440
210,590,04589281,1,32806440,
210,590,04589288,2,23804501,32806440
210,590,04589481,1,19052208,
210,590,04589488,1,31250201,
210,590,04589601,2,1a262080,33046080
210,590,04589608,2,1a262080,33046080
210,590,0458b081,1,31240608,
210,590,0458b088,2,23804501,31250201
210,590,0458b201,2,13804482,318404c0
210,590,0458b401,2,28070a88,29070a80
210,590,0458b408,2,29070a80,31250201
210,590,0458d081,2,19052208,31240608
210,590,0458d088,1,31250201,
210,590,0458d208,2,1a262080,318404c0
210,590,0458d280,2,1204003f,1806001f
210,590,04599081,2,31240608,32806440
210,590,04599088,2,23804501,32806440
210,590,0459b400,2,1204003f,1806001f
210,590,045a9401,2,19052208,33046080
210,590,045a9408,2,31250201,33046080
210,590,045a9600,2,1204003f,33046080
210,590,045ab400,2,1204003f,31250201
210,590,045ad008,2,31250201,318404c0
210,590,045b9400,2,1204003f,33046080
210,590,045c1488,2,03208321,2080c127
210,590,045c1580,2,2002221f,32a0800a
210,590,045c1608,2,2080c127,22a2a080
210,590,045c3408,2,03208321,2080c127
210,590,045c3500,1,32a0800a,
210,590,045c7400,2,03208321,32a0800a
210,590,045c9081,1,32806440,
210,590,045c9088,2,23804501,32806440
210,590,045c90c0,2,2002221f,23804501
210,590,045c9180,2,2002221f,32806440
210,590,045c9201,2,13804482,32806440
210,590,045c9401,2,08222a88,088262c4
210,590,045c9404,2,08222a88,08834149
210,590,045c9408,1,088262c4,
210,590,045c9480,2,08834149,2002221f
210,590,045c9600,2,0802209f,08834149
210,590,045cb001,2,03214680,13804482
210,590,045cb080,2,08834149,23804501
210,590,045cb400,1,08834149,
210,590,045cd001,2,00a0268a,08222a88
210,590,045cd008,1,08a206c1,
210,590,045cd080,1,2002221f,
210,590,045cf000,2,08a206c1,11200c89
210,590,045e1500,2,2120a282,32a0800a
210,590,045e9080,2,23804501,32806440
210,590,045e9400,0,,
210,590,045ed000,2,00a0268a,11200c89
210,590,04782428,2,23801083,29070a80
210,590,04782508,2,23801083,29070a80
210,590,04784488,2,19048125,3304a004
210,590,04789081,2,19052208,32806440
210,590,04789088,2,23804501,32806440
210,590,0478a408,2,23801083,29070a80
210,590,0478c088,1,1b031400,
210,590,0478c408,2,23801083,29070a80
210,590,047c4401,1,1100b08c,
210,590,047c4408,2,2101b081,23801083
210,590,047c5400,2,0802209f,2002221f
210,590,048ab401,2,31504082,32710200
210,590,04983248,2,19048125,32048481
210,590,04983409,1,29070a80,
210,590,04983481,0,,
210,590,04983601,2,1224808a,2842488c
210,590,04983604,2,1224808a,28438809
210,590,04983608,1,19048125,
210,590,04983c01,1,1224808a,
210,590,04989288,2,18672040,38662000
210,590,0498b081,1,31240608,
210,590,0498b088,1,31250201,
210,590,0498b201,2,134004c8,2842488c
210,590,0498b208,0,,
210,590,04991481,2,3304a004,38662000
210,590,04991484,2,03208321,38662000
210,590,04993408,2,03208321,19048125
210,590,04999088,1,38662000,
210,590,0499b008,1,03044681,
210,590,049a3401,1,1224808a,
210,590,049a9208,2,11642081,33046080
210,590,049a9280,2,1204003f,23602408
210,590,049c1248,1,0340a484,
210,590,049c1288,2,0301ac40,2b008442
210,590,049c1481,2,23416200,28632200
210,590,049c1601,1,2842488c,
210,590,049c1602,2,2842488c,28438809
210,590,049c1604,1,28438809,
210,590,049c1608,0,,
210,590,049c1610,2,2842488c,28438809
210,590,049c1680,1,28438809,
210,590,049c1e00,1,0802209f,
210,590,049c3048,2,03208321,03214680
210,590,049c3401,2,0a430a88,2842488c
210,590,049c3408,1,03208321,
210,590,049c3600,2,2842488c,28438809
210,590,049c3c00,2,03208321,23410209
210,590,049c5600,2,0802209f,28438809
210,590,049c9088,2,23416200,28632200
210,590,049c9208,0,,
210,590,049c9280,2,02630409,23602408
210,590,049c9600,2,0802209f,2842488c
210,590,049cb008,1,03214680,
210,590,049cb080,2,02630409,23410209
210,590,049d1480,2,03208321,2002221f
210,590,049d1600,2,0802209f,2842488c
210,590,049d3400,2,03208321,2842488c
210,590,049d9008,1,08422a82,
210,590,049d9080,2,2002221f,23602408
210,590,049e1401,2,2120a282,23416200
210,590,049e1600,0,,
210,590,049e9008,2,03214680,23416200
210,590,049f1400,2,03208321,2120a282
210,590,04a8b081,2,03530408,13140c10
210,590,04b82409,2,1044d084,29070a80
210,590,04b82481,1,09425208,
210,590,04b82601,2,1044d084,2842488c
210,590,04b82608,2,1044d084,19048125
210,590,04b82c01,2,09425208,1044d084
210,590,04b89088,2,10452216,23416200
210,590,04b89208,1,33046080,
210,590,04b89280,2,1204003f,1806001f
210,590,04b8a088,2,1b031400,2b005c00
210,590,04b8a408,2,18450a81,29070a80
210,590,04ba2401,1,1044d084,
210,590,04bc2408,2,11419201,11429201
210,590,04d81481,2,19052208,3304a004
210,590,04d89081,2,19052208,31240608
210,590,04d89088,1,31250201,
210,590,04d89208,2,1a262080,33046080
210,590,04d89280,2,1204003f,1806001f
210,590,04dc10c0,2,03208321,2002221f
210,590,04dc1480,2,03208321,2002221f
210,590,04dc1600,1,0802209f,
210,590,04dc3400,1,03208321,
210,590,04dc9001,2,03214680,08222a88
210,590,04dc9008,1,03214680,
210,590,04dc9080,1,2002221f,
210,590,04dcb000,2,03214680,11200c89
210,590,04de1400,2,03208321,2120a282
210,590,04de9000,2,03214680,11200c89
210,590,04f82408,2,19048125,29070a80
210,590,05087409,2,32710200,3ad10800
210,590,05087488,2,32710200,3ad10800
210,590,0508f201,2,2a920402,3ad10800
210,590,0508f801,2,2a920402,32710200
210,590,05097408,2,22360081,2a308081
210,590,0509f001,2,08120e88,2a920402
210,590,0510360a,2,22a8c020,22cc4080
210,590,05107089,2,20898640,22088c42
210,590,0510708a,2,02008751,20898640
210,590,05107098,2,20898640,22088c42
210,590,051070c8,0,,
210,590,05107188,2,20898640,22088c42
210,590,05107288,1,22088c42,
210,590,05107409,1,284a0892,
210,590,05107488,0,,
210,590,05107608,2,284a0892,302c0083
210,590,05107888,2,02008751,20898640
210,590,05107c08,2,302c0083,302c0281
210,590,0510f081,1,088b0648,
210,590,0510f088,0,,
210,590,0510f201,1,284a0892,
210,590,0510f208,2,284a0892,302c0083
210,590,0510f801,2,088b0648,30a80680
210,590,05117088,2,02008751,22088c42
210,590,0511d081,2,284a2012,38662000
210,590,0511d082,2,02ac0409,38662000
210,590,0512f001,1,30a80680,
210,590,05145288,2,22088c42,284a2012
210,590,05145488,2,284a2012,28632200
210,590,05147408,2,282a0a81,284a0892
210,590,0514d202,2,02630409,30482881
210,590,0514d210,2,02630409,30482881
210,590,0514d280,2,02630409,284a2012
210,590,05183248,2,2080c127,32048481
210,590,05183508,2,12c14242,18450a81
210,590,05183608,1,2080c127,
210,590,05185288,2,18672040,38662000
210,590,05187088,1,02008751,
210,590,05187408,1,18450a81,
210,590,0518b048,2,18070e80,18450a81
210,590,0518b081,1,12c14242,
210,590,0518b082,2,02630409,08834149
210,590,0518b088,1,12c14242,
210,590,0518b201,2,00c045d4,2842488c
210,590,0518b204,2,02630409,08834149
210,590,0518b208,1,00c045d4,
210,590,0518b408,2,12c14242,18450a81
210,590,0518b801,2,00c045d4,12c14242
210,590,05193408,2,2080c127,2084c324
210,590,05195088,2,02008751,38662000
210,590,05199082,2,32806440,38662000
210,590,0519b001,2,00c045d4,2842488c
210,590,0519b004,1,08a206c1,
210,590,0519b008,2,00c045d4,08a206c1
210,590,0519b010,2,08a206c1,2842488c
210,590,0519b080,2,1204003f,1806001f
210,590,051a9082,1,32806440,
210,590,051a9402,2,08412a89,18450a81
210,590,051a9600,2,1204003f,32c06002
210,590,051ab001,2,00c045d4,12c14242
210,590,051ab002,2,00c045d4,18450a81
210,590,051ab004,2,12c14242,18450a81
210,590,051ab010,2,12c14242,18450a81
210,590,051ab040,2,1204003f,18450a81
210,590,051ab080,2,1204003f,12c14242
210,590,051ab200,2,00c045d4,1204003f
210,590,051ad200,1,1204003f,
210,590,051af000,2,1204003f,18450a81
210,590,051b9400,2,1204003f,32c06002
210,590,051bb000,2,00c045d4,1204003f
210,590,051bd000,2,00a0268a,1204003f
210,590,051c3048,2,02c1c300,2080c127
210,590,051c3108,2,08a206c1,12c14242
210,590,051c5208,2,024085d0,22a2a080
210,590,051cd200,2,02630409,0802209f
210,590,051eb000,2,00c045d4,12c14242
210,590,05286488,2,3a131000,3ad10800
210,590,05286c08,2,12109083,3a131000
210,590,0528c608,2,3a131000,3ad10800
210,590,053060c8,2,12cc9000,32c01c00
210,590,05306409,2,12cc9000,284a0892
210,590,05306488,1,12cc9000,
210,590,05306608,2,12cc9000,284a0892
210,590,05306c08,1,12cc9000,
210,590,05307408,2,18450a81,284a0892
210,590,0530e088,1,32c01c00,
210,590,0530e408,2,18450a81,284a0892
210,590,0530e808,2,124c1480,288216c0
210,590,05319082,2,30c86004,32806440
210,590,05326401,2,1284812c,12cc9000
210,590,05326408,2,12cc9000,18450a81
210,590,05344488,2,284a2012,2a483200
210,590,05344680,2,28438809,284a2012
210,590,05346408,2,080a9a81,284a0892
210,590,05384098,2,22059440,32c01c00
210,590,053840c8,2,10452216,32c01c00
210,590,05384488,1,10452216,
210,590,05384608,1,1241b080,
210,590,05385088,2,02008751,10452216
210,590,05386408,1,18450a81,
210,590,05389082,2,08834149,32806440
210,590,0538c088,2,10452216,32c01c00
210,590,0538c201,2,08c31c08,32c01c00
210,590,0538c202,2,08c31c08,32c01c00
210,590,0538c204,2,08c31c08,32c01c00
210,590,0538c208,1,32c01c00,
210,590,0538c210,2,08c31c08,32c01c00
210,590,053ac200,2,1204003f,32c01c00
210,590,053bc000,2,1204003f,32c01c00
210,590,053c4088,2,02008751,32c01c00
210,590,05485488,2,12342102,2210a301
210,590,05487408,2,22360081,2a308081
210,590,05505488,2,2a2ca000,328d2000
210,590,0550d081,2,088b0648,328d2000
210,590,0550d088,2,20882603,328d2000
210,590,0554d200,1,0802209f,
210,590,05581188,2,1084e204,32806440
210,590,05581288,2,2080c127,32806440
210,590,05583408,2,2080c127,2084c324
210,590,05585081,2,1284812c,32a0800a
210,590,05585088,1,02008751,
210,590,05585090,2,1284812c,32a0800a
210,590,05585408,2,1a262080,22a2a080
210,590,05589081,1,32806440,
210,590,05589082,2,08834149,32806440
210,590,05589084,2,08834149,32806440
210,590,05589088,1,32806440,
210,590,05589090,2,08834149,32806440
210,590,05589408,2,088262c4,1a262080
210,590,0558b001,2,18070e80,28070a88
210,590,0558b008,2,08a206c1,18070e80
210,590,055a9002,2,30046488,32806440
210,590,055a9008,1,32806440,
210,590,055a9080,2,1204003f,32806440
210,590,055a9400,1,1204003f,
210,590,055ab000,1,1204003f,
210,590,055ad000,2,00a0268a,1204003f
210,590,055cb000,2,08834149,08a206c1
210,590,055e9000,2,00a0268a,32806440
210,590,05706408,1,080a9a81,
210,590,0570e008,2,18070e80,288216c0
210,590,0574c200,2,0802209f,3008108d
210,590,05780608,2,2080c127,208470c0
210,590,05782408,2,2080c127,2084c324
210,590,05784081,2,1284812c,22059440
210,590,05784088,2,02008751,22059440
210,590,05784090,2,1284812c,22059440
210,590,05784201,2,1284812c,22059440
210,590,05784408,1,1004b282,
210,590,0578c008,2,18070e80,288216c0
210,590,057ac000,1,1204003f,
210,590,057c4001,1,288216c0,
210,590,057c4040,2,0802209f,2002221f
210,590,057c4400,2,0802209f,2002221f
210,590,0584b808,2,20084687,32710200
210,590,0588b208,2,12324c00,22360081
210,590,0588b801,2,18524088,32710200
210,590,0588b808,2,22360081,32710200
210,590,0589b008,2,12324c00,22360081
210,590,058ab001,2,02710e02,32710200
210,590,058bb000,2,1204003f,38140089
210,590,05903049,2,18070e80,284a0892
210,590,05903089,2,22088c42,3045c440
210,590,0590308a,2,02008751,3045c440
210,590,05903098,2,22088c42,3045c440
210,590,059030c1,1,0228832c,
210,590,059030c8,0,,
210,590,05903188,2,22088c42,3045c440
210,590,05903288,2,22088c42,3045c440
210,590,05903409,1,284a0892,
210,590,05903481,1,0228832c,
210,590,05903488,0,,
210,590,05903608,2,284a0892,302c0083
210,590,05903888,2,02008751,3045c440
210,590,05903c08,2,302c0083,302c0281
210,590,05907088,2,02008751,22088c42
210,590,0590b009,2,18070e80,284a0892
210,590,0590b081,0,,
210,590,0590b088,0,,
210,590,0590b208,2,284a0892,302c0083
210,590,0590b801,1,30284488,
210,590,05913088,2,02008751,22088c42
210,590,05919082,2,302a6200,38662000
210,590,05919090,2,302a6200,38662000
210,590,0591b080,2,1204003f,1806001f
210,590,05923401,2,0228832c,1224808a
210,590,05929081,2,10452216,30296004
210,590,05929084,2,20494209,28490a09
210,590,05929088,2,10452216,30296004
210,590,05929280,2,1204003f,30296004
210,590,0592b001,1,30284488,
210,590,05939080,1,1204003f,
210,590,05943088,2,02008751,22088c42
210,590,05943408,2,282a0a81,284a0892
210,590,05983081,2,2200cc48,3045c440
210,590,05983088,2,02008751,3045c440
210,590,05983408,1,18450a81,
210,590,0598b008,2,18070e80,18450a81
210,590,05991081,2,2200cc48,38662000
210,590,05991088,2,02008751,38662000
210,590,059a9080,2,10452216,1204003f
210,590,059a9200,2,1204003f,30046488
210,590,059ab000,2,1204003f,18450a81
210,590,059b9000,2,1204003f,30046488
210,590,059c1081,2,2200cc48,28632200
210,590,059c1088,2,02008751,28632200
210,590,059c1208,2,0200c5d0,024085d0
210,590,059e1040,2,00418a89,08412a89
210,590,059e1080,2,02008751,2200cc48
210,590,059e1400,2,00418a89,08412a89
210,590,059e9000,1,08412a89,
210,590,05a89081,1,10452216,
210,590,05a89082,2,1014240d,30160109
210,590,05a89084,1,30160109,
210,590,05a89088,1,10452216,
210,590,05a89090,2,1014240d,30160109
210,590,05a89208,1,02566080,
210,590,05ac9080,1,2002221f,
210,590,05b020c8,0,,
210,590,05b02409,2,1044d084,284a0892
210,590,05b02481,2,280a9208,32485008
210,590,05b02488,0,,
210,590,05b02c08,2,1044d084,220a5081
210,590,05b03408,2,18450a81,284a0892
210,590,05b09081,2,10452216,284a2012
210,590,05b09082,2,20494209,28490a09
210,590,05b09088,2,10452216,284a2012
210,590,05b09090,2,20494209,28490a09
210,590,05b0a081,1,32485008,
210,590,05b0a088,0,,
210,590,05b22408,2,1044d084,18450a81
210,590,05b80288,2,22059440,3045c440
210,590,05b80608,2,1044d084,1241b080
210,590,05b82408,2,1044d084,18450a81
210,590,05b88208,0,,
210,590,05b8a008,2,18070e80,18450a81
210,590,05bc0088,2,02008751,32007204
210,590,05d03088,2,02008751,22088c42
210,590,05d09081,2,30296004,302a6200
210,590,05d09082,2,30296004,302a6200
210,590,05d09084,1,302a6200,
210,590,05d09088,2,30296004,302a6200
210,590,05d09090,2,30296004,302a6200
210,590,05d0b080,2,1204003f,1806001f
210,590,05d29080,2,1204003f,30296004
210,590,05d81081,1,2200cc48,
210,590,05d81082,2,02008751,2200cc48
210,590,05d81084,2,02008751,2200cc48
210,590,05d81088,1,02008751,
210,590,05d81090,1,2200cc48,
210,590,05d81408,2,1a262080,3002e280
210,590,05d89008,2,18070e80,1a262080
210,590,05da1400,2,1204003f,1224808a
210,590,05da9000,2,1204003f,30046488
210,590,05e89008,2,18070e80,38112a80
210,590,05f01081,2,2200cc48,22088c42
210,590,05f01088,2,02008751,22088c42
210,590,05f02408,2,080a9a81,220a5081
210,590,0608f088,2,31250201,31f40000
210,590,060c5601,1,31d28000,
210,590,060cd088,2,00e12642,28632200
210,590,060cd280,2,01b00548,11300c09
210,590,060cd600,1,0802209f,
210,590,060cf400,2,18920209,19120a80
210,590,060ed400,2,08412a89,38112a80
210,590,06183241,2,2842488c,3104c408
210,590,06183601,2,11e0c040,2842488c
210,590,06185241,2,1104248c,38662000
210,590,06185601,2,18672040,38662000
210,590,06186601,2,01609124,3124100a
210,590,0618b081,2,11c24240,31240608
210,590,0618b088,2,11c24240,31250201
210,590,0618b208,2,00c045d4,318404c0
210,590,0618b280,2,08834149,1806001f
210,590,061a1601,1,11e0c040,
210,590,061a1620,2,11642081,11e0c040
210,590,061a1700,2,11642081,11e0c040
210,590,061a5600,2,11642081,19048125
210,590,061a9280,0,,
210,590,061a9401,2,10452216,19052208
210,590,061a9600,1,11642081,
210,590,061ab080,2,31240608,31250201
210,590,061ab400,2,18450a81,31250201
210,590,061b9080,1,31240608,
210,590,061b9400,1,11642081,
210,590,061c1601,2,11e0c040,2842488c
210,590,061c1608,2,11e0c040,2080c127
210,590,061c3041,2,01e1c200,2842488c
210,590,061c5201,1,01e08c40,
210,590,061c5208,1,01e08c40,
210,590,061c5600,2,0802209f,28438809
210,590,061c7001,2,01e08c40,09828640
210,590,061c7400,2,00418a89,28438809
210,590,061c90c0,2,2002221f,28632200
210,590,061c9201,2,00c045d4,2842488c
210,590,061c9208,1,00c045d4,
210,590,061c9280,1,08834149,
210,590,061cb080,2,08834149,11c24240
210,590,061cf000,2,08a206c1,11200c89
210,590,061d9080,2,11c24240,2002221f
210,590,061e1600,2,11e0c040,2080c127
210,590,061e9080,1,00e12642,
210,590,061e9200,2,00c045d4,11200c89
210,590,061e9400,1,08412a89,
210,590,0628d088,2,10452216,31142600
210,590,062cd080,2,18920209,2002221f
210,590,06305281,2,21888126,284a2012
210,590,0630c282,2,08c31c08,31081418
210,590,0630c288,2,21491402,284a2012
210,590,0630c290,2,08c31c08,21491402
210,590,0630c680,2,1806001f,284a2012
210,590,0630d280,2,1806001f,284a2012
210,590,0632c280,2,21491402,31081418
210,590,06381601,2,11c66000,2842488c
210,590,06384281,2,00c49550,08c31c08
210,590,06384288,2,00c49550,19048125
210,590,06384601,2,1100b08c,21443090
210,590,06388288,2,11c15001,11c66000
210,590,0638a088,2,11c15001,11c24240
210,590,0638c088,1,10452216,
210,590,0638c208,2,21443090,318404c0
210,590,0638c280,2,08c31c08,1806001f
210,590,063a9080,2,10452216,19052208
210,590,063c4201,2,08c31c08,1100b08c
210,590,063c4208,1,2101b081,
210,590,063e9000,2,00c045d4,08412a89
210,590,0648d088,2,31142600,31250201
210,590,064c5600,2,0802209f,2110808d
210,590,06581601,0,,
210,590,06581604,2,0184c121,08834149
210,590,06581700,2,0802209f,1806001f
210,590,06585201,2,1104248c,318404c0
210,590,06585208,2,19048125,318404c0
210,590,06589081,2,19052208,31240608
210,590,06589088,1,31250201,
210,590,06589208,2,20866480,318404c0
210,590,06589280,2,08834149,1806001f
210,590,065a9400,2,19052208,31250201
210,590,065c1201,2,11a0e400,2120c448
210,590,065c1208,2,11a0e400,2080c127
210,590,065c3001,2,09828640,2120c448
210,590,065c3400,2,08834149,2080c127
210,590,065c9080,2,08834149,2002221f
210,590,065e1400,2,2080c127,2120a282
210,590,0670c280,2,1806001f,31081418
210,590,06784088,2,09828640,19048125
210,590,06788088,2,01827220,10047205
210,590,06983208,2,19048125,3045c440
210,590,06991088,2,19048125,38662000
210,590,06993008,1,19048125,
210,590,069a1600,2,11642081,19048125
210,590,069c1081,2,2120c448,28632200
210,590,069c1088,1,28632200,
210,590,069c1201,2,2120c448,2842488c
210,590,069c1208,0,,
210,590,069c1280,2,2120c448,28438809
210,590,069c3001,2,2120c448,2842488c
210,590,069c3008,0,,
210,590,069c3080,2,2120c448,28438809
210,590,069c3800,1,2120c448,
210,590,069c9080,2,2002221f,28632200
210,590,069cb000,2,11200c89,2842488c
210,590,069d1080,2,2002221f,2120c448
210,590,069e1001,2,2120a282,2120c448
210,590,069e1008,1,2120a282,
210,590,069e1080,1,2120c448,
210,590,069e1200,2,11200c89,2120c448
210,590,069e1800,2,2120a282,2120c448
210,590,069e9000,2,08412a89,11200c89
210,590,06b81208,2,19048125,3045c440
210,590,06b88088,2,10047205,10452216
210,590,06b88208,2,11045481,21443090
210,590,06bc0208,2,2101b081,3100d440
210,590,06bc1080,2,2002221f,28438809
210,590,06be1000,2,00418a89,08412a89
210,590,06d81088,2,19048125,31250201
210,590,06d81208,1,19048125,
210,590,06dc1008,2,2120a282,3002e280
210,590,06dc1080,2,2002221f,2120c448
210,590,06dc3000,2,11200c89,2120c448
210,590,0702f080,2,2098001e,28490a09
210,590,07085608,2,18672040,38662000
210,590,07087088,2,00108576,20908525
210,590,07087408,2,10550a81,18450a81
210,590,070a5600,2,30d48008,38140089
210,590,070c5201,2,00108576,08d22480
210,590,070c5600,2,0802209f,28438809
210,590,07103481,2,10c9c200,2084c324
210,590,07103601,2,2842488c,284a0892
210,590,07103c01,2,10c9c200,2084c324
210,590,07107088,1,20898640,
210,590,07123401,2,10c9c200,2084c324
210,590,07125280,2,10448c49,10808559
210,590,0718b080,2,08834149,1806001f
210,590,071a1240,2,2080c127,30046488
210,590,071a1600,1,2080c127,
210,590,071a9080,2,00e12642,10452216
210,590,071a9200,2,00c045d4,30046488
210,590,071ab000,2,00c045d4,18450a81
210,590,071c1081,2,00e12642,28632200
210,590,071c1201,2,00c045d4,2842488c
210,590,071c1208,2,00c045d4,2080c127
210,590,071c3001,2,00c045d4,2842488c
210,590,0720e088,2,185f0200,281a0816
210,590,0728c208,2,08d22480,20903482
210,590,07304288,2,00c49550,284a2012
210,590,07306088,2,00c49550,20898640
210,590,0730a081,2,088b0648,08c31c08
210,590,0730a088,0,,
210,590,0730a408,2,18450a81,284a0892
210,590,07384088,2,00c49550,10452216
210,590,07384208,2,00c49550,10c484c0
210,590,07388088,2,10047205,10452216
210,590,073c0088,1,2080c127,
210,590,073c0208,2,00c045d4,2080c127
210,590,07485081,2,00108576,00b0832c
210,590,07485201,1,00108576,
210,590,07485408,1,38112a80,
210,590,07505088,2,20882603,20898640
210,590,07505201,2,082b8448,300c20a4
210,590,07584088,2,10259240,20a09640
210,590,07584208,2,10a03182,10a41490
210,590,075a9000,2,00a0268a,30046488
210,590,07700281,2,1005700c,208cf000
210,590,07704201,2,2008b086,300c20a4
210,590,07704204,2,10808559,300c20a1
210,590,07704280,2,10808559,1806001f
210,590,078030c1,2,185f0200,281a0816
210,590,07803481,2,185f0200,281a0816
210,590,0780b081,2,185f0200,281a0816
210,590,07813081,2,00108576,281a0816
210,590,07823081,2,00108576,3045c440
210,590,07823088,2,00108576,3045c440
210,590,078230c0,2,20494209,28490a09
210,590,07823401,1,30580888,
210,590,07823480,2,20494209,28490a09
210,590,0782b001,2,30284488,30580888
210,590,0782b080,2,20494209,28490a09
210,590,07833080,2,00108576,10448c49
210,590,07843088,2,00108576,281a0816
210,590,07853080,2,00108576,281a0816
210,590,07883081,2,00108576,3045c440
210,590,07883088,2,00108576,3045c440
210,590,0788b080,2,1806001f,30160109
210,590,07891088,2,00108576,38662000
210,590,078a1600,2,1054c081,38140089
210,590,078a9080,2,1014240d,10452216
210,590,078c1088,2,00108576,28632200
210,590,078c1208,2,00108576,2011e480
210,590,078c1280,2,00108576,28438809
210,590,078c3008,1,00108576,
210,590,078c3080,2,00108576,28438809
210,590,078c9080,2,2002221f,28632200
210,590,07903081,2,082b8448,3045c440
210,590,07903088,1,3045c440,
210,590,07913080,2,10448c49,1806001f
210,590,07923001,2,30284488,3045c440
210,590,07931080,2,102ca208,10448c49
210,590,07983800,2,1806001f,3045c440
210,590,079b1000,2,10448c49,30046488
210,590,079c0208,2,20607880,2061b080
210,590,079c2008,2,00619324,2822d200
210,590,079e1000,2,00418a89,08412a89
210,590,07b02088,1,3045c440,
210,590,07b80208,2,1044d084,3045c440
210,590,07c23080,1,00108576,
210,590,07c81081,2,00108576,3010e208
210,590,07c81088,1,00108576,
210,590,07c81208,2,00108576,2011e480
210,590,07c81408,2,3002e280,38112a80
210,590,07c89008,2,18070e80,38112a80
210,590,07d01088,2,30296004,302a6200
210,590,07d03080,2,082b8448,1806001f
210,590,07d21080,2,102ca208,30296004
210,590,07d80208,2,10245805,1024d044
210,590,07d81008,2,18070e80,3002e280
210,590,07d81080,2,1806001f,2002221f
210,590,07da1000,1,30046488,
210,590,07f01080,2,1806001f,2002221f
210,590,0c187408,2,03208321,31250201
210,590,0c18b401,2,11c24240,12c14242
210,590,0c18b600,1,1204003f,
210,590,0c18d208,2,11642081,318404c0
210,590,0c18d401,2,02c32282,10452216
210,590,0c18d600,2,11642081,1204003f
210,590,0c18f008,2,31250201,318404c0
210,590,0c19b400,2,11c24240,1204003f
210,590,0c19d008,2,11642081,318404c0
210,590,0c1c5600,2,22a2a080,32a0800a
210,590,0c1c9600,1,32c06002,
210,590,0c1cd008,2,00e12642,02c32282
210,590,0c386401,1,1284812c,
210,590,0c589081,2,31240608,32806440
210,590,0c589401,1,33046080,
210,590,0c589402,2,31250201,33046080
210,590,0c589404,2,31250201,33046080
210,590,0c589408,2,31250201,33046080
210,590,0c589410,2,31250201,33046080
210,590,0c589600,2,1204003f,33046080
210,590,0c58b400,2,1204003f,31250201
210,590,0c58d008,2,31250201,318404c0
210,590,0c5c9400,1,2002221f,
210,590,0c981680,2,1204003f,3304a004
210,590,0c983401,1,1224808a,
210,590,0c983408,2,03208321,31250201
210,590,0c983600,2,1204003f,1224808a
210,590,0c989208,2,11642081,33046080
210,590,0c9c1600,0,,
210,590,0c9c9008,2,03214680,23416200
210,590,0cb82401,1,1044d084,
210,590,0d08f001,2,02710e02,32710200
210,590,0d105288,2,22088c42,328d2000
210,590,0d105488,2,10452216,328d2000
210,590,0d107408,2,302c0083,302c0281
210,590,0d10f001,1,30a80680,
210,590,0d189082,2,02630409,32806440
210,590,0d189402,1,00c26288,
210,590,0d189600,2,1204003f,32c06002
210,590,0d18b001,2,00c045d4,12c14242
210,590,0d18b002,2,00c045d4,02630409
210,590,0d18b004,2,02630409,12c14242
210,590,0d18b008,2,00c045d4,12c14242
210,590,0d18b010,2,02630409,12c14242
210,590,0d18b040,2,02630409,1204003f
210,590,0d18b400,2,1204003f,12c14242
210,590,0d18d002,2,02630409,10452680
210,590,0d18d200,2,02630409,1204003f
210,590,0d18f000,2,02630409,1204003f
210,590,0d19b000,2,00c045d4,1204003f
210,590,0d28e001,2,2212140c,32c01c00
210,590,0d306401,2,1284812c,12cc9000
210,590,0d306408,1,12cc9000,
210,590,0d30e008,2,124c1480,32c01c00
210,590,0d38c200,2,1204003f,32c01c00
210,590,0d38e000,2,1204003f,32c01c00
210,590,0d589008,2,20866480,32806440
210,590,0d589400,2,1204003f,2002221f
210,590,0d58b000,1,1204003f,
210,590,0d78c000,2,1204003f,2002221f
210,590,0d903401,2,0228832c,1224808a
210,590,0d903408,2,302c0083,302c0281
210,590,0d90b001,1,30284488,
210,590,0d989008,2,10452216,10452680
210,590,0d98b000,2,02630409,1204003f
210,590,0d9c9000,2,02630409,2002221f
210,590,0db02408,2,1044d084,220a5081
210,590,0e0cd400,2,00522285,2002221f
210,590,0e181601,2,11c66000,11e0c040
210,590,0e185600,1,11642081,
210,590,0e187400,2,00418a89,31250201
210,590,0e189280,1,11c66000,
210,590,0e189600,2,11642081,11c66000
210,590,0e18b400,2,11c24240,31250201
210,590,0e1c1600,2,11e0c040,2080c127
210,590,0e30c280,2,21491402,31081418
210,590,0e581600,2,0184c121,2080c127
210,590,0e589400,2,2002221f,31250201
210,590,0e981208,2,11642081,3045c440
210,590,0e981600,1,11642081,
210,590,0e983008,2,3045c440,31250201
210,590,0e983400,2,00418a89,31250201
210,590,0e9c1008,2,2120a282,3002e280
210,590,0e9c1080,2,2002221f,2120c448
210,590,0f085600,2,30160109,30d48008
210,590,0f103401,2,10c9c200,2084c324
210,590,0f105280,2,10448c49,10808559
210,590,0f181600,1,2080c127,
210,590,0f18b000,1,00c045d4,
210,590,0f803081,2,00108576,3045c440
210,590,0f803401,2,203a0888,30580888
210,590,0f843080,2,00108576,20494209
210,590,0f881600,2,1054c081,30160109
210,590,0f903001,2,30284488,3045c440
210,590,1019f400,2,0624001b,07420089
210,590,12197400,2,05c48880,0d808089
210,590,12993008,2,0520c441,2d06c000
210,590,13197000,1,08a206c1,
210,590,13993000,1,2842488c,
210,590,1408d481,2,21b40108,28632200
210,590,1408d488,2,03342005,28632200
210,590,140ad401,2,21b40108,23d00880
210,590,140ad408,2,03342005,23d00880
210,590,14181609,2,22a2a080,22c0e020
210,590,14181628,2,0264a081,22a2a080
210,590,14181681,2,22c0e020,2380c108
210,590,14181780,2,22c0e020,28438809
210,590,14183508,2,01e1c200,29070a80
210,590,14183601,2,2380c108,2842488c
210,590,14183608,2,0184c121,2080c127
210,590,14183700,2,2842488c,28438809
210,590,14183d00,2,01e1c200,23410209
210,590,14185481,1,28632200,
210,590,14185488,2,03208321,28632200
210,590,14185601,2,2244a088,22a2a080
210,590,14185608,2,0264a081,22a2a080
210,590,14185680,1,28438809,
210,590,14187408,2,03208321,29070a80
210,590,14187600,1,28438809,
210,590,14187c00,2,03208321,23410209
210,590,14189205,2,20866480,23602408
210,590,14189209,2,00c045d4,20866480
210,590,1418920c,2,20866480,23804501
210,590,14189218,2,20866480,23804501
210,590,14189248,2,20866480,23804501
210,590,14189281,1,23602408,
210,590,14189288,1,23804501,
210,590,14189308,1,20866480,
210,590,14189380,2,02630409,23602408
210,590,14189481,2,23416200,28632200
210,590,14189488,2,23416200,28632200
210,590,14189601,1,2842488c,
210,590,14189602,2,08834149,2842488c
210,590,14189604,1,08834149,
210,590,14189608,0,,
210,590,14189610,2,08834149,2842488c
210,590,14189640,2,0802209f,2842488c
210,590,14189680,1,08834149,
210,590,14189700,2,0802209f,2842488c
210,590,14189e00,2,0802209f,08834149
210,590,1418b081,0,,
210,590,1418b088,1,23804501,
210,590,1418b180,2,02630409,23410209
210,590,1418b201,2,00c045d4,2842488c
210,590,1418b208,2,00c045d4,23804501
210,590,1418b300,2,02630409,2842488c
210,590,1418b408,1,29070a80,
210,590,1418b480,2,08834149,23410209
210,590,1418b600,2,08834149,2842488c
210,590,1418b801,2,00c045d4,03214680
210,590,1418bc00,2,08834149,23410209
210,590,1418d088,2,00e12642,28632200
210,590,1418d201,1,23602408,
210,590,1418d202,2,02630409,23602408
210,590,1418d204,2,02630409,23602408
210,590,1418d208,0,,
210,590,1418d210,2,02630409,23602408
210,590,1418d280,2,02630409,23602408
210,590,1418d600,1,0802209f,
210,590,1418f008,2,08a206c1,29070a80
210,590,1418f080,2,02630409,23410209
210,590,1418f200,1,02630409,
210,590,141914a0,2,2002221f,2380c108
210,590,14191580,2,2002221f,22c0e020
210,590,14193420,2,2380c108,2842488c
210,590,14193500,1,2842488c,
210,590,14195480,2,03208321,2002221f
210,590,14197400,1,03208321,
210,590,14199081,1,23602408,
210,590,14199082,2,23602408,23804501
210,590,14199084,2,23602408,23804501
210,590,14199088,1,23804501,
210,590,14199090,2,23602408,23804501
210,590,14199180,2,2002221f,23602408
210,590,14199280,2,23602408,23804501
210,590,14199408,2,08422a82,088262c4
210,590,14199480,1,2002221f,
210,590,14199600,2,0802209f,2842488c
210,590,1419b001,2,00c045d4,2842488c
210,590,1419b080,1,23804501,
210,590,1419b400,1,2842488c,
210,590,1419d008,2,08422a82,08a206c1
210,590,1419d080,2,2002221f,23602408
210,590,1419d200,2,0802209f,23602408
210,590,1419f000,1,08a206c1,
210,590,141a5401,2,2120a282,2244a088
210,590,141a5480,2,03208321,23410209
210,590,141a5600,2,0264a081,2244a088
210,590,141a9201,2,00c045d4,23602408
210,590,141a9204,2,23602408,23804501
210,590,141a9208,2,00c045d4,23804501
210,590,141a9210,2,23602408,23804501
210,590,141a9240,2,23602408,23804501
210,590,141a9280,2,23602408,23804501
210,590,141a9300,1,23602408,
210,590,141a9401,1,23416200,
210,590,141a9408,1,23416200,
210,590,141a9480,2,23410209,23416200
210,590,141a9600,0,,
210,590,141a9c00,2,23410209,23416200
210,590,141ab001,2,00c045d4,03214680
210,590,141ab080,2,23410209,23804501
210,590,141ab200,2,00c045d4,23804501
210,590,141ab400,1,23410209,
210,590,141ad008,1,00e12642,
210,590,141ad200,1,23602408,
210,590,141ad400,2,08412a89,23410209
210,590,141af000,1,23410209,
210,590,141b9080,2,23602408,23804501
210,590,141b9400,0,,
210,590,141bd000,2,00a0268a,23602408
210,590,141c9208,2,00c045d4,23804501
210,590,1428d600,2,0802209f,23d00880
210,590,142ad080,2,22942408,23410209
210,590,14306602,1,28438809,
210,590,1430c680,2,284a2012,2b0a0016
210,590,14382508,2,23801083,29070a80
210,590,143840c8,1,23403202,
210,590,14384481,1,23403202,
210,590,14384488,1,23403202,
210,590,14384680,1,28438809,
210,590,14386408,2,23801083,29070a80
210,590,14386480,2,23410209,28438809
210,590,14386600,2,23801083,28438809
210,590,14388680,2,01825049,08834149
210,590,14389081,1,23416200,
210,590,14389088,2,23416200,23804501
210,590,14389280,2,08834149,23804501
210,590,1438a408,2,23801083,29070a80
210,590,1438c088,1,23403202,
210,590,1438c280,2,08c31c08,23001c48
210,590,1438d080,2,2002221f,23410209
210,590,1438d200,1,0802209f,
210,590,14399080,2,2002221f,23804501
210,590,143a9001,2,00c045d4,23416200
210,590,143a9200,2,00c045d4,23804501
210,590,143aa400,2,23410209,23801083
210,590,143ad000,2,08412a89,23410209
210,590,144ad400,2,03342005,21b40108
210,590,145811c0,2,2002221f,23248600
210,590,14581481,2,2084c324,2380c108
210,590,14581580,1,2002221f,
210,590,14581601,2,22a2a080,2380c108
210,590,14581700,2,0802209f,22a2a080
210,590,14583500,2,28070a88,29070a80
210,590,14585480,2,03208321,2002221f
210,590,14585600,2,0802209f,22a2a080
210,590,14589081,0,,
210,590,14589082,2,08834149,23804501
210,590,14589084,2,08834149,23804501
210,590,14589088,1,23804501,
210,590,14589090,2,08834149,23804501
210,590,145890c0,2,2002221f,23804501
210,590,14589180,1,2002221f,
210,590,14589201,1,20866480,
210,590,14589208,2,20866480,23804501
210,590,14589280,2,08834149,23804501
210,590,14589300,2,0802209f,20866480
210,590,14589408,2,088262c4,29070a80
210,590,14589480,2,08834149,2002221f
210,590,14589600,2,0802209f,08834149
210,590,1458b080,2,08834149,23804501
210,590,1458b200,2,08834149,23804501
210,590,1458d008,2,08a206c1,29070a80
210,590,1458d080,1,2002221f,
210,590,1458d200,1,0802209f,
210,590,14599080,2,2002221f,23804501
210,590,145a1420,2,2120a282,2380c108
210,590,145a1500,1,2120a282,
210,590,145a5400,2,03208321,2120a282
210,590,145a9001,2,00a0268a,03214680
210,590,145a9080,1,23804501,
210,590,145a9200,1,23804501,
210,590,145a9400,0,,
210,590,145ad000,1,00a0268a,
210,590,14704602,2,0308b0a0,2101b081
210,590,14704680,2,21888126,2b0a0016
210,590,14784401,2,28070a88,29070a80
210,590,147a9000,2,03044681,23804501
210,590,148a9401,2,22306082,23416200
210,590,14981248,2,0264a081,0340a484
210,590,14981288,2,0301ac40,2b008442
210,590,14981481,2,23416200,28632200
210,590,14981601,2,2244a088,2842488c
210,590,14981608,1,0264a081,
210,590,14981680,1,28438809,
210,590,14983408,2,03208321,29070a80
210,590,14983600,2,2842488c,28438809
210,590,14983c00,2,03208321,23410209
210,590,14989088,2,23416200,28632200
210,590,14989201,2,23602408,2842488c
210,590,14989204,2,02630409,23602408
210,590,14989208,0,,
210,590,14989280,2,02630409,23602408
210,590,14989600,2,0802209f,2842488c
210,590,1498b080,2,02630409,23410209
210,590,1498b200,2,02630409,2842488c
210,590,14991480,2,03208321,2002221f
210,590,14993400,2,03208321,2842488c
210,590,14999008,2,03044681,08422a82
210,590,14999080,2,2002221f,23602408
210,590,1499b000,2,03044681,2842488c
210,590,149a1600,2,0264a081,2244a088
210,590,149a9200,1,23602408,
210,590,149b9000,2,03044681,23602408
210,590,14aa9001,2,01546480,23416200
210,590,14b80680,1,28438809,
210,590,14b82408,1,29070a80,
210,590,14b82600,2,2842488c,28438809
210,590,14b89200,2,0802209f,2842488c
210,590,14ba2400,2,00418a89,23410209
210,590,14d81240,1,0802209f,
210,590,14d81480,2,03208321,2002221f
210,590,14d81600,1,0802209f,
210,590,14d89080,1,2002221f,
210,590,14d89200,1,0802209f,
210,590,14da1400,2,03208321,2120a282
210,590,14da9000,2,03044681,03214680
210,590,14f80401,2,28070a88,29070a80
210,590,14f80408,2,2101b081,29070a80
210,590,14f80600,2,0802209f,2101b081
210,590,15087408,2,22360081,2a308081
210,590,150a5401,2,00b0832c,2244a088
210,590,150ad200,2,22942408,22b00403
210,590,150ad400,1,08412a89,
210,590,150af000,2,02710e02,22b00403
210,590,15107048,2,282a0a81,284a0892
210,590,15107408,2,282a0a81,284a0892
210,590,15119082,2,02ac0409,20e84440
210,590,15189081,2,00e12642,28632200
210,590,15189088,2,00e12642,28632200
210,590,15189208,2,00c045d4,20866480
210,590,15189280,2,02630409,08834149
210,590,1518b008,2,00c045d4,08a206c1
210,590,1518b080,2,02630409,08834149
210,590,1518d200,2,02630409,0802209f
210,590,15195080,2,02008751,2002221f
210,590,15199080,1,2002221f,
210,590,151a9002,2,00c045d4,08412a89
210,590,151a9008,2,00c045d4,00e12642
210,590,151a9040,2,00a0268a,08412a89
210,590,151a9080,1,00e12642,
210,590,151a9200,1,00c045d4,
210,590,151a9400,1,08412a89,
210,590,151ab000,1,00c045d4,
210,590,151b9000,2,00a0268a,00c045d4
210,590,15286408,1,00509a81,
210,590,15286c00,0,,
210,590,152ae000,2,02501483,02541409
210,590,15304680,2,28438809,284a2012
210,590,15306048,2,080a9a81,284a0892
210,590,15306408,2,080a9a81,284a0892
210,590,1530808a,2,20087a04,2a483200
210,590,1530a088,2,228c4006,228d4202
210,590,1530e008,2,284a0892,288216c0
210,590,15384480,2,2002221f,28438809
210,590,15388081,2,00427608,08c31c08
210,590,15388088,0,,
210,590,15388280,2,08834149,08c31c08
210,590,15388480,2,08834149,2002221f
210,590,15389080,2,08834149,2002221f
210,590,1538a008,2,00c045d4,288216c0
210,590,1538a080,2,08834149,08c31c08
210,590,1538c080,2,08c31c08,2002221f
210,590,1538c200,2,0802209f,08c31c08
210,590,15398080,2,00427608,2002221f
210,590,153a8008,2,00c045d4,208470c0
210,590,153a8040,2,0080728a,08412a89
210,590,153a8080,0,,
210,590,153a8200,2,00c045d4,208470c0
210,590,153a9000,2,00c045d4,08412a89
210,590,153aa000,1,00c045d4,
210,590,153ac000,1,08412a89,
210,590,15581081,2,2084c324,2200cc48
210,590,15581180,2,2002221f,2200cc48
210,590,15585080,2,02008751,2002221f
210,590,15585200,2,0802209f,22a2a080
210,590,15589080,2,08834149,2002221f
210,590,155a1400,2,2080c127,2084c324
210,590,155a9000,1,00a0268a,
210,590,15686400,2,28070a88,2812180c
210,590,15704240,2,0802209f,2008b086
210,590,15704600,2,0802209f,2008b086
210,590,1570c200,1,0802209f,
210,590,15788080,2,08834149,2002221f
210,590,157a8000,2,0080728a,208470c0
210,590,15889081,2,02710e02,28632200
210,590,15889088,2,02710e02,28632200
210,590,1588b008,2,02710e02,22360081
210,590,1588b800,2,02630409,22360081
210,590,158a9001,2,02710e02,22306082
210,590,158a9002,2,08412a89,22306009
210,590,158a9008,2,02710e02,22306082
210,590,158a9080,2,02710e02,22306009
210,590,158a9200,2,22306009,22306082
210,590,158a9800,2,22306009,22306082
210,590,158ab000,1,02710e02,
210,590,158ad000,2,02710e02,08412a89
210,590,158b9000,2,22306009,22306082
210,590,15903088,2,02008751,22088c42
210,590,15903408,2,282a0a81,284a0892
210,590,15909081,2,284a2012,28632200
210,590,15909088,2,284a2012,28632200
210,590,15909202,2,02630409,2842488c
210,590,15909210,2,02630409,2842488c
210,590,15909280,2,02630409,284a2012
210,590,15919080,2,2002221f,284a2012
210,590,15929001,2,20482096,20482682
210,590,15929080,2,20494209,28490a09
210,590,15929200,2,2048009f,20482096
210,590,15981081,2,2200cc48,28632200
210,590,15981088,2,02008751,28632200
210,590,159a1080,2,02008751,2200cc48
210,590,159a9000,1,08412a89,
210,590,15a82c00,1,2051d200,
210,590,15a89080,1,2002221f,
210,590,15aa9000,1,08412a89,
210,590,15b88080,2,00427608,2002221f
210,590,15b88200,2,0802209f,2842488c
210,590,15ba8000,1,08412a89,
210,590,15c89008,2,22306082,22360081
210,590,15ca9000,2,22306009,22306082
210,590,15d09080,1,2002221f,
210,590,15d09200,1,0802209f,
210,590,15d29000,2,20084687,28080a89
210,590,15e82400,2,28070a88,2812180c
210,590,16085601,2,2134a008,21b40108
210,590,1608d088,2,00e12642,28632200
210,590,1608d280,2,01b00548,21b40108
210,590,1608d600,2,0802209f,21b40108
210,590,1608f080,2,01b00548,21b40108
210,590,160ad400,2,08412a89,21b40108
210,590,16181601,1,2842488c,
210,590,16181608,2,0184c121,2080c127
210,590,16185201,1,01e08c40,
210,590,16185202,2,01e08c40,28438809
210,590,16185204,2,01e08c40,28438809
210,590,16185208,1,01e08c40,
210,590,16185210,2,01e08c40,28438809
210,590,16185240,2,0802209f,28438809
210,590,16185280,2,01e08c40,28438809
210,590,16185600,2,0802209f,28438809
210,590,16185a00,1,0802209f,
210,590,16187200,2,01e08c40,28438809
210,590,16187800,2,08a206c1,09828640
210,590,16189081,2,00e12642,28632200
210,590,16189082,2,08834149,28632200
210,590,16189088,2,00e12642,28632200
210,590,161890c0,2,2002221f,28632200
210,590,16189204,2,08834149,20866480
210,590,16189208,2,00c045d4,20866480
210,590,16189280,1,08834149,
210,590,1618b080,1,08834149,
210,590,1618d200,1,0802209f,
210,590,16195200,2,01e08c40,0802209f
210,590,16199080,1,2002221f,
210,590,161a1600,2,0184c121,2080c127
210,590,161a5080,2,00e12642,01e08c40
210,590,161a5200,1,01e08c40,
210,590,161a7000,2,00418a89,01e08c40
210,590,161a9080,1,00e12642,
210,590,161a9200,1,00c045d4,
210,590,161a9400,1,08412a89,
210,590,161ab000,2,00c045d4,01a04681
210,590,1628d080,2,01162209,2002221f
210,590,16305202,2,21482184,28438809
210,590,16384088,2,00c49550,09828640
210,590,16384480,2,2002221f,28438809
210,590,16385200,2,0802209f,28438809
210,590,16388088,1,01827220,
210,590,16389080,2,08834149,2002221f
210,590,163a9000,2,00c045d4,08412a89
210,590,16585080,2,09828640,2002221f
210,590,16585200,1,0802209f,
210,590,16589080,2,08834149,2002221f
210,590,165a9000,2,00a0268a,01a04681
210,590,16704280,2,21089540,21888126
210,590,168a9001,2,01546480,21344440
210,590,16903088,2,01690602,29490a00
210,590,16911088,2,210a6804,284a2012
210,590,16921280,2,2120c448,21688808
210,590,16981081,2,2120c448,28632200
210,590,16981088,1,28632200,
210,590,16981201,2,2120c448,2842488c
210,590,16981204,2,2120c448,28438809
210,590,16981208,0,,
210,590,16981280,2,2120c448,28438809
210,590,16981802,2,2120c448,28632200
210,590,16981808,2,2120a282,28632200
210,590,16981a00,2,0802209f,2120c448
210,590,16983008,1,29070a80,
210,590,16983080,2,2120c448,28438809
210,590,16983800,1,2120c448,
210,590,16985200,2,0802209f,28438809
210,590,16989080,2,2002221f,28632200
210,590,16989200,2,0802209f,2842488c
210,590,16991008,2,08422a82,2120a282
210,590,16991080,2,2002221f,2120c448
210,590,16993000,2,2120c448,2842488c
210,590,169a1001,2,2120a282,2120c448
210,590,169a1008,1,2120a282,
210,590,169a1080,1,2120c448,
210,590,169a1200,1,2120c448,
210,590,169a1800,2,2120a282,2120c448
210,590,169a3000,2,00418a89,2120c448
210,590,169a9000,1,08412a89,
210,590,169b1000,2,2120a282,2120c448
210,590,16b80088,1,0044f204,
210,590,16b80208,2,2101b081,21443090
210,590,16b80280,2,01415448,28438809
210,590,16b81080,2,2002221f,28438809
210,590,16b81800,2,0802209f,2002221f
210,590,16b82008,1,29070a80,
210,590,16ba1000,2,00418a89,08412a89
210,590,16d01088,2,210a6804,212b2400
210,590,16d01480,2,2002221f,210a6804
210,590,16d03080,2,082b8448,2120c448
210,590,16d21080,1,2120c448,
210,590,16d81008,2,2120a282,29070a80
210,590,16d81080,2,2002221f,2120c448
210,590,16d81200,2,0802209f,2120c448
210,590,16da1000,2,2120a282,2120c448
210,590,16f01080,2,2002221f,210a6804
210,590,16f80008,2,2101b081,29070a80
210,590,16f80080,2,2002221f,2100360c
210,590,1708300c,2,08a206c1,20b44101
210,590,17085600,2,0802209f,28438809
210,590,170a5200,2,00108576,20908525
210,590,17185200,2,0802209f,28438809
210,590,17704200,2,0802209f,2008b086
210,590,17803088,2,00108576,281a0816
210,590,17813080,2,00108576,281a0816
210,590,17823001,2,00108576,003884c8
210,590,17881081,2,00108576,28632200
210,590,17881088,2,00108576,28632200
210,590,17881280,2,00108576,28438809
210,590,17883008,1,00108576,
210,590,17883080,2,00108576,28438809
210,590,17883800,1,00108576,
210,590,17889080,2,2002221f,28632200
210,590,178a1001,2,00108576,2011e480
210,590,178a1008,2,00108576,2011e480
210,590,178a1080,2,00108576,2030a209
210,590,178a1200,2,00108576,2011e480
210,590,178a3000,2,00108576,00418a89
210,590,178a9000,1,08412a89,
210,590,178b1000,2,00108576,2030a209
210,590,17901088,2,284a2012,28632200
210,590,17911080,2,2002221f,284a2012
210,590,17921001,2,20482096,20482682
210,590,17921080,2,20494209,28490a09
210,590,17982008,2,00619324,2822d200
210,590,179a1000,2,00418a89,08412a89
210,590,17c81008,2,00108576,2011e480
210,590,17d01080,2,082b8448,2002221f
210,590,17d80008,2,00207286,2822d200
210,590,1c189408,2,02c32282,23416200
210,590,1c189600,0,,
210,590,1c18b001,2,00c045d4,03214680
210,590,1c18b400,1,23410209,
210,590,1c18d008,2,00e12642,02c32282
210,590,1c18d200,2,02630409,23602408
210,590,1c18f000,2,02630409,23410209
210,590,1c199400,2,00c26288,2002221f
210,590,1c1a9400,2,23410209,23416200
210,590,1c589080,2,2002221f,23804501
210,590,1c589200,2,20866480,23804501
210,590,1c589400,1,2002221f,
210,590,1c58d000,2,00a0268a,2002221f
210,590,1c981600,2,0264a081,2244a088
210,590,1c989200,2,02630409,23602408
210,590,1d105480,2,0228832c,2002221f
210,590,1d18b000,2,00c045d4,02630409
210,590,1d388080,2,00427608,2002221f
210,590,1d38a000,1,00c045d4,
210,590,1d989000,2,02630409,2002221f
210,590,1e181600,2,0184c121,2080c127
210,590,1e185200,1,01e08c40,
210,590,1e187000,2,00418a89,01e08c40
210,590,1e189080,2,00e12642,2002221f
210,590,1e189200,2,00c045d4,20866480
210,590,1e189400,2,00c26288,2002221f
210,590,1e18b000,2,00c045d4,01a04681
210,590,1e981001,2,2120a282,2120c448
210,590,1e981002,2,00418a89,2120c448
210,590,1e981008,1,2120a282,
210,590,1e981080,2,2002221f,2120c448
210,590,1e981200,1,2120c448,
210,590,1e983000,2,00418a89,2120c448
210,590,1e989000,1,2002221f,
210,590,1eb81000,2,00418a89,2002221f
210,590,1f803080,2,00108576,20494209
210,590,1f883000,2,00108576,00418a89
210,590,1f901080,2,2002221f,20494209
210,590,1f981000,2,00418a89,2002221f
210,590,21117408,2,06a48081,14248083
210,590,21157400,2,0228832c,0a2a8088
210,590,240c5481,1,00b0832c,
210,590,240c5601,2,02722180,13302880
210,590,24107409,0,,
210,590,24107481,2,0228832c,1284812c
210,590,24107608,2,0b2c8001,19048125
210,590,2410b403,2,0a430a88,11c24240
210,590,2410b409,2,11c24240,12c14242
210,590,2410b40a,2,11c24240,18450a81
210,590,2410b441,1,0a430a88,
210,590,2410b442,2,0a430a88,18450a81
210,590,2410b444,2,0a430a88,18450a81
210,590,2410b448,1,18450a81,
210,590,2410b450,2,0a430a88,18450a81
210,590,2410b481,2,11c24240,12c14242
210,590,2410b482,2,08834149,11c24240
210,590,2410b488,2,11c24240,12c14242
210,590,2410b4c0,2,1204003f,1806001f
210,590,2410b601,0,,
210,590,2410b602,1,08834149,
210,590,2410b604,1,08834149,
210,590,2410b608,0,,
210,590,2410b610,1,08834149,
210,590,2410b620,2,08834149,1806001f
210,590,2410b640,2,1204003f,1806001f
210,590,2410b700,2,1204003f,1806001f
210,590,2410bc01,2,11c24240,12c14242
210,590,2410bc02,2,08834149,11c24240
210,590,2410bc08,2,11c24240,12c14242
210,590,2410bc40,2,1204003f,1806001f
210,590,2410f401,1,0a430a88,
210,590,2410f402,2,0a430a88,18450a81
210,590,2410f404,2,0a430a88,18450a81
210,590,2410f408,1,18450a81,
210,590,2410f410,2,0a430a88,18450a81
210,590,2410f480,2,1204003f,1806001f
210,590,2410f600,2,1204003f,1806001f
210,590,2410fc00,2,1204003f,1806001f
210,590,24119482,2,11c24240,11c66000
210,590,2411b401,1,11c24240,
210,590,2411b402,1,11c24240,
210,590,2411b404,1,11c24240,
210,590,2411b408,1,11c24240,
210,590,2411b410,1,11c24240,
210,590,2411b420,2,11c24240,1806001f
210,590,2411b440,2,1204003f,1806001f
210,590,2411b600,2,1204003f,1806001f
210,590,2411f400,2,1204003f,1806001f
210,590,24129680,2,03e82002,1204003f
210,590,2412b401,1,12c14242,
210,590,2412b402,1,18450a81,
210,590,2412b404,2,12c14242,18450a81
210,590,2412b408,2,12c14242,18450a81
210,590,2412b410,2,12c14242,18450a81
210,590,2412b420,2,12c14242,18450a81
210,590,2412b440,2,1204003f,18450a81
210,590,2412b480,2,1204003f,12c14242
210,590,2412b600,1,1204003f,
210,590,2412bc00,2,1204003f,12c14242
210,590,2412f400,2,1204003f,18450a81
210,590,24139480,2,03e82002,1204003f
210,590,2413b400,1,1204003f,
210,590,24143608,2,0388c804,11e0c040
210,590,24145680,2,03c8a001,03e82002
210,590,24147408,1,03208321,
210,590,24147480,2,0228832c,03208321
210,590,24147600,1,0a2a8088,
210,590,24149680,2,03e82002,08834149
210,590,2414b408,2,11c24240,12c14242
210,590,2414b440,1,0a430a88,
210,590,2414b600,1,08834149,
210,590,2414f400,1,0a430a88,
210,590,24159480,2,03e82002,11c24240
210,590,2415b400,1,11c24240,
210,590,2416b400,1,12c14242,
210,590,241890c8,2,10452216,11c66000
210,590,24189281,2,11c66000,18672040
210,590,24189288,2,11c66000,18672040
210,590,2418b081,2,11c24240,12c14242
210,590,2418b088,2,11c24240,12c14242
210,590,2418b208,2,00c045d4,13804482
210,590,24199081,2,11c24240,11c66000
210,590,24199082,2,11c24240,11c66000
210,590,24199084,2,11c24240,11c66000
210,590,24199088,2,11c24240,11c66000
210,590,24199090,2,11c24240,11c66000
210,590,2419d080,2,1204003f,1806001f
210,590,241a9082,1,19052208,
210,590,241a9280,1,1204003f,
210,590,241a9600,2,11642081,1204003f
210,590,241ab080,2,1204003f,12c14242
210,590,241b9080,1,1204003f,
210,590,241b9400,2,11642081,1204003f
210,590,241c1601,1,11e0c040,
210,590,241c1602,2,08834149,11e0c040
210,590,241c1604,2,08834149,11e0c040
210,590,241c1608,1,11e0c040,
210,590,241c1610,2,08834149,11e0c040
210,590,241c1640,1,0802209f,
210,590,241c1680,2,08834149,11e0c040
210,590,241c1700,2,0802209f,11e0c040
210,590,241c3600,2,08834149,11e0c040
210,590,241c5480,1,03208321,
210,590,241c5600,1,0802209f,
210,590,241c90c0,1,02630409,
210,590,241c9208,2,00c045d4,13804482
210,590,241c9280,2,02630409,08834149
210,590,241c9600,2,0802209f,08834149
210,590,241cd080,2,00e12642,02630409
210,590,241d1600,2,0802209f,11e0c040
210,590,241d9080,1,11c24240,
210,590,241e1600,1,11e0c040,
210,590,241e9080,2,00e12642,12c14242
210,590,241e9400,2,08412a89,12c14242
210,590,241f1400,2,03208321,11e0c040
210,590,2420d601,1,111420a8,
210,590,2420d604,2,111420a8,11150109
210,590,2420d608,1,111c0025,
210,590,24245601,2,031a8088,0398a040
210,590,24249608,2,01486881,03904061
210,590,2424d480,2,01592208,18920209
210,590,2424d600,1,0802209f,
210,590,24301605,2,098cc040,11c66000
210,590,24305601,1,1284812c,
210,590,24305604,1,03c8a001,
210,590,24305608,2,03c8a001,19048125
210,590,24306409,2,11c89080,12cc9000
210,590,24306481,2,1284812c,12cc9000
210,590,24308681,2,1005700c,11c66000
210,590,24309601,1,11c66000,
210,590,24309608,2,01486881,11c66000
210,590,2430a601,1,03485084,
210,590,2430e401,1,0a430a88,
210,590,2430e408,2,09081a81,18450a81
210,590,24329600,2,01486881,1204003f
210,590,2432a401,2,03485084,12c14242
210,590,2432c600,2,110c3880,1204003f
210,590,24340681,2,0180d124,0388c804
210,590,24341601,1,0388c804,
210,590,24343600,2,0388c804,08834149
210,590,24344481,0,,
210,590,24345480,2,0309a201,03c8a001
210,590,24345600,2,03c8a001,0802209f
210,590,24346401,2,0a430a88,11c89080
210,590,24346600,2,11c89080,1b021009
210,590,24347400,2,00418a89,0a430a88
210,590,243490c0,0,,
210,590,24349280,2,01884c44,08834149
210,590,2434d080,1,088b0648,
210,590,24353400,2,0388c804,11c24240
210,590,24359080,2,01884c44,11c24240
210,590,24369080,2,01884c44,12c14242
210,590,24381601,2,11c66000,1284812c
210,590,2438c088,2,10452216,1b031400
210,590,243c1600,2,0802209f,08834149
210,590,24503409,2,0388c804,098cc040
210,590,24509488,2,03a92200,190d2200
210,590,24509601,1,1a262080,
210,590,24509608,2,02ac2081,1a262080
210,590,2450b401,0,,
210,590,2450b402,1,08834149,
210,590,2450b404,1,08834149,
210,590,2450b408,0,,
210,590,2450b410,1,08834149,
210,590,2450b420,2,08834149,1806001f
210,590,2450b440,2,1204003f,1806001f
210,590,2450b500,2,1204003f,1806001f
210,590,2450f400,2,1204003f,1806001f
210,590,24519480,2,1204003f,1806001f
210,590,2451b400,2,1204003f,1806001f
210,590,24529600,2,02ac2081,1204003f
210,590,2452b400,1,1204003f,
210,590,24541608,1,0388c804,
210,590,24541680,2,0388c804,08834149
210,590,24543408,2,03208321,0388c804
210,590,24545600,2,0802209f,0a2a8088
210,590,24549480,2,03a92200,08834149
210,590,24549600,2,0802209f,08834149
210,590,2454b400,1,08834149,
210,590,24561600,2,0328c088,0388c804
210,590,24569400,2,03a92200,11086a80
210,590,24589081,1,19052208,
210,590,24589082,2,08834149,19052208
210,590,24589084,2,08834149,19052208
210,590,24589088,0,,
210,590,24589090,2,08834149,19052208
210,590,24589208,2,13804482,1a262080
210,590,24589408,2,088262c4,1a262080
210,590,24599080,2,1204003f,1806001f
210,590,245a9080,2,1204003f,19052208
210,590,245a9400,2,1204003f,19052208
210,590,245c10c0,2,03208321,11a0e400
210,590,245c1401,2,08222a88,088262c4
210,590,245c1408,2,03208321,088262c4
210,590,245c1480,2,03208321,08834149
210,590,245c1600,2,0802209f,08834149
210,590,245c3400,2,03208321,08834149
210,590,245c9080,1,08834149,
210,590,245e1400,1,03208321,
210,590,24706401,2,1284812c,18068a88
210,590,24708601,2,1005700c,110c3880
210,590,24708608,2,110c3880,11885005
210,590,2470a401,0,,
210,590,24743400,2,0388c804,08834149
210,590,24784408,2,1004b282,19048125
210,590,24901289,2,0301ac40,18672040
210,590,249012c1,1,0b408c08,
210,590,249012c8,2,0b2c8001,19048125
210,590,24901681,1,18672040,
210,590,24903089,2,01690602,03048650
210,590,24903409,0,,
210,590,24903481,1,0228832c,
210,590,24903608,2,0b2c8001,19048125
210,590,24909281,1,18672040,
210,590,24909288,1,18672040,
210,590,2490b081,1,01690602,
210,590,2490b082,2,02630409,03280429
210,590,2490b088,1,01690602,
210,590,2490b208,1,192a0480,
210,590,2490b401,1,0a430a88,
210,590,2490b402,2,0a430a88,18450a81
210,590,2490b404,2,0a430a88,18450a81
210,590,2490b408,1,18450a81,
210,590,2490b410,2,0a430a88,18450a81
210,590,2490b480,2,1204003f,1806001f
210,590,2490b600,2,1204003f,1806001f
210,590,2490bc00,2,1204003f,1806001f
210,590,24911089,1,03048650,
210,590,24911281,2,03048548,0b408c08
210,590,24911481,2,0228832c,102ca208
210,590,24919081,0,,
210,590,24919082,2,03280429,11282409
210,590,24919084,2,03280429,11282409
210,590,24919088,0,,
210,590,24919090,2,03280429,11282409
210,590,249190a0,2,11282409,1806001f
210,590,24919480,2,1204003f,1806001f
210,590,2491b008,2,03044681,192a0480
210,590,2491b400,2,1204003f,1806001f
210,590,24929208,2,01486881,11642081
210,590,2492b400,2,1204003f,18450a81
210,590,24941288,2,0301ac40,03088445
210,590,24941481,2,01692210,0228832c
210,590,249414a0,2,01692210,0309a201
210,590,24941580,2,01692210,0309a201
210,590,24941608,1,01486881,
210,590,24941680,0,,
210,590,24943408,1,03208321,
210,590,24943480,2,0228832c,03208321
210,590,24943600,2,0328c088,0a2a8088
210,590,24949081,2,01690602,01692210
210,590,24949088,2,01690602,01692210
210,590,24949480,1,01692210,
210,590,2494b400,1,0a430a88,
210,590,24951081,2,0228832c,0b408c08
210,590,24951480,2,0228832c,03208321
210,590,24959080,2,03280429,11282409
210,590,24989088,2,10452216,18672040
210,590,24999080,2,1204003f,1806001f
210,590,249c1081,2,0301ac40,0b408c08
210,590,249c1480,1,03208321,
210,590,249c1600,1,0802209f,
210,590,249c1c00,2,03208321,0802209f
210,590,249c9080,1,02630409,
210,590,24a49480,1,01592208,
210,590,24b00681,2,014cb002,1005700c
210,590,24b01601,0,,
210,590,24b01602,2,01486881,19048125
210,590,24b01604,1,01486881,
210,590,24b01608,2,01486881,19048125
210,590,24b01610,2,01486881,19048125
210,590,24b02409,2,03485084,1044d084
210,590,24b02481,1,09425208,
210,590,24b02601,2,03485084,1044d084
210,590,24b02604,2,11045809,1b021009
210,590,24b03401,2,0a430a88,18068a88
210,590,24b06401,2,0a430a88,18068a88
210,590,24b09082,2,19052208,190d2200
210,590,24b09084,2,19052208,190d2200
210,590,24b09088,2,10452216,190d2200
210,590,24b09090,2,19052208,190d2200
210,590,24b09208,2,01486881,030a2580
210,590,24b09280,2,1204003f,1806001f
210,590,24b0b080,2,1204003f,1806001f
210,590,24b19080,2,1204003f,1806001f
210,590,24b22401,2,03485084,1044d084
210,590,24b41081,2,0301ac40,0b408c08
210,590,24b410c0,2,0309a201,0b408c08
210,590,24b41480,1,0309a201,
210,590,24b41600,2,01486881,0802209f
210,590,24b42600,2,03485084,1b021009
210,590,24b43400,2,00418a89,0a430a88
210,590,24b49080,0,,
210,590,24c49480,2,093a0108,0a320809
210,590,24d09081,2,19052208,190d2200
210,590,24d09088,1,190d2200,
210,590,24d0b400,2,1204003f,1806001f
210,590,24d49080,2,03280429,11282409
210,590,24f02401,1,18068a88,
210,590,25007409,2,0a388840,185f0200
210,590,25007c08,2,02b88101,185f0200
210,590,2500b409,2,12c14242,185f0200
210,590,2500b488,2,12c14242,185f0200
210,590,2500b608,0,,
210,590,2500bc08,2,12c14242,185f0200
210,590,2500f208,2,02b20481,123c0440
210,590,25019488,2,12342102,12746000
210,590,2501b408,1,02380a81,
210,590,2501d081,2,12342102,123c0440
210,590,2502d201,2,12342102,123c0440
210,590,2502f001,2,02710e02,123c0440
210,590,25049488,2,087b2000,12c14242
210,590,25049608,2,02722180,087b2000
210,590,2504b408,2,02380a81,12c14242
210,590,2505d080,2,0a320809,18920209
210,590,2506d200,2,02582481,12710009
210,590,25087408,2,10550a81,18450a81
210,590,25101249,1,1a262080,
210,590,2510128c,2,10c8c440,18672040
210,590,251012c1,2,02c18c08,1284812c
210,590,251012c8,0,,
210,590,25101609,2,18672040,1a262080
210,590,25101681,2,1284812c,18672040
210,590,25101684,2,08834149,18672040
210,590,25101688,1,18672040,
210,590,25103248,0,,
210,590,25103288,2,00c4c444,10c8c440
210,590,25103608,0,,
210,590,2510508a,2,02008751,18672040
210,590,25105098,2,00e12642,18672040
210,590,251050c8,1,10452216,
210,590,25105288,1,18672040,
210,590,25105488,2,10452216,18672040
210,590,25107048,2,18070e80,18450a81
210,590,25107088,1,02008751,
210,590,25107408,1,18450a81,
210,590,25109083,2,088b0648,18672040
210,590,2510908a,1,18672040,
210,590,251090c1,1,10452216,
210,590,251090c2,2,02630409,02ac0409
210,590,251090c4,2,02630409,02ac0409
210,590,251090c8,1,10452216,
210,590,251090d0,2,02630409,02ac0409
210,590,25109205,2,18672040,1a262080
210,590,25109211,2,18672040,1a262080
210,590,25109241,1,1a262080,
210,590,25109248,2,02ac2081,1a262080
210,590,25109281,1,18672040,
210,590,25109288,1,18672040,
210,590,25109301,2,18672040,1a262080
210,590,25109482,2,08834149,18672040
210,590,25109601,2,18672040,1a262080
210,590,2510b041,2,0a430a88,18070e80
210,590,2510b048,2,18070e80,18450a81
210,590,2510b081,2,088b0648,12c14242
210,590,2510b088,1,12c14242,
210,590,2510b201,1,00c045d4,
210,590,2510b208,1,00c045d4,
210,590,2510b401,2,0a430a88,12c14242
210,590,2510b408,2,12c14242,18450a81
210,590,2510d201,2,18672040,1a262080
210,590,25111288,2,00c4c444,10c8c440
210,590,25111484,2,102ca208,1084e300
210,590,25111488,2,1084e204,1084e300
210,590,25113048,1,0088c724,
210,590,25113408,0,,
210,590,25115088,1,02008751,
210,590,25119081,0,,
210,590,25119082,1,02ac0409,
210,590,25119084,1,02ac0409,
210,590,25119088,0,,
210,590,25119090,1,02ac0409,
210,590,251190a0,2,02ac0409,1806001f
210,590,25119201,2,00c045d4,1a262080
210,590,25119480,2,1204003f,1806001f
210,590,2511b001,1,00c045d4,
210,590,2511b008,2,00c045d4,08a206c1
210,590,2511b400,2,1204003f,1806001f
210,590,25121288,2,00c4c444,10c8c440
210,590,25121601,2,1224808a,1284812c
210,590,25121608,2,0264a081,02ac2081
210,590,25121680,2,1204003f,1284812c
210,590,25129082,1,02ac0409,
210,590,25129201,1,00c045d4,
210,590,25129208,2,00c045d4,02ac2081
210,590,25129280,2,02ac0409,1204003f
210,590,25129401,2,10452216,12c14242
210,590,25129600,2,02ac2081,1204003f
210,590,2512b001,2,00c045d4,12c14242
210,590,25139080,2,02ac0409,1204003f
210,590,25139400,2,02ac2081,1204003f
210,590,25141218,1,10c8c440,
210,590,25141248,0,,
210,590,25141288,1,10c8c440,
210,590,251412c0,2,02630409,02c18c08
210,590,25141308,1,10c8c440,
210,590,25141580,2,10c9c200,12c14242
210,590,25141601,1,0a2a8088,
210,590,25141602,2,08834149,0a2a8088
210,590,25141604,2,08834149,0a2a8088
210,590,25141608,0,,
210,590,25141610,2,08834149,0a2a8088
210,590,25141640,2,0802209f,0a2a8088
210,590,25141680,1,08834149,
210,590,25141700,2,0802209f,0a2a8088
210,590,25143600,2,08834149,0a2a8088
210,590,25145088,2,00e12642,02008751
210,590,25145208,2,020885d0,024085d0
210,590,25145480,1,0228832c,
210,590,25145600,2,0802209f,0a2a8088
210,590,25149088,2,00e12642,12c14242
210,590,251490c0,1,02630409,
210,590,25149201,1,00c045d4,
210,590,25149208,1,00c045d4,
210,590,25149280,2,02630409,08834149
210,590,25149480,2,08834149,12c14242
210,590,25149600,2,0802209f,08834149
210,590,2514d200,2,02630409,0802209f
210,590,251510c0,2,0088c724,0228832c
210,590,25151180,1,10c8c440,
210,590,25151280,2,10808559,10c8c440
210,590,25151480,1,0228832c,
210,590,25151600,2,0802209f,0a2a8088
210,590,25153400,2,0228832c,0a2a8088
210,590,25159080,0,,
210,590,25161600,0,,
210,590,25169080,2,00e12642,12c14242
210,590,25169200,2,00c045d4,00c84489
210,590,25169400,2,08412a89,12c14242
210,590,25171400,1,0228832c,
210,590,25181288,2,00c4c444,18672040
210,590,25199080,2,1204003f,1806001f
210,590,251a9200,2,00c045d4,1204003f
210,590,251c1600,2,0802209f,08834149
210,590,251d1080,2,02008751,10808559
210,590,25208688,2,10585003,12915040
210,590,25208a88,2,10585003,12915040
210,590,2520908a,1,185f0200,
210,590,2520908c,2,12c14242,185f0200
210,590,25209098,2,12c14242,185f0200
210,590,252090c8,2,10452216,185f0200
210,590,25209281,2,02924c08,10d04428
210,590,25209288,0,,
210,590,25209608,1,02566080,
210,590,2520b088,2,12c14242,185f0200
210,590,2520b208,1,00c045d4,
210,590,2520c288,2,02183c04,12111c01
210,590,2520d088,2,10452216,185f0200
210,590,2520d201,2,021a0c88,08d22480
210,590,2520e088,2,12111c01,185f0200
210,590,25219081,2,02924c08,10d04428
210,590,25219088,0,,
210,590,2521b008,1,00c045d4,
210,590,25229088,2,10452216,12c14242
210,590,25229208,2,00c045d4,02582481
210,590,25229600,2,009041ac,1204003f
210,590,2522c600,2,105c1084,1204003f
210,590,25244488,2,08523202,1098b004
210,590,25245480,1,18920209,
210,590,25245600,2,0212a881,0802209f
210,590,25249088,1,12c14242,
210,590,2524b008,2,00c045d4,12c14242
210,590,2524d080,2,088b0648,18920209
210,590,25264480,2,10413209,1098b004
210,590,25289088,2,10452216,12c14242
210,590,253002c8,1,12cc9000,
210,590,25300688,1,12cc9000,
210,590,25301248,1,1204a481,
210,590,25301288,2,00c4c444,10c8c440
210,590,25301601,1,1284812c,
210,590,25301602,2,08834149,1284812c
210,590,25301604,1,08834149,
210,590,25301608,0,,
210,590,25301610,2,08834149,1284812c
210,590,25302604,2,08834149,12cc9000
210,590,25302608,2,1044d084,12cc9000
210,590,25304098,2,100c3205,12cc9000
210,590,25304288,2,00c49550,12cc9000
210,590,25305088,2,02008751,10452216
210,590,2530808c,2,10487600,12c14242
210,590,25308281,2,08c31c08,1005700c
210,590,25308288,0,,
210,590,25308601,2,084a3880,1005700c
210,590,25308608,1,084a3880,
210,590,25309082,2,08834149,088b0648
210,590,25309088,2,10452216,12c14242
210,590,25309201,1,00c045d4,
210,590,25309204,2,00c84489,08834149
210,590,25309208,1,00c045d4,
210,590,25309210,2,00c84489,08834149
210,590,2530a088,1,12c14242,
210,590,2530a401,2,0a430a88,12c14242
210,590,2530a408,2,12c14242,18450a81
210,590,2530c208,2,084a3880,124c1480
210,590,25319080,2,1204003f,1806001f
210,590,25321600,2,1204003f,1284812c
210,590,2532c200,2,1204003f,124c1480
210,590,25340288,1,10c8c440,
210,590,253402c0,2,02c18c08,08c31c08
210,590,25340680,1,08834149,
210,590,25341600,2,0802209f,08834149
210,590,25342600,1,08834149,
210,590,25344088,1,02008751,
210,590,25344480,1,10413209,
210,590,25348088,2,10487600,12c14242
210,590,25348280,2,08834149,08c31c08
210,590,25350280,2,10808559,10c8c440
210,590,25350480,1,0008720d,
210,590,25352400,1,080a9a81,
210,590,25354080,2,02008751,10808559
210,590,25360600,2,0208f0c0,1241b080
210,590,25380288,2,00c49550,00c4c444
210,590,25380608,2,1044d084,1241b080
210,590,25388208,1,00c045d4,
210,590,25409481,2,02b56000,12342102
210,590,25409488,2,02b56000,12342102
210,590,2540b401,2,009041ac,083a008c
210,590,2540b408,1,02380a81,
210,590,25449408,2,02380a81,088262c4
210,590,25469400,2,009041ac,02380a81
210,590,2550108c,2,02008751,1084e300
210,590,25501188,1,1084e204,
210,590,25501281,2,082b8448,1284812c
210,590,25501288,0,,
210,590,25501488,2,1084e204,1084e300
210,590,25501608,2,02ac2081,1a262080
210,590,25503048,2,0088c724,18070e80
210,590,25503088,2,0088c724,02008751
210,590,25503408,0,,
210,590,25505088,1,02008751,
210,590,25509081,1,088b0648,
210,590,25509088,0,,
210,590,25509201,1,1a262080,
210,590,25509208,2,02ac2081,1a262080
210,590,2550b001,2,088b0648,18070e80
210,590,2550b008,2,08a206c1,18070e80
210,590,25529001,2,00a0268a,02882682
210,590,25529002,2,02ac0409,02ac2081
210,590,25529008,2,02882682,02ac2081
210,590,25529080,2,02ac0409,1204003f
210,590,25529400,2,02ac2081,1204003f
210,590,2552b000,2,02ac0409,1204003f
210,590,25541088,2,0088c724,02008751
210,590,255410c0,2,0088c724,0228832c
210,590,25541208,2,0200c5d0,020885d0
210,590,25541240,2,0802209f,0a2a8088
210,590,25541408,2,082aa280,088262c4
210,590,25541480,2,0228832c,08834149
210,590,25549080,2,08834149,088b0648
210,590,25549200,2,0802209f,08834149
210,590,25561400,1,0228832c,
210,590,25569000,2,00a0268a,02882682
210,590,255a9000,2,00a0268a,1204003f
210,590,25603408,2,0090c1a4,0a1ac004
210,590,25605408,2,0212a881,021ca880
210,590,25608608,2,101a3081,12915040
210,590,25609081,2,02924c08,088b0648
210,590,25609088,0,,
210,590,25609208,2,00966480,021a2481
210,590,25609408,1,088262c4,
210,590,2560b008,1,18070e80,
210,590,25629008,2,02882682,02902780
210,590,25700085,2,088b0648,1084e300
210,590,2570008c,2,02008751,1084e300
210,590,25700281,2,1005700c,1284812c
210,590,25700288,0,,
210,590,25700608,1,0208f0c0,
210,590,25702088,2,0088c724,02008751
210,590,25702401,2,1284812c,18068a88
210,590,25702408,1,080a9a81,
210,590,25704081,2,088b0648,1284812c
210,590,25704088,2,02008751,100c3205
210,590,25704201,2,020885d0,1284812c
210,590,25708201,2,1005700c,10885484
210,590,25708208,2,100c5481,10885484
210,590,25729000,2,02882682,1204003f
210,590,25740081,2,0088c724,088b0648
210,590,25740088,2,0088c724,02008751
210,590,257400c0,2,0008720d,0088c724
210,590,25740240,2,0802209f,10885484
210,590,25740480,2,0008720d,08834149
210,590,25742400,2,080a9a81,08834149
210,590,25744400,2,0802209f,080a9a81
210,590,2580b208,2,12324c00,123c0440
210,590,2580b808,2,123c0440,185f0200
210,590,2582b001,2,02710e02,123c0440
210,590,25859080,2,0a320809,12324c00
210,590,25869080,2,02710e02,12710009
210,590,25869200,2,02582481,12710009
210,590,25901089,2,10452216,18672040
210,590,2590108a,2,02008751,18672040
210,590,2590108c,2,02008751,18672040
210,590,25901098,1,18672040,
210,590,259010c8,1,10452216,
210,590,25901188,2,10452216,18672040
210,590,25901281,2,082b8448,18672040
210,590,25901288,1,18672040,
210,590,25901488,2,10452216,18672040
210,590,25903018,2,18070e80,18450a81
210,590,25903048,2,18070e80,18450a81
210,590,25903081,2,0228832c,082b8448
210,590,25903088,1,02008751,
210,590,25903108,2,18070e80,18450a81
210,590,25903408,1,18450a81,
210,590,25909081,2,10452216,18672040
210,590,25909082,2,02630409,18672040
210,590,25909084,2,02630409,18672040
210,590,25909088,2,10452216,18672040
210,590,25909090,2,02630409,18672040
210,590,25909201,2,18672040,1a262080
210,590,25909208,2,18672040,1a262080
210,590,2590b001,2,0a430a88,18070e80
210,590,2590b008,2,18070e80,18450a81
210,590,25911081,2,0228832c,102ca208
210,590,25911088,1,02008751,
210,590,25919008,2,08422a82,1a262080
210,590,25919080,2,1204003f,1806001f
210,590,2591b000,2,1204003f,1806001f
210,590,25921088,2,02008751,10452216
210,590,25929080,2,10452216,1204003f
210,590,25929200,1,1204003f,
210,590,2592b000,2,1204003f,18450a81
210,590,25939000,2,10482688,1204003f
210,590,25941081,2,0228832c,082b8448
210,590,25941088,1,02008751,
210,590,259410c0,2,0228832c,02630409
210,590,25941480,1,0228832c,
210,590,25941600,2,0802209f,0a2a8088
210,590,25949008,2,08422a82,08432a80
210,590,25949080,1,02630409,
210,590,25949200,2,02630409,0802209f
210,590,2594b000,2,02630409,0a430a88
210,590,25951080,2,02008751,0228832c
210,590,25969000,2,08412a89,10482688
210,590,259c1080,2,02008751,02630409
210,590,25a09081,2,10452216,185f0200
210,590,25a09082,2,1014240d,185f0200
210,590,25a09084,1,185f0200,
210,590,25a09088,2,10452216,185f0200
210,590,25a09090,2,1014240d,185f0200
210,590,25a41480,2,0a18e200,0a1ac004
210,590,25a49080,0,,
210,590,25b0008c,2,02008751,10487600
210,590,25b00281,1,1005700c,
210,590,25b00284,2,02098449,10448c49
210,590,25b00288,0,,
210,590,25b01081,2,10452216,1045a208
210,590,25b01088,2,02008751,10452216
210,590,25b02081,0,,
210,590,25b02088,1,02008751,
210,590,25b40081,2,00427608,10487600
210,590,25b40088,2,02008751,10487600
210,590,25b40280,1,02098449,
210,590,25b40480,2,0008720d,10413209
210,590,25b41080,2,02008751,02098449
210,590,25b42080,2,02008751,02098449
210,590,25b48200,2,0802209f,084a3880
210,590,25b4a000,1,0a430a88,
210,590,25c49080,2,0a320809,12324c00
210,590,25c69000,1,02380a81,
210,590,25d01088,1,02008751,
210,590,25d01408,2,082aa280,1a262080
210,590,25d09008,2,18070e80,1a262080
210,590,25d09080,2,1204003f,1806001f
210,590,25d29000,1,1204003f,
210,590,25d49000,2,0802209f,08222a88
210,590,25e09008,2,021a2481,18070e80
210,590,25f00081,2,1005700c,12047204
210,590,260c5600,2,01508125,0802209f
210,590,26101641,2,016e2080,11c66000
210,590,26103241,2,11480c88,192a0480
210,590,26103601,2,098cc040,11e0c040
210,590,26105601,2,016e2080,18672040
210,590,26107401,1,18068a88,
210,590,26107480,2,1806001f,19048125
210,590,26107600,2,1806001f,19048125
210,590,2610b401,1,11c24240,
210,590,2610b408,2,11c24240,18450a81
210,590,2610b440,2,1806001f,18450a81
210,590,2610b600,2,08834149,1806001f
210,590,2610f400,2,1806001f,18450a81
210,590,2611b400,2,11c24240,1806001f
210,590,26121601,2,098cc040,11e0c040
210,590,26125600,2,11642081,19048125
210,590,26129600,2,01486881,11642081
210,590,2612b400,1,18450a81,
210,590,26141601,1,11e0c040,
210,590,26141608,2,01486881,11e0c040
210,590,26141640,2,01486881,0802209f
210,590,26141680,2,08834149,11e0c040
210,590,26143600,2,08834149,11e0c040
210,590,26145208,2,01e08c40,192a0480
210,590,26145480,1,01692210,
210,590,26145600,1,0802209f,
210,590,26147400,1,00418a89,
210,590,2614b400,2,08834149,11c24240
210,590,26151480,2,11c24240,11e0c040
210,590,26153400,2,11c24240,11e0c040
210,590,26161600,2,01486881,11e0c040
210,590,26245600,2,01508125,0802209f
210,590,26301601,2,098cc040,11c66000
210,590,26305208,2,10c484c0,19048125
210,590,26306401,2,11c89080,18068a88
210,590,2630a401,2,09425208,11c24240
210,590,2630c280,2,08c31c08,1806001f
210,590,26501601,1,098cc040,
210,590,26503401,2,098cc040,18068a88
210,590,26505208,2,19048125,192a0480
210,590,26509088,2,01884c44,190d2200
210,590,26509208,2,01884c44,192a0480
210,590,2650b400,2,08834149,1806001f
210,590,26541480,1,08834149,
210,590,26541600,2,0802209f,08834149
210,590,26543400,1,08834149,
210,590,26561400,1,11086a80,
210,590,26700205,2,098cc040,110c3880
210,590,268c9080,2,01704803,11300c09
210,590,26901281,2,082b8448,18672040
210,590,26901288,2,18672040,19048125
210,590,26901601,2,016e2080,18672040
210,590,26903081,2,01690602,082b8448
210,590,26903088,2,01690602,19048125
210,590,26903208,2,19048125,192a0480
210,590,26903401,1,18068a88,
210,590,26903480,2,1806001f,19048125
210,590,26903600,2,1806001f,19048125
210,590,2690b080,2,01690602,1806001f
210,590,2690b400,2,1806001f,18450a81
210,590,26911081,1,102ca208,
210,590,26911088,1,19048125,
210,590,26913008,2,19048125,192a0480
210,590,26919080,2,11282409,1806001f
210,590,26921201,2,1104248c,11480c88
210,590,26941088,2,01690602,01692210
210,590,26941208,2,01486881,192a0480
210,590,26941280,2,082b8448,11282409
210,590,26941480,1,01692210,
210,590,26941600,2,01486881,0802209f
210,590,26943008,2,01690602,192a0480
210,590,26943080,2,01690602,082b8448
210,590,26943400,1,00418a89,
210,590,26951080,1,11282409,
210,590,26981201,2,1104248c,18672040
210,590,269c1008,2,08422a82,08432a80
210,590,269c1080,0,,
210,590,269c1800,2,0802209f,11022489
210,590,269c3000,2,00418a89,11200c89
210,590,26b01201,2,1104248c,11480c88
210,590,26b01208,2,01486881,19048125
210,590,26b40280,2,01415448,0148b005
210,590,26b41080,0,,
210,590,26b42200,2,01415448,11480c88
210,590,26b43000,2,00418a89,11480c88
210,590,26d01088,2,19048125,190d2200
210,590,26d01208,2,19048125,192a0480
210,590,26d41080,2,082b8448,11282409
210,590,26d81008,2,18070e80,19048125
210,590,26f02001,2,18068a88,18070e80
210,590,27003488,2,10c9c200,185f0200
210,590,27009608,2,087b2000,18672040
210,590,2700b088,2,00b94600,185f0200
210,590,2700b208,2,00c045d4,10b04481
210,590,2700f200,2,083a008c,1806001f
210,590,27019088,1,003c2403,
210,590,27029600,2,009041ac,00f84108
210,590,2702d200,2,003c2403,1014240d
210,590,2702f000,2,10550a81,18450a81
210,590,27041488,2,087b2000,10c9c200
210,590,27083088,2,00108576,00c4c444
210,590,27101241,0,,
210,590,27101242,1,00c84489,
210,590,27101244,1,00c84489,
210,590,27101248,0,,
210,590,27101250,1,00c84489,
210,590,271012c0,1,1806001f,
210,590,27101601,1,18672040,
210,590,27101602,2,08834149,18672040
210,590,27101604,2,08834149,18672040
210,590,27101608,1,18672040,
210,590,27101610,2,08834149,18672040
210,590,27101640,2,0802209f,1806001f
210,590,27103240,2,00c84489,1806001f
210,590,27103401,2,10c9c200,18068a88
210,590,27103408,2,10c9c200,18450a81
210,590,27103600,2,08834149,1806001f
210,590,27105208,2,10c484c0,18672040
210,590,27105240,2,0802209f,1806001f
210,590,271090c0,2,10452216,1806001f
210,590,27109201,2,00c045d4,18672040
210,590,27109208,2,00c045d4,18672040
210,590,27111600,2,0802209f,1806001f
210,590,27113400,2,1806001f,18068a88
210,590,27119080,1,1806001f,
210,590,27121240,1,00c84489,
210,590,27121600,0,,
210,590,27129080,2,00e12642,10452216
210,590,27129200,2,00c045d4,00c84489
210,590,271410c0,2,0088c724,10c9c200
210,590,27141208,2,00c045d4,10c8c440
210,590,27141240,2,00c84489,0802209f
210,590,27141480,2,08834149,10c9c200
210,590,27141600,2,0802209f,08834149
210,590,27181240,2,0802209f,1806001f
210,590,27208288,1,10585003,
210,590,27209088,2,10452216,185f0200
210,590,27300608,2,084a3880,1044d084
210,590,27401608,2,0090c1a4,00bca002
210,590,27403408,1,0090c1a4,
210,590,27405408,2,00bca002,082aa280
210,590,27409088,2,003c2403,00b94600
210,590,27409408,1,088262c4,
210,590,27429400,2,009041ac,10142a88
210,590,27501201,2,0084c4c4,082b8448
210,590,27501208,1,0084c4c4,
210,590,27501240,2,0802209f,1806001f
210,590,27529000,1,00a0268a,
210,590,27803088,2,00108576,185f0200
210,590,278030c0,2,1806001f,185f0200
210,590,27803480,2,1806001f,185f0200
210,590,2780b080,2,1806001f,185f0200
210,590,27823080,2,00108576,10448c49
210,590,27829200,2,003c2403,1014240d
210,590,2782b000,2,10550a81,18450a81
210,590,27841082,2,082b8448,087b2000
210,590,27841084,2,082b8448,087b2000
210,590,27841088,2,00108576,087b2000
210,590,27841090,2,082b8448,087b2000
210,590,278410a0,2,082b8448,087b2000
210,590,278410c0,1,087b2000,
210,590,27841180,2,082b8448,087b2000
210,590,27841480,1,087b2000,
210,590,27843008,2,00108576,00788881
210,590,27843080,2,00108576,082b8448
210,590,27849080,1,087b2000,
210,590,27851080,1,00108576,
210,590,27861080,1,00108576,
210,590,278c1080,1,00108576,
210,590,27901088,2,10452216,18672040
210,590,27901201,2,082b8448,18672040
210,590,27901208,1,18672040,
210,590,27901240,2,0802209f,1806001f
210,590,27903008,2,18070e80,18450a81
210,590,27911008,2,082aa280,08422a82
210,590,27921200,2,002884c9,10448c49
210,590,27941080,1,082b8448,
210,590,27a41080,1,00108576,
210,590,27b40200,2,0802209f,084a3880
210,590,27b42000,2,00418a89,080a9a81
210,590,27c01408,2,082aa280,101ce200
210,590,27c09008,2,003c2403,18070e80
210,590,27c41008,2,00108576,082aa280
210,590,27c41080,2,00108576,082b8448
210,590,27d01008,2,082aa280,18070e80
210,590,27d21000,2,002884c9,102ca208
210,590,2c107408,2,010d8281,03208321
210,590,2c10b401,2,11c24240,12c14242
210,590,2c10b402,1,11c24240,
210,590,2c10b404,2,11c24240,12c14242
210,590,2c10b408,2,11c24240,12c14242
210,590,2c10b410,2,11c24240,12c14242
210,590,2c10b420,2,11c24240,12c14242
210,590,2c10b440,1,1204003f,
210,590,2c10b600,1,1204003f,
210,590,2c10f400,1,1204003f,
210,590,2c11b400,2,11c24240,1204003f
210,590,2c12b400,2,1204003f,12c14242
210,590,2c14b400,2,11c24240,12c14242
210,590,2c1c1600,1,11e0c040,
210,590,2c30c280,2,1204003f,138c0c00
210,590,2c509480,2,03a92200,1204003f
210,590,2c509600,2,02ac2081,1204003f
210,590,2c50b400,1,1204003f,
210,590,2c541600,2,0328c088,0388c804
210,590,2c549400,2,03a92200,11086a80
210,590,2c589080,1,1204003f,
210,590,2c589400,1,1204003f,
210,590,2c5c1400,1,03208321,
210,590,2c901281,2,0301ac40,03048548
210,590,2c901288,2,0301ac40,03088445
210,590,2c901680,2,032c8009,1204003f
210,590,2c903408,2,010d8281,03208321
210,590,2c90b400,1,1204003f,
210,590,2c9c1400,2,00418a89,03208321
210,590,2cb01600,2,01486881,1204003f
210,590,2cb02401,2,03485084,1044d084
210,590,2cb09080,2,10452216,1204003f
210,590,2d101288,2,00c4c444,10c8c440
210,590,2d101601,2,1224808a,1284812c
210,590,2d101608,2,0264a081,02ac2081
210,590,2d101680,2,1204003f,1284812c
210,590,2d109082,2,02630409,02ac0409
210,590,2d109201,1,00c045d4,
210,590,2d109208,2,00c045d4,02ac2081
210,590,2d109402,2,00c26288,02ac2081
210,590,2d109600,2,02ac2081,1204003f
210,590,2d10b001,2,00c045d4,12c14242
210,590,2d10b008,2,00c045d4,12c14242
210,590,2d10b400,2,1204003f,12c14242
210,590,2d119080,2,02ac0409,1204003f
210,590,2d141600,0,,
210,590,2d151400,2,00c26288,0228832c
210,590,2d209088,2,10452216,12c14242
210,590,2d244480,2,10413209,1098b004
210,590,2d301600,2,1204003f,1284812c
210,590,2d30c200,2,1204003f,124c1480
210,590,2d30e000,2,1204003f,124c1480
210,590,2d340600,2,0208f0c0,1241b080
210,590,2d509001,2,00a0268a,02882682
210,590,2d509002,2,02ac0409,02ac2081
210,590,2d509008,2,02882682,02ac2081
210,590,2d509080,2,02ac0409,1204003f
210,590,2d509400,2,02ac2081,1204003f
210,590,2d50b000,2,02ac0409,1204003f
210,590,2d541400,1,0228832c,
210,590,2d549000,2,00a0268a,02882682
210,590,2d589000,2,00a0268a,1204003f
210,590,2d709000,2,02882682,1204003f
210,590,2d901088,2,02008751,10452216
210,590,2d901408,2,0264a081,10452216
210,590,2d909008,2,10452216,10452680
210,590,2d909200,2,02630409,1204003f
210,590,2d909400,2,10452216,1204003f
210,590,2d90b000,2,02630409,1204003f
210,590,2d919000,2,10482688,1204003f
210,590,2d941400,2,00418a89,0228832c
210,590,2d949000,2,02630409,10482688
210,590,2dd09000,1,1204003f,
210,590,2e103600,2,0184c121,11e0c040
210,590,2e105600,2,016e2080,11642081
210,590,2e107400,2,00418a89,010d8281
210,590,2e10b400,1,11c24240,
210,590,2e141600,2,01486881,11e0c040
210,590,2e501600,1,0184c121,
210,590,2e503400,2,010d8281,0184c121
210,590,2e505008,2,0080aec1,010d8281
210,590,2e505400,2,010d8281,102ca208
210,590,2e509400,1,11086a80,
210,590,2e541400,1,11086a80,
210,590,2e901280,2,10448c49,11282409
210,590,2e903008,2,010d8281,01690602
210,590,2e903080,2,01690602,10448c49
210,590,2e903400,2,00418a89,010d8281
210,590,2ed01008,2,010d8281,11086a80
210,590,2ed01080,2,102ca208,11282409
210,590,2f009600,2,009041ac,00f84108
210,590,2f00f000,1,10550a81,
210,590,2f101240,1,00c84489,
210,590,2f101600,0,,
210,590,2f103400,2,00418a89,10c9c200
210,590,2f109080,2,00e12642,10452216
210,590,2f109200,2,00c045d4,00c84489
210,590,2f109400,2,00c26288,10452216
210,590,2f10b000,2,00c045d4,00c84489
210,590,2f509000,1,00a0268a,
210,590,2f803080,2,00108576,10448c49
210,590,2f80b000,1,10550a81,
210,590,2f841080,1,00108576,
210,590,2f901008,2,10452216,10452680
210,590,2f901200,2,002884c9,10448c49
210,590,2fd01000,2,002884c9,102ca208
210,590,31903408,2,0c430a81,0c650240
210,590,34085481,2,00b0832c,0b16a000
210,590,34085601,2,02722180,0b16a000
210,590,34087401,2,00b0832c,0a430a88
210,590,34089481,2,01b04124,02b56000
210,590,3408f400,2,0a320809,0a430a88
210,590,340ad400,2,03342005,08412a89
210,590,34109680,2,03e82002,08834149
210,590,3410b401,1,0a430a88,
210,590,3410b402,2,08834149,0a430a88
210,590,3410b404,2,08834149,0a430a88
210,590,3410b408,0,,
210,590,3410b410,2,08834149,0a430a88
210,590,3410b420,2,08834149,0a430a88
210,590,3410b440,1,0a430a88,
210,590,3410b480,1,08834149,
210,590,3410b500,1,0a430a88,
210,590,3410b600,1,08834149,
210,590,3410bc00,1,08834149,
210,590,3410f400,1,0a430a88,
210,590,34119480,1,03e82002,
210,590,3411b400,0,,
210,590,3412b400,0,,
210,590,3414b400,2,08834149,0a430a88
210,590,34181481,2,01e1c200,02c1c300
210,590,34181580,1,01e1c200,
210,590,34181601,0,,
210,590,34181608,2,0184c121,0264a081
210,590,34181680,2,0184c121,08834149
210,590,34181700,2,0264a081,0802209f
210,590,34183600,2,0184c121,08834149
210,590,34185480,1,03208321,
210,590,34185600,2,0264a081,0802209f
210,590,34189081,1,00e12642,
210,590,34189082,2,02630409,08834149
210,590,34189088,1,00e12642,
210,590,341890c0,1,02630409,
210,590,34189180,2,00e12642,02630409
210,590,34189201,1,00c045d4,
210,590,34189204,2,02630409,08834149
210,590,34189208,1,00c045d4,
210,590,34189210,2,02630409,08834149
210,590,34189240,2,02630409,0802209f
210,590,34189280,2,02630409,08834149
210,590,34189300,2,02630409,0802209f
210,590,34189480,1,08834149,
210,590,34189600,2,0802209f,08834149
210,590,3418b080,2,02630409,08834149
210,590,3418b400,2,08834149,0a430a88
210,590,3418d080,2,00e12642,02630409
210,590,3418d200,2,02630409,0802209f
210,590,34191480,2,0184c121,03208321
210,590,34193400,2,0184c121,03208321
210,590,34199080,0,,
210,590,34199200,2,00c045d4,0802209f
210,590,341a1401,2,01e1c200,02c1c300
210,590,341a1600,2,0184c121,0264a081
210,590,341a9080,1,00e12642,
210,590,341a9200,1,00c045d4,
210,590,341a9400,1,08412a89,
210,590,341c1600,2,0802209f,08834149
210,590,3420d600,1,0802209f,
210,590,3420f400,2,091e0280,0a430a88
210,590,34301601,2,0388c804,098cc040
210,590,34304481,2,004c3216,014cb002
210,590,34305480,2,0309a201,03c8a001
210,590,34305600,2,03c8a001,0802209f
210,590,34306401,1,0a430a88,
210,590,34306480,1,010d1209,
210,590,34306600,0,,
210,590,34308680,2,01825049,08834149
210,590,34309081,2,01884c44,088b0648
210,590,34309084,2,08834149,088b0648
210,590,34309088,1,01884c44,
210,590,343090c0,0,,
210,590,34309180,2,01884c44,088b0648
210,590,34309280,2,01884c44,08834149
210,590,34309480,1,08834149,
210,590,34309880,2,08834149,088b0648
210,590,3430b400,2,08834149,0a430a88
210,590,3430d080,1,088b0648,
210,590,34319080,1,01884c44,
210,590,34329080,1,01884c44,
210,590,34384480,2,03013209,03043209
210,590,34384600,2,03423082,0802209f
210,590,34388088,2,01827220,03845410
210,590,34389080,1,08834149,
210,590,34509480,2,03a92200,08834149
210,590,3450b400,1,08834149,
210,590,34581401,2,08222a88,088262c4
210,590,34589080,1,08834149,
210,590,34589200,2,0802209f,08834149
210,590,345a1400,2,0184c121,03208321
210,590,34704600,2,0308b0a0,0802209f
210,590,34901481,2,01692210,0228832c
210,590,34901680,2,032c8009,0b2c8001
210,590,34909081,2,01690602,01692210
210,590,34909088,2,01690602,01692210
210,590,34909280,2,02630409,03280429
210,590,34909480,1,01692210,
210,590,3490b200,2,02630409,03280429
210,590,3490b400,1,0a430a88,
210,590,34919080,1,03280429,
210,590,3491b000,2,03044681,03280429
210,590,34981480,1,03208321,
210,590,34981600,2,0264a081,0802209f
210,590,34989080,1,02630409,
210,590,34989200,2,02630409,0802209f
210,590,34b00680,2,0148b005,014cb002
210,590,34b010c0,2,0309a201,0b408c08
210,590,34b01480,1,0309a201,
210,590,34b01600,2,01486881,0802209f
210,590,34b02600,1,03485084,
210,590,34b09080,0,,
210,590,34b0b000,2,03044681,0a430a88
210,590,34b80600,2,03423082,0802209f
210,590,34d09080,1,03280429,
210,590,35009488,2,02b56000,087b2000
210,590,3500b408,1,02380a81,
210,590,3500d480,2,087b2000,0a320809
210,590,35019480,2,00f84108,0a320809
210,590,351010c8,2,0088c724,02c1c300
210,590,35101188,2,00c4c444,00e12642
210,590,35101248,2,0264a081,02ac2081
210,590,35101288,1,00c4c444,
210,590,35101481,2,0228832c,02c1c300
210,590,35101484,2,02c1c300,08834149
210,590,35101488,1,02c1c300,
210,590,351014a0,2,02c1c300,08834149
210,590,351014c0,2,0228832c,02c1c300
210,590,35101580,0,,
210,590,35101601,1,0a2a8088,
210,590,35101608,2,0264a081,02ac2081
210,590,35101680,1,08834149,
210,590,35103048,2,0088c724,02c1c300
210,590,35103408,1,02c1c300,
210,590,35103600,2,08834149,0a2a8088
210,590,35105088,2,00e12642,02008751
210,590,35105480,1,0228832c,
210,590,35109081,2,00e12642,088b0648
210,590,35109088,1,00e12642,
210,590,351090c0,2,02630409,02ac0409
210,590,35109201,1,00c045d4,
210,590,35109208,2,00c045d4,02ac2081
210,590,35109480,1,08834149,
210,590,3510b008,2,00c045d4,08a206c1
210,590,3510b400,2,08834149,0a430a88
210,590,35111084,2,02008751,02ac0409
210,590,35111180,2,00c4c444,02ac0409
210,590,35111280,2,00c4c444,02ac0409
210,590,35111480,1,0228832c,
210,590,35113400,2,0228832c,0a2a8088
210,590,35119080,1,02ac0409,
210,590,35121401,2,0228832c,02c1c300
210,590,35121480,2,0228832c,02c1c300
210,590,35121600,2,0264a081,02ac2081
210,590,35129080,2,00e12642,02ac0409
210,590,35129400,2,02ac2081,08412a89
210,590,35181480,2,02c1c300,08834149
210,590,35191080,2,00c4c444,02008751
210,590,35206401,2,0a1a100a,0a430a88
210,590,35206408,2,00509a81,080a9a81
210,590,35206480,2,02548809,0a1a100a
210,590,35206600,2,02548809,0a1a100a
210,590,35206c00,2,00581289,0a1a100a
210,590,35208288,2,02183c04,0a505c00
210,590,35208680,2,08834149,0a1a100a
210,590,35209081,2,02924c08,088b0648
210,590,35209088,0,,
210,590,35209480,2,00d14209,08834149
210,590,3520b008,1,00c045d4,
210,590,3520d080,1,088b0648,
210,590,3520e008,2,021c1481,02501483
210,590,35219080,2,0090450d,02924c08
210,590,35229080,2,0090450d,00d14209
210,590,35244480,2,08523202,0a1a100a
210,590,35300248,1,084a3880,
210,590,35300288,2,00c49550,00c4c444
210,590,353002c0,2,02c18c08,08c31c08
210,590,35300484,2,02c1c300,08834149
210,590,35300601,2,0208f0c0,084a3880
210,590,35300608,2,0208f0c0,084a3880
210,590,35300640,2,0802209f,084a3880
210,590,35300680,1,08834149,
210,590,35301480,2,02c1c300,08834149
210,590,35301600,2,0802209f,08834149
210,590,35302401,2,02c1c300,0a430a88
210,590,35302408,2,02c1c300,080a9a81
210,590,35302480,2,02c1c300,08834149
210,590,35302600,1,08834149,
210,590,35302c00,2,02c1c300,08834149
210,590,35304480,1,004c3216,
210,590,35304600,2,0802209f,084a3880
210,590,35308088,1,004c3216,
210,590,35308208,2,00c045d4,084a3880
210,590,35308280,2,08834149,08c31c08
210,590,35309080,2,08834149,088b0648
210,590,3530a008,1,00c045d4,
210,590,3530a400,2,08834149,0a430a88
210,590,35310280,2,00c49550,00c4c444
210,590,35312400,1,080a9a81,
210,590,3531a000,2,00c045d4,00c84489
210,590,35320240,2,00c84489,02c18c08
210,590,35320600,1,0208f0c0,
210,590,35322400,2,00418a89,02c1c300
210,590,35328080,2,0008720d,004c3216
210,590,35328200,2,00c045d4,00c84489
210,590,3532a000,2,00c045d4,00c84489
210,590,35380600,2,0802209f,08834149
210,590,35501088,2,0088c724,02008751
210,590,35501480,2,0228832c,08834149
210,590,35521400,2,0228832c,02ac2081
210,590,35581080,2,02008751,08834149
210,590,35606400,2,080a9a81,0a1a100a
210,590,3560a008,2,009a5201,021c1481
210,590,35624400,2,0014b08c,021ca880
210,590,35700081,2,0088c724,088b0648
210,590,35700088,2,0088c724,02008751
210,590,357000c0,2,0008720d,0088c724
210,590,35700240,1,0802209f,
210,590,35700280,2,02098449,08834149
210,590,35700480,2,0008720d,08834149
210,590,35702040,2,0088c724,080a9a81
210,590,35702400,2,080a9a81,08834149
210,590,35704400,2,0802209f,080a9a81
210,590,35708008,2,02882682,088262c4
210,590,35708200,2,0802209f,08834149
210,590,3570a000,2,08834149,088b0648
210,590,35780040,2,0080728a,0802209f
210,590,35780080,2,02008751,08834149
210,590,35809081,2,02710e02,087b2000
210,590,35809480,2,087b2000,0a320809
210,590,3580b008,2,02380a81,02710e02
210,590,3580b800,2,02630409,083a008c
210,590,35819080,2,003c2403,0a320809
210,590,35829001,1,02710e02,
210,590,35829080,2,003c2403,02710e02
210,590,35829200,2,003c2403,02582481
210,590,35829400,2,02380a81,08412a89
210,590,35829800,2,003c2403,02582481
210,590,3582b000,2,02380a81,02710e02
210,590,358a9000,2,02710e02,08412a89
210,590,35901081,2,0228832c,082b8448
210,590,35901088,1,02008751,
210,590,359010c0,2,0228832c,02630409
210,590,35901480,1,0228832c,
210,590,35909008,2,08422a82,08432a80
210,590,35909080,1,02630409,
210,590,35909200,2,02630409,0802209f
210,590,35909800,2,02630409,0802209f
210,590,3590b000,2,02630409,0a430a88
210,590,35911080,2,02008751,0228832c
210,590,35929000,1,08412a89,
210,590,35981080,2,02008751,02630409
210,590,35a09080,0,,
210,590,35a29000,2,02582481,08412a89
210,590,35b00280,1,02098449,
210,590,35b01080,2,02008751,02098449
210,590,35b02080,2,02008751,02098449
210,590,35b08200,2,0802209f,084a3880
210,590,35b0a000,1,0a430a88,
210,590,35c09080,2,003c2403,0a320809
210,590,35c29000,2,003c2403,02380a81
210,590,35d09000,2,0802209f,08222a88
210,590,36101241,2,016e2080,01c0ec00
210,590,36101601,2,016e2080,098cc040
210,590,36103401,2,01e1c200,098cc040
210,590,36105208,2,016e2080,01e08c40
210,590,36105480,1,01692210,
210,590,36105600,2,016e2080,0802209f
210,590,36107400,2,00418a89,010d8281
210,590,36109480,2,01692210,08834149
210,590,3610b400,1,08834149,
210,590,36111480,2,0184c121,098cc040
210,590,36113400,2,0184c121,098cc040
210,590,36119080,2,01884c44,01a80c09
210,590,36185200,2,01e08c40,0802209f
210,590,36189080,2,00e12642,08834149
210,590,36305080,2,088b0648,09828640
210,590,36305200,1,0802209f,
210,590,36306200,2,00c49550,08c31c08
210,590,36704200,2,01093481,0802209f
210,590,36889080,2,01162209,01704803
210,590,36901082,2,01692210,082b8448
210,590,36901088,2,01690602,01692210
210,590,36901090,2,01690602,082b8448
210,590,369010c0,2,01690602,01692210
210,590,36901201,2,016e2080,082b8448
210,590,36901208,2,01486881,016e2080
210,590,36901280,1,082b8448,
210,590,36901480,1,01692210,
210,590,36903001,2,01690602,082b8448
210,590,36903008,2,010d8281,01690602
210,590,36903080,2,01690602,082b8448
210,590,36903200,2,002884c9,082b8448
210,590,36903400,2,00418a89,010d8281
210,590,36909080,2,01690602,01692210
210,590,3690b000,1,01690602,
210,590,36911080,0,,
210,590,36913000,1,002884c9,
210,590,36921001,2,01690602,01692210
210,590,36921080,2,01690602,01692210
210,590,36921200,2,002884c9,01486881
210,590,36931000,2,002884c9,01486881
210,590,36981008,2,08422a82,08432a80
210,590,36981080,0,,
210,590,36981200,1,0802209f,
210,590,36981800,1,0802209f,
210,590,36983000,1,00418a89,
210,590,369a1000,2,00418a89,08412a89
210,590,36b01001,2,08422a82,08432a80
210,590,36b01080,0,,
210,590,36b01200,2,01486881,0802209f
210,590,36b01800,2,010d8281,0802209f
210,590,36b02200,1,01415448,
210,590,36b03000,2,00418a89,010d8281
210,590,36b80200,2,01415448,0802209f
210,590,36d01008,2,010d8281,082aa280
210,590,36d01080,1,082b8448,
210,590,36d09000,2,0802209f,08222a88
210,590,36d21000,2,002884c9,010d8281
210,590,36d81000,2,0802209f,08222a88
210,590,36f00200,2,01093481,0802209f
210,590,36f01000,2,010d8281,0802209f
210,590,37003408,2,00788881,0090c1a4
210,590,371010c0,1,0088c724,
210,590,37101240,2,00c84489,0802209f
210,590,37101480,1,08834149,
210,590,37101600,2,0802209f,08834149
210,590,37103400,2,00418a89,08834149
210,590,37111080,2,0088c724,00c4c444
210,590,37121400,2,00418a89,08412a89
210,590,37205080,2,00108576,088b0648
210,590,37801082,2,082b8448,087b2000
210,590,378010c0,2,003c2403,087b2000
210,590,37801480,1,087b2000,
210,590,37803008,2,00108576,00788881
210,590,37803080,2,00108576,082b8448
210,590,37809080,2,003c2403,087b2000
210,590,3780b000,2,08120e88,083a008c
210,590,37811080,2,00108576,003c2403
210,590,37821080,2,00108576,003c2403
210,590,37829000,2,003c2403,08412a89
210,590,37881080,1,00108576,
210,590,37901080,1,082b8448,
210,590,37a00204,2,08123888,084a3880
210,590,37a00208,2,00108576,084a3880
210,590,37a00280,1,00108576,
210,590,37a01080,1,00108576,
210,590,37a01200,2,00108576,0802209f
210,590,37a02001,2,00108576,08120e88
210,590,37a02080,2,0010560d,00108576
210,590,37a02200,1,00108576,
210,590,37a20200,2,00108576,0014b08c
210,590,37b00200,2,0802209f,084a3880
210,590,37b02000,2,00418a89,080a9a81
210,590,3c10b400,0,,
210,590,3c181600,2,0184c121,0264a081
210,590,3c189080,2,00e12642,02630409
210,590,3c189200,2,00c045d4,02630409
210,590,3c189400,2,00c26288,02c32282
210,590,3c309080,1,01884c44,
210,590,3c581400,2,0184c121,03208321
210,590,3d101480,2,0228832c,02c1c300
210,590,3d101600,2,0264a081,02ac2081
210,590,3d300600,1,0208f0c0,
210,590,3d302400,2,00418a89,02c1c300
210,590,3d308200,2,00c045d4,00c84489
210,590,3d30a000,2,00c045d4,00c84489
210,590,3d501400,2,0228832c,02ac2081
210,590,3d909000,1,02630409,
210,590,3e501400,2,010d8281,0184c121
210,590,3e901080,2,01690602,01692210
210,590,3e981000,1,00418a89,
210,590,3ed01000,2,002884c9,010d8281
210,590,3f101400,2,00418a89,00c26288
210,590,3f801080,2,00108576,003c2403
210,590,3f901000,2,002884c9,00418a89
210,590,3fa00200,2,00108576,0014b08c
