mask_hex,rank,active_rows480,active_rows493
06021829,8,422,431
23222801,8,423,431
12444083,8,421,432
20827018,8,424,432
29c04082,8,424,433
02916180,8,426,434
13c00881,8,426,434
070c4840,8,428,434
2380408a,8,429,434
07888090,8,425,435
0e20a802,8,427,435
22cb4000,8,427,435
25429040,8,424,436
32606100,8,425,436
11023882,8,426,436
2e180104,8,426,436
03242c20,8,427,436
06840485,8,428,436
0404e016,8,425,437
0120007f,9,425,437
0144a8a0,8,426,437
1044680a,8,426,437
140c820a,8,426,437
3b010401,8,426,437
091038a0,8,427,437
0a245104,8,427,437
12140588,8,427,437
12c62800,8,427,437
16508050,8,427,437
21ac000a,8,427,437
248c0106,8,427,437
021a20c1,8,428,437
06b02005,8,428,437
0e228028,8,428,437
0e62000c,8,428,437
13a0800a,8,428,437
07800426,8,430,437
00c4c124,8,427,438
040ec005,8,427,438
13219020,8,427,438
24a8a040,8,427,438
2520401a,8,427,438
0304c105,8,428,438
0e220c20,8,429,438
10842582,8,427,439
20a03428,8,427,439
24940188,8,427,439
0d120025,8,428,439
2208508c,8,428,439
32c10600,8,428,439
34c40880,8,428,439
02672400,8,429,439
0343c001,8,429,439
0a6810c0,8,429,439
0c845820,8,429,439
13620081,8,429,439
160440c2,8,429,439
23001c21,8,429,439
2c081284,8,429,439
0a09a480,8,430,439
06b02018,8,431,439
0480d244,8,428,440
04949210,8,428,440
0918a011,8,428,440
14188882,8,428,440
15c01060,8,428,440
1c841900,8,428,440
05122414,8,429,440
0822044b,8,429,440
180a8281,8,429,440
200062a9,8,429,440
2052008b,8,429,440
240e0092,8,429,440
34a02108,8,429,440
0306a006,8,430,440
0e141090,8,430,440
0220ac09,8,431,440
03a42102,8,431,440
02823288,8,432,440
010d8281,8,428,441
24188920,8,428,441
00b1b080,8,429,441
0300dd00,8,429,441
061c8014,8,429,441
13300091,8,429,441
1482d800,8,429,441
206c1041,8,429,441
0240812d,8,430,441
040242a9,8,430,441
0500b190,8,430,441
190a4048,8,430,441
1e300240,8,430,441
22046418,8,430,441
24803085,8,430,441
0582aa00,8,431,441
06810606,8,431,441
0a164028,8,431,441
0e003620,8,431,441
0e602420,8,431,441
38520048,8,431,441
01154281,8,429,442
040d6500,8,430,442
0412e402,8,430,442
06a10604,8,430,442
08d04484,8,430,442
09844450,8,430,442
214c2060,8,430,442
29334000,8,430,442
01845091,8,431,442
0301d003,8,431,442
12601484,8,431,442
1450c420,8,431,442
22824421,8,431,442
240e4880,8,431,442
2a330001,8,431,442
20c02c88,8,432,442
26420482,8,432,442
298d0200,8,432,442
0e484081,8,433,442
14982022,8,433,442
04d08a08,8,430,443
05041305,8,430,443
0090d302,8,431,443
009c040d,8,431,443
0159a020,8,431,443
01c0d102,8,431,443
03629010,8,431,443
10486203,8,431,443
150b1002,8,431,443
20190407,8,431,443
286d1000,8,431,443
36100086,8,431,443
00965012,8,432,443
02a2d004,8,432,443
02c17100,8,432,443
0468840c,8,432,443
24884094,8,432,443
261008a8,8,432,443
2a043401,8,432,443
3004480b,8,432,443
31862100,8,432,443
0b201043,8,433,443
0388c804,8,434,443
009ad100,8,431,444
06110701,8,431,444
34061210,8,431,444
04388181,8,432,444
09186012,8,432,444
1014c08a,8,432,444
109c2021,8,432,444
11982021,8,432,444
18253002,8,432,444
28446201,8,432,444
05802c03,8,433,444
0a4b3000,8,433,444
220a5081,8,433,444
221c0282,8,433,444
22405601,8,433,444
24564040,8,433,444
2ca20500,8,433,444
2cd02100,8,433,444
3404801a,8,433,444
3c100811,8,433,444
0b320804,8,434,444
0cca000a,8,434,444
20349084,8,432,445
00587810,8,433,445
010c6424,8,433,445
01504c21,8,433,445
0409d300,8,433,445
044450c1,8,433,445
04a4c280,8,433,445
04c13420,8,433,445
0908c809,8,433,445
11246840,8,433,445
11283030,8,433,445
1441a082,8,433,445
24514050,8,433,445
29088e00,8,433,445
01923220,8,434,445
04027406,8,434,445
04122618,8,434,445
070180c1,8,434,445
0810dc08,8,434,445
13200603,8,434,445
14462044,8,434,445
1844a440,8,434,445
04826504,8,435,445
05441124,8,435,445
20826091,8,435,445
02606290,8,436,445
0a12a802,8,436,445
16504120,8,437,445
00789204,8,433,446
0ca8c020,8,433,446
0104208f,8,434,446
02629201,8,434,446
04509a10,8,434,446
0a2c9002,8,434,446
1004a40b,8,434,446
100c5490,8,434,446
10145602,8,434,446
12066202,8,434,446
12915040,8,434,446
21360500,8,434,446
24154012,8,434,446
2c08a410,8,434,446
314802c0,8,434,446
05488580,8,435,446
0812428c,8,435,446
084a0a81,8,435,446
0c844103,8,435,446
124c4005,8,435,446
14590410,8,435,446
1480401d,8,435,446
19240418,8,435,446
20026429,8,435,446
2119c040,8,435,446
24085380,8,435,446
3c020c80,8,435,446
0d022184,8,436,446
15860018,8,436,446
2e060108,8,436,446
0210a486,8,437,446
0a264808,8,437,446
1250a0a0,8,437,446
260b0a00,8,437,446
10a41490,8,434,447
003d2600,8,435,447
00584283,8,435,447
05809121,8,435,447
0846600a,8,435,447
20185301,8,435,447
202c2109,8,435,447
20c44540,8,435,447
21142442,8,435,447
0c982900,8,436,447
12306022,8,436,447
186420c0,8,436,447
21016c80,8,436,447
048a6104,8,437,447
14062094,8,437,447
03862208,8,438,447
0a02ec00,8,438,447
281d9000,8,435,448
01168c08,8,436,448
019c1018,8,436,448
08028e09,8,436,448
093044c0,8,436,448
0941d400,8,436,448
18542900,8,436,448
29601028,8,436,448
3408c0c0,8,436,448
02548181,8,437,448
02a0150c,8,437,448
06322042,8,437,448
06632100,8,437,448
090e0284,8,437,448
1c80400e,8,437,448
2206e004,8,437,448
2812401a,8,437,448
32144090,8,437,448
0402f048,8,438,448
0486300c,8,438,448
0f208140,8,438,448
04c020c9,8,439,448
0a047804,8,439,448
20ce4200,8,440,448
04113007,8,436,449
21265004,8,436,449
28381011,8,436,449
000e8609,8,437,449
014c6102,8,437,449
06014e01,8,437,449
08120e88,8,437,449
0c4a2003,8,437,449
10843809,8,437,449
14288441,8,437,449
14413420,8,437,449
15001286,8,437,449
2061b080,8,437,449
21c804a0,8,437,449
2410282c,8,437,449
31282021,8,437,449
0012e608,8,438,449
091aa010,8,438,449
0c04400f,8,438,449
1a065002,8,438,449
1a454008,8,438,449
1d042102,8,438,449
2014c40c,8,438,449
30470408,8,438,449
0092510a,8,439,449
013a2044,8,439,449
0300850d,8,439,449
06203904,8,439,449
07428084,8,439,449
0a308405,8,439,449
0e00480b,8,439,449
12a94002,8,439,449
26060484,8,439,449
3184100c,8,439,449
028cb004,8,440,449
2404b300,8,437,450
34005105,8,437,450
0580c510,8,438,450
081cc808,8,438,450
1006a08c,8,438,450
1540110a,8,438,450
2048244a,8,438,450
24103015,8,438,450
25110242,8,438,450
310a2042,8,438,450
34124300,8,438,450
030884a1,8,439,450
0b40a810,8,439,450
1054101c,8,439,450
11c1c004,8,439,450
15002883,8,439,450
205f4000,8,439,450
20a81016,8,439,450
254808a0,8,439,450
29894008,8,439,450
30472400,8,439,450
31e24000,8,439,450
35020490,8,439,450
2980a081,8,440,450
29880206,8,440,450
2a025280,8,440,450
070c4180,8,443,450
04005a0b,8,438,451
0419048c,8,438,451
04621181,8,438,451
04c98240,8,438,451
20d88041,8,438,451
04410e81,8,439,451
0c3a0012,8,439,451
11066041,8,439,451
16085180,8,439,451
180c440a,8,439,451
2108121a,8,439,451
24940406,8,439,451
3a242200,8,439,451
01028c49,8,440,451
014a0419,8,440,451
02a01618,8,440,451
11662020,8,440,451
18520288,8,440,451
21096102,8,440,451
31002648,8,440,451
31444108,8,440,451
0a188803,8,441,451
0d424840,8,441,451
3282c008,8,442,451
0090450d,8,439,452
02305811,8,439,452
05010549,8,439,452
14219011,8,439,452
0059a801,8,440,452
01742140,8,440,452
01805426,8,440,452
02187021,8,440,452
040a3a08,8,440,452
0504e802,8,440,452
083a008c,8,440,452
0c1610c0,8,440,452
0d4010a1,8,440,452
180c1c08,8,440,452
1c005c01,8,440,452
24893040,8,440,452
021c1490,8,441,452
04524828,8,441,452
05622804,8,441,452
06a02e00,8,441,452
10864029,8,441,452
18222680,8,441,452
18836008,8,441,452
1c0c0818,8,441,452
30644081,8,441,452
38450408,8,441,452
00d060c4,8,442,452
02c26204,8,442,452
038e0402,8,442,452
1e500011,8,442,452
2ee00040,8,442,452
03043224,8,443,452
0a0e4c00,8,443,452
00705092,8,440,453
00b94600,8,440,453
03048650,8,440,453
0c121241,8,440,453
11b11800,8,440,453
01140709,8,441,453
014d6100,8,441,453
04c06160,8,441,453
09446048,8,441,453
09502610,8,441,453
0a904450,8,441,453
11909018,8,441,453
20486211,8,441,453
244c1240,8,441,453
2e300280,8,441,453
300cc018,8,441,453
308822c0,8,441,453
3900c088,8,441,453
00b86044,8,442,453
00e33080,8,442,453
02507048,8,442,453
044430a4,8,442,453
0e201106,8,442,453
16214081,8,442,453
21462c00,8,442,453
30441029,8,442,453
39402440,8,442,453
035c0810,8,443,453
0b11a002,8,443,453
17400308,8,443,453
2a08208c,8,443,453
0b82c004,8,445,453
003a180a,8,441,454
043a2012,8,441,454
05058881,8,441,454
15011310,8,441,454
15290028,8,441,454
1a209003,8,441,454
042b1082,8,442,454
044c5104,8,442,454
04b12500,8,442,454
05043821,8,442,454
06281114,8,442,454
080a2449,8,442,454
0b051401,8,442,454
10c43401,8,442,454
14830680,8,442,454
19628008,8,442,454
26221140,8,442,454
30904510,8,442,454
204804c9,8,443,454
21888206,8,443,454
2c026500,8,443,454
35024180,8,443,454
02682580,8,444,454
34108442,8,444,454
36c00048,8,444,454
019a0482,8,442,455
05a80019,8,442,455
083c1280,8,442,455
102b3200,8,442,455
10301207,8,442,455
24099410,8,442,455
24241188,8,442,455
242c8500,8,442,455
30580888,8,442,455
04116848,8,443,455
04211360,8,443,455
04292290,8,443,455
04641260,8,443,455
046a1024,8,443,455
093e0004,8,443,455
0c492180,8,443,455
10846520,8,443,455
2105a600,8,443,455
23018460,8,443,455
03560101,8,444,455
06126204,8,444,455
06292220,8,444,455
09e22800,8,444,455
1012400f,8,444,455
1405022c,8,444,455
14644110,8,444,455
15412102,8,444,455
16000629,8,444,455
1c884840,8,444,455
20d40488,8,444,455
21200709,8,444,455
21cc0240,8,444,455
2898008a,8,444,455
2c21a008,8,444,455
30421409,8,444,455
022c8c08,8,445,455
0308b104,8,445,455
05042aa0,8,445,455
06443108,8,445,455
06904288,8,445,455
0b20a208,8,445,455
16048106,8,445,455
038ec000,8,446,455
22026881,8,446,455
0121d204,8,443,456
01245c04,8,443,456
01381160,8,443,456
0494a420,8,443,456
10313808,8,443,456
14a48088,8,443,456
1510081a,8,443,456
15600085,8,443,456
1c308003,8,443,456
24348900,8,443,456
005e6010,8,444,456
00b36400,8,444,456
012d2402,8,444,456
05c0a810,8,444,456
090a5402,8,444,456
090d1600,8,444,456
0c114805,8,444,456
101c40c1,8,444,456
10321604,8,444,456
18848089,8,444,456
208c2c08,8,444,456
31044441,8,444,456
34062012,8,444,456
3c041840,8,444,456
05484188,8,445,456
0624001b,8,445,456
0842280d,8,445,456
1c222048,8,445,456
20827005,8,445,456
320c4090,8,445,456
0e04c00c,8,446,456
0e408428,8,446,456
0f900280,8,446,456
12922202,8,446,456
2a2210c0,8,446,456
03a02444,8,447,456
00103e81,8,444,457
0438042a,8,444,457
04814381,8,444,457
05184031,8,444,457
0d900844,8,444,457
11311840,8,444,457
14124680,8,444,457
15009620,8,444,457
24221580,8,444,457
30296004,8,444,457
34128a00,8,444,457
03046016,8,445,457
03214680,8,445,457
034c0640,8,445,457
03848508,8,445,457
042112a4,8,445,457
044c2405,8,445,457
08194409,8,445,457
11144106,8,445,457
14023490,8,445,457
15088460,8,445,457
18084289,8,445,457
2008b086,8,445,457
22908c04,8,445,457
240a2890,8,445,457
300e1280,8,445,457
06003584,8,446,457
06324280,8,446,457
07081092,8,446,457
11043980,8,446,457
031a0085,8,447,457
07214802,8,447,457
2c824102,8,448,457
01d81090,8,445,458
04191206,8,445,458
05900e04,8,445,458
24504450,8,445,458
3008108d,8,445,458
34308082,8,445,458
34a08480,8,445,458
01445448,8,446,458
06508980,8,446,458
0832b004,8,446,458
087b2000,8,446,458
08a13408,8,446,458
0a309110,8,446,458
0cc05011,8,446,458
0d1b0004,8,446,458
150b0401,8,446,458
20231488,8,446,458
26148204,8,446,458
27801180,8,446,458
02508c0c,8,447,458
062012a1,8,447,458
06a41a00,8,447,458
0a285082,8,447,458
16e02100,8,447,458
24a04016,8,447,458
2c480049,8,447,458
31a10408,8,447,458
3204a410,8,447,458
02680419,8,448,458
22884284,8,448,458
0a708021,8,449,458
01109a03,8,446,459
04c90809,8,446,459
10685014,8,446,459
10a81640,8,446,459
1441b020,8,446,459
18689040,8,446,459
24083320,8,446,459
3010d024,8,446,459
04502a41,8,447,459
0460b810,8,447,459
04a80c88,8,447,459
05011612,8,447,459
0934a040,8,447,459
1018b880,8,447,459
11142430,8,447,459
1420c4c0,8,447,459
15019084,8,447,459
15404828,8,447,459
1a446400,8,447,459
200e7800,8,447,459
20d2b000,8,447,459
2184a202,8,447,459
30ac0005,8,447,459
00a86242,8,448,459
0664800a,8,448,459
094200c9,8,448,459
0a82020b,8,448,459
0e921040,8,448,459
2092100b,8,448,459
06843a00,8,449,459
06c64001,8,449,459
16a40005,8,449,459
0a228418,8,450,459
0a2a2090,8,450,459
22506180,8,450,459
069c000c,8,451,459
00b0450c,8,447,460
0d121050,8,447,460
10351880,8,447,460
14013428,8,447,460
148045c0,8,447,460
2009120b,8,447,460
2010b881,8,447,460
21089540,8,447,460
2c141204,8,447,460
3c0a1040,8,447,460
0140a648,8,448,460
01b21082,8,448,460
03552020,8,448,460
0490c0a4,8,448,460
07800584,8,448,460
090a3402,8,448,460
0c406a04,8,448,460
0d006428,8,448,460
111a2011,8,448,460
15014380,8,448,460
18605201,8,448,460
1b080602,8,448,460
21522804,8,448,460
08c28e40,9,448,460
0342200b,8,449,460
1188200d,8,449,460
0e602500,8,450,460
21e02088,8,450,460
07804182,8,451,460
0b024a80,8,453,460
00349403,8,448,461
10245805,8,448,461
21119480,8,448,461
244d00c0,8,448,461
0082c449,8,449,461
0110844b,8,449,461
0530c210,8,449,461
090c1a01,8,449,461
0c096401,8,449,461
0e4c2010,8,449,461
10c9c200,8,449,461
141c0910,8,449,461
1818c208,8,449,461
1a205140,8,449,461
240c21a0,8,449,461
248d1010,8,449,461
3009040d,8,449,461
31426800,8,449,461
014c9084,8,450,461
0481208b,8,450,461
1b50000a,8,450,461
21894082,8,450,461
3c100248,8,450,461
06840c82,8,452,461
00309603,8,449,462
03904061,8,449,462
06111301,8,449,462
0c31000d,8,449,462
1098b004,8,449,462
1461c800,8,449,462
20211688,8,449,462
01c16042,8,450,462
04511206,8,450,462
05209828,8,450,462
091484c0,8,450,462
09d08101,8,450,462
11148031,8,450,462
12442580,8,450,462
14684006,8,450,462
14692004,8,450,462
19432800,8,450,462
1980500a,8,450,462
1a881402,8,450,462
21804708,8,450,462
34100039,8,450,462
03b80204,8,451,462
08146288,8,451,462
091a0482,8,451,462
0a025403,8,451,462
0b424410,8,451,462
1010a4c1,8,451,462
224844c0,8,451,462
3c104300,8,451,462
010a30c4,8,452,462
03490089,8,452,462
06626010,8,452,462
06c22208,8,453,462
0458a202,8,450,463
04c18241,8,450,463
0505c210,8,450,463
05120483,8,450,463
05800c0d,8,450,463
062c0501,8,450,463
10b0c480,8,450,463
25810809,8,450,463
280a9208,8,450,463
34188044,8,450,463
01ec4002,8,451,463
02201685,8,451,463
04423092,8,451,463
05802d80,8,451,463
060e1088,8,451,463
0c1cc020,8,451,463
0d12a100,8,451,463
1140e202,8,451,463
192a0808,8,451,463
19805300,8,451,463
20382d00,8,451,463
21144490,8,451,463
2404e410,8,451,463
28295004,8,451,463
32710200,8,451,463
02722180,8,452,463
17880108,8,452,463
18864280,8,452,463
03c84802,8,453,463
0a906048,8,453,463
22a2a080,8,453,463
27c00804,8,453,463
00b01498,8,451,464
092a1022,8,451,464
10b04481,8,451,464
14a01288,8,451,464
15021091,8,451,464
203a0888,8,451,464
21480309,8,451,464
0044e085,8,452,464
00522285,8,452,464
008e4409,8,452,464
00c064a8,8,452,464
010ce101,8,452,464
0401f180,8,452,464
04060499,8,452,464
04223184,8,452,464
10512680,8,452,464
11135010,8,452,464
198c1002,8,452,464
2098001e,8,452,464
21246003,8,452,464
21490403,8,452,464
249c0044,8,452,464
25080a0c,8,452,464
2d040c01,8,452,464
30584014,8,452,464
02a1b080,8,453,464
03246101,8,453,464
0c80580a,8,453,464
15802a08,8,453,464
21826c00,8,453,464
2e440808,8,453,464
02668440,8,454,464
07814804,8,454,464
03853080,8,455,464
12182881,8,455,464
17022048,8,455,464
04201869,8,452,465
12111c01,8,452,465
1404a884,8,452,465
14621202,8,452,465
1500c284,8,452,465
20097003,8,452,465
20182650,8,452,465
2822d200,8,452,465
34833000,8,452,465
34928200,8,452,465
0146600c,8,453,465
03199080,8,453,465
05d28004,8,453,465
06890c80,8,453,465
09ba0040,8,453,465
0a446081,8,453,465
14262401,8,453,465
15040621,8,453,465
28180483,8,453,465
28882580,8,453,465
29490a00,8,453,465
39c14000,8,453,465
04c42049,8,454,465
0a806604,8,454,465
0cc64002,8,454,465
16044a01,8,454,465
170880c0,8,454,465
24006581,8,454,465
01182298,8,455,465
018162a0,8,455,465
0664200c,8,455,465
010a5203,8,453,466
03048548,8,453,466
041bc200,8,453,466
04213103,8,453,466
05834500,8,453,466
05a80411,8,453,466
18911408,8,453,466
20087a04,8,453,466
20195808,8,453,466
24212206,8,453,466
25078001,8,453,466
35204140,8,453,466
01342610,8,454,466
01942620,8,454,466
0410ce40,8,454,466
0448c488,8,454,466
05096042,8,454,466
05851410,8,454,466
0998a004,8,454,466
0c426011,8,454,466
0c490418,8,454,466
0d026101,8,454,466
0d990002,8,454,466
11302205,8,454,466
16a24080,8,454,466
18305030,8,454,466
1b084201,8,454,466
200a7028,8,454,466
2014a441,8,454,466
2100e604,8,454,466
210a2504,8,454,466
21649004,8,454,466
21e01420,8,454,466
24403092,8,454,466
24506042,8,454,466
285820a0,8,454,466
01a03424,8,455,466
03802e40,8,455,466
0548001d,8,455,466
060324c0,8,455,466
07201890,8,455,466
30540c08,8,455,466
31c14004,8,455,466
36401028,8,455,466
03412888,8,456,466
2e8c0004,8,456,466
00f0100d,8,454,467
05284301,8,454,467
12e05800,8,454,467
1d8a8000,8,454,467
202c5280,8,454,467
2094c048,8,454,467
22059440,8,454,467
2404ac80,8,454,467
2580480c,8,454,467
2c188084,8,454,467
3040d408,8,454,467
30a80680,8,454,467
32189020,8,454,467
35900810,8,454,467
001a028b,8,455,467
005c4007,8,455,467
0340ac20,8,455,467
03640281,8,455,467
04092690,8,455,467
059410a0,8,455,467
0c302a80,8,455,467
0e091088,8,455,467
10b42440,8,455,467
11c48500,8,455,467
12a05210,8,455,467
19980402,8,455,467
20c02682,8,455,467
25480c20,8,455,467
281b0404,8,455,467
28942408,8,455,467
2ca42400,8,455,467
2e082108,8,455,467
310c8044,8,455,467
3401208a,8,455,467
000a7098,8,456,467
02142588,8,456,467
0230c40a,8,456,467
0254a0c0,8,456,467
03e04009,8,456,467
25030428,8,456,467
22028c88,8,457,467
2a524800,8,457,467
0b205060,8,458,467
1600a428,8,458,467
0408504d,8,455,468
049048c4,8,455,468
14c10019,8,455,468
20195028,8,455,468
202c3022,8,455,468
22a8100a,8,455,468
25102015,8,455,468
2a2a1100,8,455,468
34084218,8,455,468
0008f448,8,456,468
01047025,8,456,468
014064d0,8,456,468
01589090,8,456,468
03500e02,8,456,468
04c430a0,8,456,468
06308484,8,456,468
0c1c1440,8,456,468
0c542082,8,456,468
10b04482,8,456,468
1a04a108,8,456,468
200c440e,8,456,468
2128c082,8,456,468
220b1600,8,456,468
24212380,8,456,468
298a4800,8,456,468
304a20c0,8,456,468
38824108,8,456,468
0211ac08,8,457,468
07500902,8,457,468
0c514011,8,457,468
2a282802,8,457,468
034228c0,8,458,468
05822086,8,458,468
22504e00,8,458,468
0f80200a,8,459,468
00788881,8,456,469
01341214,8,456,469
04893300,8,456,469
04918203,8,456,469
05a84110,8,456,469
09ae1000,8,456,469
0c0b0481,8,456,469
29080883,8,456,469
39288001,8,456,469
01342c40,8,457,469
04023285,8,457,469
04146444,8,457,469
048d4102,8,457,469
049c8082,8,457,469
05602901,8,457,469
09416210,8,457,469
0ac46100,8,457,469
0b700088,8,457,469
0d442410,8,457,469
20cca004,8,457,469
21042491,8,457,469
21b02101,8,457,469
301c0290,8,457,469
30c92400,8,457,469
1494002c,8,458,469
15104068,8,458,469
07080415,8,459,469
0e902a00,8,459,469
16224088,8,459,469
22c26004,8,460,469
0180d124,8,457,470
051a0806,8,457,470
05490310,8,457,470
05880443,8,457,470
0c221380,8,457,470
0ca01444,8,457,470
1094c808,8,457,470
20291680,8,457,470
24122610,8,457,470
24281184,8,457,470
29205840,8,457,470
04436005,8,458,470
05222882,8,458,470
0540848c,8,458,470
0550401a,8,458,470
06a48081,8,458,470
0aa29001,8,458,470
0c143180,8,458,470
1140a2a0,8,458,470
1ab01020,8,458,470
23001690,8,458,470
240c420a,8,458,470
2818080d,8,458,470
310b2400,8,458,470
31106042,8,458,470
39094200,8,458,470
3a082404,8,458,470
00528449,8,459,470
02109c0c,8,459,470
06b22200,8,459,470
0b10a210,8,459,470
0ea48002,8,459,470
0eb00a00,8,459,470
0f008205,8,459,470
32120601,8,459,470
33441100,8,459,470
21a62080,8,460,470
00687801,8,458,471
01087308,8,458,471
0124110d,8,458,471
01a01740,8,458,471
01e1c200,8,458,471
040c2491,8,458,471
0489e040,8,458,471
05094620,8,458,471
05101780,8,458,471
0c3c8100,8,458,471
10333200,8,458,471
20087013,8,458,471
20583022,8,458,471
2c310202,8,458,471
2e680001,8,458,471
0140628a,8,459,471
0228108d,8,459,471
050c041c,8,459,471
060a4680,8,459,471
062014d0,8,459,471
0630410a,8,459,471
0681c005,8,459,471
07041803,8,459,471
0a388840,8,459,471
0c8222c0,8,459,471
0e13000a,8,459,471
0f048041,8,459,471
110c4203,8,459,471
12109083,8,459,471
15244030,8,459,471
19802481,8,459,471
21432202,8,459,471
2210a301,8,459,471
23308802,8,459,471
234a1200,8,459,471
28ac2080,8,459,471
36019002,8,459,471
1264200a,8,460,471
13602006,8,460,471
171a0100,8,460,471
21604c08,8,460,471
2211040b,8,460,471
2295a000,8,460,471
092a20a0,8,461,471
2b480280,8,461,471
228060c2,8,463,471
0010560d,8,459,472
01425608,8,459,472
01985110,8,459,472
01a93008,8,459,472
04493006,8,459,472
045118c0,8,459,472
04652808,8,459,472
0548c240,8,459,472
0c418c08,8,459,472
14a23100,8,459,472
15005111,8,459,472
1812900c,8,459,472
20e94400,8,459,472
2110808d,8,459,472
24182015,8,459,472
2c450280,8,459,472
01475200,8,460,472
02946104,8,460,472
032a1006,8,460,472
04a24508,8,460,472
04e11060,8,460,472
060d0508,8,460,472
06148520,8,460,472
0720c102,8,460,472
09221803,8,460,472
0b198200,8,460,472
0c243024,8,460,472
0e2c000a,8,460,472
1002c289,8,460,472
11479000,8,460,472
14043504,8,460,472
19203420,8,460,472
19848201,8,460,472
2611c040,8,460,472
27a10100,8,460,472
300c2444,8,460,472
34902180,8,460,472
02027580,8,461,472
04f60008,8,461,472
0e740002,8,461,472
16040059,8,461,472
01a56080,8,462,472
03322240,8,462,472
0a148881,8,462,472
138c000c,8,462,472
0300628c,8,463,472
030a2098,8,464,472
01125818,8,460,473
01341150,8,460,473
02a83102,8,460,473
04394028,8,460,473
05580206,8,460,473
0d2e0040,8,460,473
103810c8,8,460,473
14082189,8,460,473
14103301,8,460,473
16100e04,8,460,473
201d4081,8,460,473
00496488,8,461,473
01107d00,8,461,473
04a61208,8,461,473
0a904608,8,461,473
0c272080,8,461,473
110624a0,8,461,473
11482049,8,461,473
16011c02,8,461,473
16211840,8,461,473
22063404,8,461,473
23085a00,8,461,473
244ac008,8,461,473
26601012,8,461,473
2e074000,8,461,473
31182140,8,461,473
31206404,8,461,473
009a2288,8,462,473
03030289,8,462,473
0318a028,8,462,473
03a0e020,8,462,473
1d0a4040,8,462,473
2214a00c,8,462,473
26032082,8,462,473
35408500,8,462,473
16484006,8,463,473
00653082,8,461,474
01129211,8,461,474
01499600,8,461,474
0458a00a,8,461,474
04883640,8,461,474
06340821,8,461,474
200e22c0,8,461,474
2408304c,8,461,474
24505060,8,461,474
25118048,8,461,474
25211120,8,461,474
30482881,8,461,474
010c7101,8,462,474
014c3041,8,462,474
02886448,8,462,474
032c9020,8,462,474
0612c011,8,462,474
06211290,8,462,474
06841604,8,462,474
0c340608,8,462,474
0d40c00c,8,462,474
10163011,8,462,474
1148800d,8,462,474
12509404,8,462,474
1400628a,8,462,474
20817420,8,462,474
2088610c,8,462,474
20b64001,8,462,474
22086700,8,462,474
25084212,8,462,474
29280e00,8,462,474
2cc90002,8,462,474
3104900a,8,462,474
36101024,8,462,474
01886888,8,463,474
05852880,8,463,474
06630402,8,463,474
0a1244c0,8,463,474
13108520,8,463,474
23892001,8,463,474
0f204802,8,464,474
23c04880,8,464,474
03980450,8,462,475
04605070,8,462,475
04805628,8,462,475
0488d108,8,462,475
04b21110,8,462,475
05811211,8,462,475
05a01a08,8,462,475
06051281,8,462,475
082a5050,8,462,475
0af11000,8,462,475
0c432401,8,462,475
10d04428,8,462,475
1404a092,8,462,475
14104588,8,462,475
20d94100,8,462,475
24007128,8,462,475
24a94001,8,462,475
25a00540,8,462,475
000c7490,8,463,475
0052340c,8,463,475
010c6241,8,463,475
04182684,8,463,475
04446188,8,463,475
046520c0,8,463,475
068014c8,8,463,475
068c3100,8,463,475
07180181,8,463,475
09e92000,8,463,475
0a407201,8,463,475
1042d009,8,463,475
11ac0202,8,463,475
120d6400,8,463,475
17a10001,8,463,475
19088409,8,463,475
20502483,8,463,475
20984242,8,463,475
220c1c02,8,463,475
314a4002,8,463,475
00826588,8,464,475
030bb000,8,464,475
0310044d,8,464,475
06682048,8,464,475
09823240,8,464,475
26402083,8,464,475
34440428,8,464,475
0680a888,8,465,475
1252040a,8,465,475
12805206,8,465,475
03a12c00,8,466,475
01e11500,8,463,476
02301c82,8,463,476
02902780,8,463,476
0424a083,8,463,476
0484120b,8,463,476
071400a1,8,463,476
0c8a5010,8,463,476
1004520b,8,463,476
12241580,8,463,476
14252404,8,463,476
1c101c10,8,463,476
20905610,8,463,476
24cd0010,8,463,476
25900a02,8,463,476
2d100812,8,463,476
002a6409,8,464,476
0150a4a0,8,464,476
01782810,8,464,476
01926840,8,464,476
0402348a,8,464,476
0630082c,8,464,476
07108015,8,464,476
07300148,8,464,476
09145802,8,464,476
0a3c0440,8,464,476
0b046408,8,464,476
0c280509,8,464,476
0c2a6040,8,464,476
0e0b0404,8,464,476
108c5240,8,464,476
15322010,8,464,476
19209c00,8,464,476
1a065004,8,464,476
1a248408,8,464,476
1a280488,8,464,476
23880460,8,464,476
24e42001,8,464,476
25448404,8,464,476
2c0230c0,8,464,476
31980028,8,464,476
12a96000,8,465,476
16580011,8,465,476
1d824004,8,465,476
3a421008,8,465,476
0090e308,8,464,477
0111c441,8,464,477
01a04681,8,464,477
01c11608,8,464,477
02a43009,8,464,477
02b88101,8,464,477
042c110c,8,464,477
04459480,8,464,477
06105103,8,464,477
07140b00,8,464,477
0c9e0001,8,464,477
0cc2a200,8,464,477
0d0150c0,8,464,477
0d083104,8,464,477
10503c08,8,464,477
11b31000,8,464,477
15019404,8,464,477
169a0001,8,464,477
22d04240,8,464,477
24180506,8,464,477
249d0020,8,464,477
25006a02,8,464,477
25412014,8,464,477
2ca01202,8,464,477
03c03210,8,465,477
0402428b,8,465,477
041860c1,8,465,477
0420f050,8,465,477
05098604,8,465,477
0641a011,8,465,477
078c1040,8,465,477
08486288,8,465,477
09424448,8,465,477
0a80700a,8,465,477
0e80c088,8,465,477
0ec04140,8,465,477
1124e040,8,465,477
114d8800,8,465,477
14144920,8,465,477
19461004,8,465,477
2510c0c0,8,465,477
2a308081,8,465,477
381c0840,8,465,477
01d94002,8,466,477
12606009,8,466,477
221c4204,8,466,477
2b01a400,8,466,477
30460089,8,466,477
3b104020,8,466,477
01b80540,8,465,478
02701051,8,465,478
044d020c,8,465,478
04980189,8,465,478
0a711800,8,465,478
0aa0500c,8,465,478
10383110,8,465,478
14225a00,8,465,478
23948100,8,465,478
248a5080,8,465,478
24a8c004,8,465,478
26282220,8,465,478
27082030,8,465,478
30145050,8,465,478
32b80020,8,465,478
000a9609,8,466,478
01243124,8,466,478
021c440a,8,466,478
06246500,8,466,478
06809406,8,466,478
06848680,8,466,478
0b246004,8,466,478
10d16100,8,466,478
1e02c200,8,466,478
1e842100,8,466,478
20536008,8,466,478
24034c08,8,466,478
2441840c,8,466,478
26921200,8,466,478
2b4c0200,8,466,478
2c034808,8,466,478
33402006,8,466,478
3600a300,8,466,478
06940406,8,467,478
0a90c005,8,467,478
120af000,8,467,478
164b0008,8,467,478
0722a020,8,468,478
0038940a,8,466,479
02a81406,8,466,479
040c508c,8,466,479
04223405,8,466,479
0c910601,8,466,479
0d808089,8,466,479
100c3205,8,466,479
16491002,8,466,479
22a8c020,8,466,479
24370001,8,466,479
25021203,8,466,479
2504a220,8,466,479
2510001d,8,466,479
28a65000,8,466,479
2c0c8208,8,466,479
30115201,8,466,479
312a1002,8,466,479
32485008,8,466,479
34b10002,8,466,479
01c46420,8,467,479
03925100,8,467,479
0580c0a1,8,467,479
06100c1a,8,467,479
062b4008,8,467,479
07021442,8,467,479
07035002,8,467,479
0cc04c08,8,467,479
0d242404,8,467,479
100c6098,8,467,479
111c0023,8,467,479
14160601,8,467,479
162404c0,8,467,479
275000c0,8,467,479
2842a009,8,467,479
2e110088,8,467,479
31045021,8,467,479
3ac42000,8,467,479
068c400a,8,468,479
0b005482,8,468,479
21063090,8,468,479
32544040,8,468,479
0a42a0a0,8,469,479
13023090,8,469,479
0008720d,8,467,480
0030501d,8,467,480
00665408,8,467,480
01145098,8,467,480
050944c0,8,467,480
05340124,8,467,480
05610444,8,467,480
05880a09,8,467,480
0c161802,8,467,480
0c2c9020,8,467,480
0d1210a0,8,467,480
106a5400,8,467,480
14011628,8,467,480
1420b500,8,467,480
1508044c,8,467,480
21918401,8,467,480
24055028,8,467,480
25610082,8,467,480
28189201,8,467,480
2a681040,8,467,480
00905207,8,468,480
00c560c0,8,468,480
0102b00d,8,468,480
010c2449,8,468,480
010cf100,8,468,480
0308a380,8,468,480
03989010,8,468,480
0450e00a,8,468,480
0581a003,8,468,480
0618a018,8,468,480
0618a041,8,468,480
0710808c,8,468,480
07c01012,8,468,480
090c3404,8,468,480
0b884044,8,468,480
0c0a6401,8,468,480
10856500,8,468,480
16203840,8,468,480
16264080,8,468,480
21601405,8,468,480
22081c06,8,468,480
2b103040,8,468,480
3a046800,8,468,480
14d40044,8,469,480
0b024490,8,470,480
0b903004,8,470,480
26461008,8,470,480
009a5201,8,468,481
01185103,8,468,481
03044681,8,468,481
041c1205,8,468,481
042c6180,8,468,481
04c16021,8,468,481
05940411,8,468,481
06302007,8,468,481
07148240,8,468,481
10142a88,8,468,481
11480c88,8,468,481
1272c000,8,468,481
14079080,8,468,481
16405108,8,468,481
20189019,8,468,481
201cd010,8,468,481
20723100,8,468,481
216a9000,8,468,481
241c8024,8,468,481
24205025,8,468,481
24649010,8,468,481
2492100a,8,468,481
25809208,8,468,481
26142101,8,468,481
29528200,8,468,481
2c90a001,8,468,481
30405488,8,468,481
3410c0c0,8,468,481
0090e2a0,8,469,481
04846112,8,469,481
05606120,8,469,481
0605c480,8,469,481
0708c041,8,469,481
08981608,8,469,481
098a2240,8,469,481
0d424210,8,469,481
14542102,8,469,481
15222401,8,469,481
16244880,8,469,481
19a41002,8,469,481
26448808,8,469,481
29704200,8,469,481
2a30c004,8,469,481
2a340401,8,469,481
2b205010,8,469,481
00327104,8,469,482
00d050a1,8,469,482
01581c04,8,469,482
01825049,8,469,482
01a85208,8,469,482
0290a608,8,469,482
04138281,8,469,482
04304099,8,469,482
0440b481,8,469,482
05088605,8,469,482
050c9a00,8,469,482
05103031,8,469,482
052b1010,8,469,482
058c4014,8,469,482
05c04380,8,469,482
0cb0c004,8,469,482
10542290,8,469,482
10b01601,8,469,482
11429201,8,469,482
14078280,8,469,482
14b80042,8,469,482
15490041,8,469,482
1c100249,8,469,482
2039a001,8,469,482
20583101,8,469,482
208470c0,8,469,482
21199200,8,469,482
229e0002,8,469,482
24512804,8,469,482
249c0180,8,469,482
24c02282,8,469,482
28603208,8,469,482
01486610,8,470,482
02dac000,8,470,482
0308b0a0,8,470,482
0418a288,8,470,482
0611a410,8,470,482
06225044,8,470,482
088a5081,8,470,482
0b12c040,8,470,482
0d206090,8,470,482
0d700410,8,470,482
0e100819,8,470,482
130d1001,8,470,482
17025100,8,470,482
189c8080,8,470,482
21423220,8,470,482
22407420,8,470,482
2c120828,8,470,482
2c60a008,8,470,482
02846282,8,471,482
0e005504,8,471,482
22924028,8,471,482
006a3402,8,470,483
0072300c,8,470,483
0090e421,8,470,483
00b0900b,8,470,483
0110aa88,8,470,483
0110f120,8,470,483
01305106,8,470,483
01341380,8,470,483
01361090,8,470,483
01f88004,8,470,483
02349044,8,470,483
02e85010,8,470,483
04017214,8,470,483
04104c29,8,470,483
0430908a,8,470,483
044cd080,8,470,483
0a1a100a,8,470,483
0ca41410,8,470,483
0e099008,8,470,483
0e221300,8,470,483
16043021,8,470,483
17810240,8,470,483
20494209,8,470,483
25089048,8,470,483
34282204,8,470,483
001c8449,8,471,483
00cc7800,8,471,483
0103a209,8,471,483
0148160c,8,471,483
060a2282,8,471,483
06106890,8,471,483
06a10448,8,471,483
08827404,8,471,483
09424a80,8,471,483
09481809,8,471,483
0a02900b,8,471,483
0a11a408,8,471,483
0d0a008c,8,471,483
100f0089,8,471,483
10c4600a,8,471,483
11463040,8,471,483
1204a019,8,471,483
15006301,8,471,483
16281804,8,471,483
1c10c003,8,471,483
20923088,8,471,483
21092448,8,471,483
214b2010,8,471,483
2610c810,8,471,483
280c4089,8,471,483
28824640,8,471,483
2a065008,8,471,483
306c4002,8,471,483
03630401,8,472,483
0603800d,8,472,483
0b2a4002,8,472,483
2c42000d,8,472,483
36022404,8,472,483
0f804202,8,473,483
00a0f009,8,471,484
01605282,8,471,484
01a80c09,8,471,484
0398a040,8,471,484
04205119,8,471,484
044c2092,8,471,484
0468440c,8,471,484
0480444b,8,471,484
049e4020,8,471,484
04e05084,8,471,484
0501021b,8,471,484
05100c98,8,471,484
05184086,8,471,484
0c016288,8,471,484
0c1a5100,8,471,484
0c1c1005,8,471,484
0c8450c0,8,471,484
0d021241,8,471,484
0e521200,8,471,484
0ee00480,8,471,484
10482688,8,471,484
11885005,8,471,484
11a21500,8,471,484
11c15001,8,471,484
12342102,8,471,484
14a420c0,8,471,484
15811088,8,471,484
17100a40,8,471,484
183210c0,8,471,484
201a3180,8,471,484
201c2803,8,471,484
2088b280,8,471,484
21145a00,8,471,484
24491018,8,471,484
25840484,8,471,484
29194080,8,471,484
2c089208,8,471,484
3104c408,8,471,484
340c02a0,8,471,484
341048c0,8,471,484
34410109,8,471,484
00c070a2,8,472,484
0154a240,8,472,484
01c8a801,8,472,484
01e22408,8,472,484
06009125,8,472,484
0600f804,8,472,484
06423440,8,472,484
09924021,8,472,484
0b412201,8,472,484
0e30800a,8,472,484
10530809,8,472,484
11144406,8,472,484
11d40104,8,472,484
1e044048,8,472,484
210ea010,8,472,484
21662200,8,472,484
2212a880,8,472,484
2600b108,8,472,484
268c0208,8,472,484
27003022,8,472,484
08868c48,9,472,484
07402188,8,473,484
07484044,8,473,484
2b218400,8,473,484
2b400608,8,473,484
2e00a404,8,473,484
0038940c,8,472,485
003a3044,8,472,485
00785804,8,472,485
0119300c,8,472,485
011c3042,8,472,485
01383820,8,472,485
0191d002,8,472,485
03388202,8,472,485
03941081,8,472,485
0445a808,8,472,485
04701460,8,472,485
04984640,8,472,485
05142228,8,472,485
05182025,8,472,485
05700111,8,472,485
05c04181,8,472,485
06152420,8,472,485
0648a801,8,472,485
06858480,8,472,485
0d904202,8,472,485
0f01020c,8,472,485
10393001,8,472,485
11200c89,8,472,485
11920481,8,472,485
1406a090,8,472,485
1418008d,8,472,485
141a1005,8,472,485
201ca0c0,8,472,485
2048308a,8,472,485
20741011,8,472,485
21d24020,8,472,485
2220f010,8,472,485
24119880,8,472,485
242b2001,8,472,485
24844441,8,472,485
25801c01,8,472,485
26411088,8,472,485
2d06c000,8,472,485
2d804108,8,472,485
300c20a1,8,472,485
30185a00,8,472,485
3090a401,8,472,485
36190010,8,472,485
0140e282,8,473,485
014bb000,8,473,485
02047406,8,473,485
0212a881,8,473,485
02d0b080,8,473,485
06027090,8,473,485
0608a00d,8,473,485
0a2a8088,8,473,485
0e189002,8,473,485
141c0602,8,473,485
19888440,8,473,485
1a04a440,8,473,485
1d922000,8,473,485
2210a881,8,473,485
22a82410,8,473,485
2848200b,8,473,485
324c2040,8,473,485
38904c00,8,473,485
22807042,8,475,485
00701069,8,473,486
0094e00c,8,473,486
01217500,8,473,486
0128d00c,8,473,486
013414a0,8,473,486
0151c440,8,473,486
01948049,8,473,486
03114601,8,473,486
040cd401,8,473,486
0431040d,8,473,486
04964804,8,473,486
04e01610,8,473,486
05100299,8,473,486
091c2204,8,473,486
093a0108,8,473,486
0c502884,8,473,486
134004c8,8,473,486
16103012,8,473,486
16813008,8,473,486
20b44101,8,473,486
24062484,8,473,486
24094640,8,473,486
243b0002,8,473,486
2443a001,8,473,486
24a04109,8,473,486
25021083,8,473,486
25034480,8,473,486
25130880,8,473,486
25302024,8,473,486
280a0a88,8,473,486
280c1209,8,473,486
29a03200,8,473,486
2a3c0200,8,473,486
2e828008,8,473,486
3128400a,8,473,486
34104814,8,473,486
34629000,8,473,486
3c302200,8,473,486
01906228,8,474,486
03a80c02,8,474,486
048e0209,8,474,486
0544a018,8,474,486
08957000,8,474,486
0a00c449,8,474,486
0a585800,8,474,486
0b106801,8,474,486
0e208c08,8,474,486
120c6208,8,474,486
12229600,8,474,486
1300c405,8,474,486
13094480,8,474,486
140e2005,8,474,486
1e22a000,8,474,486
21106424,8,474,486
23410481,8,474,486
27a08008,8,474,486
280c6006,8,474,486
2d006003,8,474,486
0fa02040,8,475,486
17122020,8,475,486
2e800418,8,475,486
00365808,8,474,487
00781103,8,474,487
00b83c00,8,474,487
0128d084,8,474,487
02283610,8,474,487
02305884,8,474,487
02924c08,8,474,487
03348021,8,474,487
03903240,8,474,487
03a92200,8,474,487
0410260b,8,474,487
04131418,8,474,487
04223308,8,474,487
04342403,8,474,487
04456808,8,474,487
04914188,8,474,487
04d11088,8,474,487
05018419,8,474,487
051c2102,8,474,487
05206e00,8,474,487
052c0406,8,474,487
05482250,8,474,487
05b48080,8,474,487
06c01481,8,474,487
09103203,8,474,487
09125101,8,474,487
0a287100,8,474,487
0b2c8001,8,474,487
0c2d4008,8,474,487
0d491010,8,474,487
1022140b,8,474,487
105450a0,8,474,487
1054c480,8,474,487
12241442,8,474,487
1400d640,8,474,487
14291404,8,474,487
14500189,8,474,487
14780804,8,474,487
151110c0,8,474,487
15190404,8,474,487
162a9000,8,474,487
20181e08,8,474,487
20e84440,8,474,487
21145101,8,474,487
21685800,8,474,487
24102909,8,474,487
26904084,8,474,487
28b84800,8,474,487
291a0028,8,474,487
2a483200,8,474,487
2d409002,8,474,487
30a84600,8,474,487
33480802,8,474,487
01c230c0,8,475,487
01c5b000,8,475,487
0210f084,8,475,487
03925010,8,475,487
04e26400,8,475,487
06087804,8,475,487
09382500,8,475,487
0e018c08,8,475,487
11d12080,8,475,487
19114009,8,475,487
19124401,8,475,487
19904044,8,475,487
20ac2404,8,475,487
210a6410,8,475,487
21524808,8,475,487
2a108508,8,475,487
2b442800,8,475,487
300e2600,8,475,487
38286002,8,475,487
03520508,8,476,487
0b220700,8,476,487
00581289,8,475,488
0080728a,8,475,488
00b16480,8,475,488
0111500b,8,475,488
01185211,8,475,488
01945210,8,475,488
01b81204,8,475,488
0264a081,8,475,488
02b56000,8,475,488
04122e08,8,475,488
04784a00,8,475,488
04818289,8,475,488
048cc081,8,475,488
04b82280,8,475,488
050c1c01,8,475,488
05815018,8,475,488
05a004c8,8,475,488
05c14110,8,475,488
06816102,8,475,488
06a0100d,8,475,488
0a30c003,8,475,488
0c022309,8,475,488
0c694400,8,475,488
100c5481,8,475,488
14043092,8,475,488
14183180,8,475,488
14186180,8,475,488
141c004c,8,475,488
141e0802,8,475,488
14283802,8,475,488
14806290,8,475,488
1484008d,8,475,488
14909108,8,475,488
14ac000c,8,475,488
15202700,8,475,488
1c10a480,8,475,488
1c384010,8,475,488
20607880,8,475,488
21141083,8,475,488
2118180c,8,475,488
211a0c80,8,475,488
21482184,8,475,488
21581048,8,475,488
21c80281,8,475,488
23e09000,8,475,488
25042403,8,475,488
25842240,8,475,488
35004284,8,475,488
36023002,8,475,488
36082204,8,475,488
00ac6006,8,476,488
01500c19,8,476,488
02b24003,8,476,488
03043007,8,476,488
03c46020,8,476,488
06847800,8,476,488
0705200c,8,476,488
07841204,8,476,488
08984109,8,476,488
0a426600,8,476,488
0b807001,8,476,488
0e046c00,8,476,488
0e441600,8,476,488
1128e001,8,476,488
11844248,8,476,488
17404104,8,476,488
200e2490,8,476,488
29883008,8,476,488
2bc02080,8,476,488
33802404,8,477,488
01021a89,8,476,489
01403294,8,476,489
01c0ec00,8,476,489
02518601,8,476,489
0254a101,8,476,489
030c2a80,8,476,489
046460c0,8,476,489
04772000,8,476,489
0480c125,8,476,489
04ec1002,8,476,489
05126210,8,476,489
05400589,8,476,489
05418c80,8,476,489
05499002,8,476,489
05501308,8,476,489
05b14010,8,476,489
06018740,8,476,489
06456020,8,476,489
07004641,8,476,489
07122005,8,476,489
09321102,8,476,489
0d172000,8,476,489
0d234001,8,476,489
0d642002,8,476,489
0e110881,8,476,489
101a3081,8,476,489
14350021,8,476,489
1440b088,8,476,489
148f0200,8,476,489
15604202,8,476,489
18b03040,8,476,489
1c042109,8,476,489
1c3a0800,8,476,489
20386802,8,476,489
20a81640,8,476,489
20a85420,8,476,489
2112500a,8,476,489
21341048,8,476,489
21a84024,8,476,489
2252c400,8,476,489
23205104,8,476,489
240a6202,8,476,489
241a0812,8,476,489
24520888,8,476,489
281a0a80,8,476,489
281a3004,8,476,489
2a2ca000,8,476,489
2c026018,8,476,489
2d030401,8,476,489
2d480a00,8,476,489
302c1006,8,476,489
30381082,8,476,489
310a1600,8,476,489
32007204,8,476,489
34131800,8,476,489
3448a004,8,476,489
36402081,8,476,489
37081100,8,476,489
014078c0,8,477,489
01622c80,8,477,489
0242a488,8,477,489
0290e00a,8,477,489
03c44500,8,477,489
06046c04,8,477,489
0b90040a,8,477,489
0d20240c,8,477,489
0e532000,8,477,489
10856081,8,477,489
121c0109,8,477,489
1340300c,8,477,489
24c44410,8,477,489
26024428,8,477,489
00325488,8,477,490
01093481,8,477,490
010c5209,8,477,490
01193208,8,477,490
013050c2,8,477,490
015dc000,8,477,490
01b61008,8,477,490
02098449,8,477,490
030034a1,8,477,490
030284d0,8,477,490
04107380,8,477,490
0424d00a,8,477,490
045ca010,8,477,490
04a81601,8,477,490
04aa040a,8,477,490
0520a181,8,477,490
05241a01,8,477,490
0581120c,8,477,490
061e4001,8,477,490
0680840b,8,477,490
06844502,8,477,490
06a1100a,8,477,490
06cc4002,8,477,490
07014428,8,477,490
07160804,8,477,490
0830d808,8,477,490
08383500,8,477,490
08422a82,8,477,490
08a05242,8,477,490
0910d021,8,477,490
09121680,8,477,490
092a1041,8,477,490
0a18e200,8,477,490
0b201403,8,477,490
0c2c0089,8,477,490
0c586004,8,477,490
0cc04c40,8,477,490
0d088441,8,477,490
0d302900,8,477,490
0d809003,8,477,490
0d884044,8,477,490
0d982040,8,477,490
0e100e80,8,477,490
0e128404,8,477,490
0f0cc000,8,477,490
0f12000a,8,477,490
1014b180,8,477,490
101ca401,8,477,490
10885484,8,477,490
11508608,8,477,490
1300148c,8,477,490
13981800,8,477,490
142d0081,8,477,490
144c4011,8,477,490
14524804,8,477,490
14901418,8,477,490
15064880,8,477,490
15111090,8,477,490
1520020b,8,477,490
16904048,8,477,490
17009041,8,477,490
17108041,8,477,490
18524088,8,477,490
1d001680,8,477,490
20181485,8,477,490
2038008b,8,477,490
209a3002,8,477,490
210e1480,8,477,490
21304083,8,477,490
21880682,8,477,490
21905090,8,477,490
22107028,8,477,490
23001c48,8,477,490
232c2020,8,477,490
2416200c,8,477,490
2420d003,8,477,490
24445088,8,477,490
248c0604,8,477,490
24ac1100,8,477,490
25894004,8,477,490
261a1010,8,477,490
28186401,8,477,490
281a3002,8,477,490
2c189002,8,477,490
2c584080,8,477,490
2d010e00,8,477,490
30701500,8,477,490
31908201,8,477,490
32048481,8,477,490
34826040,8,477,490
35004442,8,477,490
36250800,8,477,490
38407008,8,477,490
3d800440,8,477,490
030a9404,8,478,490
03534001,8,478,490
05522018,8,478,490
07a01018,8,478,490
09047009,8,478,490
09486804,8,478,490
09d0a080,8,478,490
0b306002,8,478,490
13403801,8,478,490
1b488400,8,478,490
23082049,8,478,490
288a4600,8,478,490
288c4480,8,478,490
106a600a,9,478,490
00225249,8,478,491
003234a0,8,478,491
00b05206,8,478,491
01029289,8,478,491
010a7210,8,478,491
01301099,8,478,491
01381284,8,478,491
01701d00,8,478,491
01704803,8,478,491
019a5040,8,478,491
019c4104,8,478,491
01a07880,8,478,491
01c8b001,8,478,491
01d8400c,8,478,491
021ce004,8,478,491
025a2280,8,478,491
03103049,8,478,491
041c8608,8,478,491
04253042,8,478,491
0430c448,8,478,491
0448140d,8,478,491
04523018,8,478,491
04981888,8,478,491
04a0d210,8,478,491
04f82200,8,478,491
05082309,8,478,491
05086e00,8,478,491
050c4680,8,478,491
0518e020,8,478,491
05229240,8,478,491
05466001,8,478,491
054c0029,8,478,491
0561c100,8,478,491
057000a1,8,478,491
05844424,8,478,491
05a81204,8,478,491
06181a08,8,478,491
06388088,8,478,491
0688a009,8,478,491
07501024,8,478,491
07cc0002,8,478,491
08781801,8,478,491
0c982600,8,478,491
0c983080,8,478,491
0ca46400,8,478,491
0d421048,8,478,491
0f2d0000,8,478,491
1005700c,8,478,491
10e05240,8,478,491
11123801,8,478,491
1118d100,8,478,491
11293001,8,478,491
11301502,8,478,491
1150c00c,8,478,491
12168088,8,478,491
14007640,8,478,491
14285300,8,478,491
14291300,8,478,491
14458210,8,478,491
14c50808,8,478,491
16016401,8,478,491
16189080,8,478,491
1650040c,8,478,491
1684a020,8,478,491
16991000,8,478,491
16c41100,8,478,491
1c00f004,8,478,491
2050b600,8,478,491
20587800,8,478,491
205c3800,8,478,491
20903482,8,478,491
2111d400,8,478,491
2120b180,8,478,491
221d2002,8,478,491
2308020b,8,478,491
23248600,8,478,491
23584010,8,478,491
240d0602,8,478,491
24181441,8,478,491
24855100,8,478,491
24944022,8,478,491
24d04024,8,478,491
25225010,8,478,491
260c2090,8,478,491
270a0081,8,478,491
29281500,8,478,491
2c3a0200,8,478,491
2d005028,8,478,491
2e00e002,8,478,491
2f804200,8,478,491
3008408b,8,478,491
300c20a4,8,478,491
30183500,8,478,491
302c0083,8,478,491
302c0281,8,478,491
34032088,8,478,491
34086220,8,478,491
35044104,8,478,491
01416282,8,479,491
03526800,8,479,491
0544208a,8,479,491
07432040,8,479,491
09686004,8,479,491
0b48c400,8,479,491
0cc46008,8,479,491
110ce800,8,479,491
134024a0,8,479,491
1b066000,8,479,491
22806c40,8,479,491
29446080,8,479,491
23640c00,8,480,491
002872c0,8,479,492
00987204,8,479,492
00d14209,8,479,492
01107301,8,479,492
01285181,8,479,492
012c3a00,8,479,492
0148b005,8,479,492
014cb002,8,479,492
0158a404,8,479,492
01592208,8,479,492
01945804,8,479,492
01d41011,8,479,492
021096c0,8,479,492
021a0c88,8,479,492
02317001,8,479,492
023ca080,8,479,492
02a05206,8,479,492
03013209,8,479,492
03061488,8,479,492
0309a201,8,479,492
03101889,8,479,492
03211c01,8,479,492
03257000,8,479,492
032c8009,8,479,492
03342005,8,479,492
03885410,8,479,492
03984808,8,479,492
0410c80b,8,479,492
04219680,8,479,492
043a9080,8,479,492
043c0109,8,479,492
04980e08,8,479,492
04c09409,8,479,492
04c4c480,8,479,492
05086205,8,479,492
050c0a09,8,479,492
05100e88,8,479,492
05186012,8,479,492
05186101,8,479,492
05188205,8,479,492
051c4021,8,479,492
0520101d,8,479,492
05244049,8,479,492
05262082,8,479,492
052d0401,8,479,492
05350880,8,479,492
05434220,8,479,492
05501812,8,479,492
05520821,8,479,492
05601c20,8,479,492
05805029,8,479,492
0580a448,8,479,492
0581020b,8,479,492
05844109,8,479,492
0584c00c,8,479,492
058a0209,8,479,492
058c2204,8,479,492
05974000,8,479,492
05984201,8,479,492
0608dc00,8,479,492
06414604,8,479,492
06454401,8,479,492
06511210,8,479,492
06a0440c,8,479,492
06a23200,8,479,492
07308840,8,479,492
08127280,8,479,492
09989008,8,479,492
0a623040,8,479,492
0b265000,8,479,492
0c10d048,8,479,492
0c406089,8,479,492
0c50c408,8,479,492
0c514808,8,479,492
0c805640,8,479,492
0d034401,8,479,492
0d081888,8,479,492
0d144480,8,479,492
0d191004,8,479,492
0d220428,8,479,492
0d242088,8,479,492
0d454400,8,479,492
0d700840,8,479,492
0d804c08,8,479,492
0e211300,8,479,492
0e494400,8,479,492
0f120280,8,479,492
0f2c0800,8,479,492
10452680,8,479,492
10487600,8,479,492
1084e300,8,479,492
10a55002,8,479,492
1136000a,8,479,492
1150c041,8,479,492
11968004,8,479,492
11a0e400,8,479,492
1200f280,8,479,492
13301014,8,479,492
14514802,8,479,492
14521081,8,479,492
1490b002,8,479,492
149e0800,8,479,492
1510a804,8,479,492
15124028,8,479,492
15600c80,8,479,492
15848041,8,479,492
1610020b,8,479,492
16152010,8,479,492
16504820,8,479,492
17310080,8,479,492
18149208,8,479,492
192a0480,8,479,492
1c041c08,8,479,492
1c0a3080,8,479,492
1c440209,8,479,492
1c803009,8,479,492
1c8440c0,8,479,492
1d284080,8,479,492
200e0289,8,479,492
2032300c,8,479,492
20323410,8,479,492
20884486,8,479,492
208cf000,8,479,492
209c4201,8,479,492
20ac6002,8,479,492
210a6804,8,479,492
212b2400,8,479,492
21511081,8,479,492
21f08001,8,479,492
224ae000,8,479,492
23300442,8,479,492
23804501,8,479,492
2400360c,8,479,492
2408a418,8,479,492
2418e100,8,479,492
241c1108,8,479,492
24225420,8,479,492
24245402,8,479,492
24290c08,8,479,492
24341280,8,479,492
24380680,8,479,492
24541018,8,479,492
245c0410,8,479,492
2488a402,8,479,492
24c06410,8,479,492
25106014,8,479,492
25282012,8,479,492
25384010,8,479,492
25680081,8,479,492
26108501,8,479,492
261c0048,8,479,492
2922d000,8,479,492
29503008,8,479,492
2a203480,8,479,492
2b090c00,8,479,492
2c005049,8,479,492
2c283001,8,479,492
2c906040,8,479,492
2d006090,8,479,492
2d328000,8,479,492
30c86004,8,479,492
31084083,8,479,492
310c4012,8,479,492
31ac0040,8,479,492
320c3800,8,479,492
32180e00,8,479,492
32201418,8,479,492
34908402,8,479,492
36086010,8,479,492
36920008,8,479,492
36a50000,8,479,492
0bc04480,8,480,492
11923008,8,480,492
13484600,8,480,492
1702000d,8,480,492
1b015400,8,480,492
214230c0,8,480,492
22846401,8,480,492
22c06c00,8,480,492
23806003,8,480,492
002a300d,8,480,493
00357008,8,480,493
00787020,8,480,493
0094f080,8,480,493
00966480,8,480,493
00d05083,8,480,493
00d4e001,8,480,493
00f06280,8,480,493
0112b440,8,480,493
01162209,8,480,493
011a7002,8,480,493
011c3081,8,480,493
011c5088,8,480,493
0120720a,8,480,493
01207409,8,480,493
01243209,8,480,493
01283504,8,480,493
012c3009,8,480,493
01301445,8,480,493
01303015,8,480,493
0130b041,8,480,493
01311409,8,480,493
0138a480,8,480,493
013c2408,8,480,493
014a3088,8,480,493
01502491,8,480,493
01517001,8,480,493
0151c801,8,480,493
01546480,8,480,493
01548281,8,480,493
01549041,8,480,493
0154a280,8,480,493
0154d008,8,480,493
01584601,8,480,493
015c0409,8,480,493
01647008,8,480,493
01649600,8,480,493
016e2080,8,480,493
017050c0,8,480,493
0170a480,8,480,493
01725200,8,480,493
01906188,8,480,493
01961009,8,480,493
01a83404,8,480,493
01c82284,8,480,493
01c8b400,8,480,493
01d02482,8,480,493
01d08481,8,480,493
01e03201,8,480,493
0200b4c1,8,480,493
0216a009,8,480,493
0218a488,8,480,493
021a2481,8,480,493
02303610,8,480,493
0238c009,8,480,493
02548809,8,480,493
02582481,8,480,493
02987200,8,480,493
02a45402,8,480,493
02b05014,8,480,493
02d05480,8,480,493
02f06400,8,480,493
0301ac40,8,480,493
03043209,8,480,493
03083610,8,480,493
03088445,8,480,493
030a2580,8,480,493
0310f010,8,480,493
03113401,8,480,493
03122580,8,480,493
03126c00,8,480,493
03280429,8,480,493
03300588,8,480,493
03328009,8,480,493
033c1002,8,480,493
033cc000,8,480,493
03408cc0,8,480,493
0340a484,8,480,493
03423082,8,480,493
03530408,8,480,493
03548480,8,480,493
03583040,8,480,493
03682088,8,480,493
03701210,8,480,493
03845410,8,480,493
03907040,8,480,493
03980640,8,480,493
03a80601,8,480,493
03ca0480,8,480,493
03e82002,8,480,493
03e82080,8,480,493
04097280,8,480,493
040a8449,8,480,493
0414d003,8,480,493
0416f000,8,480,493
0418d808,8,480,493
041a5c00,8,480,493
041c8409,8,480,493
042ab080,8,480,493
04305844,8,480,493
04307104,8,480,493
04323048,8,480,493
0434400d,8,480,493
04382e00,8,480,493
04385500,8,480,493
043a5008,8,480,493
04518608,8,480,493
0454600c,8,480,493
04586808,8,480,493
04592801,8,480,493
04599001,8,480,493
045b1001,8,480,493
04623408,8,480,493
04663020,8,480,493
04681809,8,480,493
04709021,8,480,493
048c4484,8,480,493
049070a0,8,480,493
04964009,8,480,493
04985120,8,480,493
0498c401,8,480,493
0498e100,8,480,493
04a070a0,8,480,493
04a0d003,8,480,493
04a8c440,8,480,493
04b05011,8,480,493
04b10608,8,480,493
04f02480,8,480,493
0500a4c8,8,480,493
0500b680,8,480,493
05031089,8,480,493
05037200,8,480,493
05045089,8,480,493
05045601,8,480,493
05047401,8,480,493
0504b090,8,480,493
05087090,8,480,493
05104449,8,480,493
05114281,8,480,493
05121481,8,480,493
05145018,8,480,493
05147002,8,480,493
05156400,8,480,493
051a6200,8,480,493
0520b009,8,480,493
05211444,8,480,493
05215808,8,480,493
05216208,8,480,493
0524a401,8,480,493
05288409,8,480,493
052a6200,8,480,493
052c6002,8,480,493
0530a880,8,480,493
05319800,8,480,493
0532a080,8,480,493
05340c04,8,480,493
05381084,8,480,493
05385100,8,480,493
0538a004,8,480,493
05391800,8,480,493
0540b208,8,480,493
05413082,8,480,493
05442680,8,480,493
05443084,8,480,493
05443180,8,480,493
05446009,8,480,493
05492012,8,480,493
054a2210,8,480,493
054d2010,8,480,493
055020c1,8,480,493
05510610,8,480,493
05514210,8,480,493
05541220,8,480,493
05542820,8,480,493
05544600,8,480,493
0558c200,8,480,493
055c2002,8,480,493
055c2400,8,480,493
0578a000,8,480,493
05811604,8,480,493
05842409,8,480,493
05904842,8,480,493
059c1800,8,480,493
05a01520,8,480,493
05a07004,8,480,493
05a13008,8,480,493
05c01484,8,480,493
05c11202,8,480,493
05c52200,8,480,493
05d05020,8,480,493
05d80440,8,480,493
05e03010,8,480,493
05f01400,8,480,493
06007083,8,480,493
06043409,8,480,493
0604e480,8,480,493
060684c0,8,480,493
06083405,8,480,493
0608e408,8,480,493
060c5402,8,480,493
0610ba00,8,480,493
06119201,8,480,493
06203488,8,480,493
06281109,8,480,493
06282409,8,480,493
06283401,8,480,493
06287080,8,480,493
06303042,8,480,493
06405608,8,480,493
0644b400,8,480,493
064ca008,8,480,493
0658c800,8,480,493
067a0400,8,480,493
068c6400,8,480,493
06905808,8,480,493
06907004,8,480,493
06981402,8,480,493
069cc000,8,480,493
06a06102,8,480,493
06a0c440,8,480,493
06b01005,8,480,493
07025402,8,480,493
07031440,8,480,493
0705a080,8,480,493
0709a001,8,480,493
07105401,8,480,493
07110209,8,480,493
07118440,8,480,493
07120640,8,480,493
07140411,8,480,493
07142500,8,480,493
07211202,8,480,493
0721c400,8,480,493
0741200a,8,480,493
07414220,8,480,493
07420089,8,480,493
07442202,8,480,493
07610240,8,480,493
07625000,8,480,493
07888420,8,480,493
07898400,8,480,493
07904024,8,480,493
07925000,8,480,493
0822160c,8,480,493
08261c08,8,480,493
082a7400,8,480,493
08d22480,8,480,493
08e27000,8,480,493
09186600,8,480,493
09209c40,8,480,493
09343400,8,480,493
095a5000,8,480,493
09a0f000,8,480,493
09c07080,8,480,493
0a303c00,8,480,493
0a30500c,8,480,493
0a381401,8,480,493
0a505c00,8,480,493
0a528440,8,480,493
0a621408,8,480,493
0a98c400,8,480,493
0ab04404,8,480,493
0b081c01,8,480,493
0b083c00,8,480,493
0b122401,8,480,493
0b16a000,8,480,493
0b408c08,8,480,493
0be80400,8,480,493
0c03400b,8,480,493
0c305108,8,480,493
0c309801,8,480,493
0c3a4008,8,480,493
0c50b800,8,480,493
0cc26008,8,480,493
0cd04009,8,480,493
0d046088,8,480,493
0d101d00,8,480,493
0d224009,8,480,493
0d289004,8,480,493
0d522001,8,480,493
0d550001,8,480,493
0d609080,8,480,493
0d630400,8,480,493
0d700480,8,480,493
0d901402,8,480,493
0d903080,8,480,493
0dd04004,8,480,493
0e243200,8,480,493
0e301c00,8,480,493
0e405009,8,480,493
0e40e400,8,480,493
0e704400,8,480,493
0e834400,8,480,493
0e942400,8,480,493
0f030208,8,480,493
0f111004,8,480,493
0f20040c,8,480,493
0f800c01,8,480,493
101c9201,8,480,493
102c1049,8,480,493
1054c081,8,480,493
10705021,8,480,493
10847009,8,480,493
109c8009,8,480,493
10b25010,8,480,493
11022489,8,480,493
11045809,8,480,493
11086a80,8,480,493
1110e401,8,480,493
11125005,8,480,493
11141a80,8,480,493
11143180,8,480,493
11144049,8,480,493
11150109,8,480,493
111d4004,8,480,493
11243210,8,480,493
11247040,8,480,493
11282409,8,480,493
112a1401,8,480,493
11300c09,8,480,493
1134040a,8,480,493
11346020,8,480,493
113c0220,8,480,493
113c4400,8,480,493
1150a201,8,480,493
11705020,8,480,493
11906c00,8,480,493
11948084,8,480,493
11c66000,8,480,493
11d05010,8,480,493
12047204,8,480,493
1204a481,8,480,493
12149401,8,480,493
12203604,8,480,493
12227400,8,480,493
122c9001,8,480,493
12746000,8,480,493
13101604,8,480,493
13107020,8,480,493
13107400,8,480,493
13121c00,8,480,493
13140c10,8,480,493
13188009,8,480,493
13285100,8,480,493
13302880,8,480,493
13320401,8,480,493
13407001,8,480,493
13511400,8,480,493
13700500,8,480,493
13804482,8,480,493
138c0600,8,480,493
138c0c00,8,480,493
1401f200,8,480,493
1404140d,8,480,493
14066408,8,480,493
1408a089,8,480,493
1408e009,8,480,493
14105043,8,480,493
14105844,8,480,493
1410600b,8,480,493
14107108,8,480,493
14127080,8,480,493
14151108,8,480,493
14182c08,8,480,493
141c1801,8,480,493
141d1008,8,480,493
141d2001,8,480,493
14205441,8,480,493
14207208,8,480,493
14243120,8,480,493
14246208,8,480,493
142cc001,8,480,493
14303082,8,480,493
14404609,8,480,493
14446208,8,480,493
144d1008,8,480,493
14503201,8,480,493
14518201,8,480,493
14536000,8,480,493
145d4000,8,480,493
14701030,8,480,493
14724008,8,480,493
14807410,8,480,493
14844488,8,480,493
14887100,8,480,493
14908409,8,480,493
14b81002,8,480,493
14c06088,8,480,493
1500540a,8,480,493
15007081,8,480,493
1500f100,8,480,493
15016300,8,480,493
15022089,8,480,493
1503d000,8,480,493
15048a01,8,480,493
15051208,8,480,493
15082809,8,480,493
15083028,8,480,493
15180c40,8,480,493
151c2008,8,480,493
15211480,8,480,493
1521e000,8,480,493
15244048,8,480,493
15285010,8,480,493
15300209,8,480,493
15320201,8,480,493
15328400,8,480,493
15340048,8,480,493
15406204,8,480,493
15428408,8,480,493
15640600,8,480,493
15809402,8,480,493
1580c101,8,480,493
15813080,8,480,493
15844a00,8,480,493
15881408,8,480,493
15887000,8,480,493
15940140,8,480,493
15cc0040,8,480,493
15cc0100,8,480,493
15e80008,8,480,493
16052808,8,480,493
16068408,8,480,493
160ca004,8,480,493
1620b004,8,480,493
1624000d,8,480,493
16380408,8,480,493
16842009,8,480,493
16884009,8,480,493
16902c00,8,480,493
16a25000,8,480,493
17002610,8,480,493
1700c208,8,480,493
17051008,8,480,493
17140204,8,480,493
17164000,8,480,493
17300005,8,480,493
17304001,8,480,493
17481008,8,480,493
174c2000,8,480,493
17c24000,8,480,493
18309408,8,480,493
1890c009,8,480,493
19245800,8,480,493
19941080,8,480,493
1a281404,8,480,493
1b105004,8,480,493
1c125002,8,480,493
1c311400,8,480,493
1c381200,8,480,493
1c401209,8,480,493
1c80d200,8,480,493
1c84e000,8,480,493
1d070200,8,480,493
1d0e0008,8,480,493
1d100209,8,480,493
1d2c0040,8,480,493
1d444004,8,480,493
1e051008,8,480,493
1e20b000,8,480,493
1e301002,8,480,493
1f009200,8,480,493
1f500800,8,480,493
201e200a,8,480,493
20866480,8,480,493
20906602,8,480,493
20b84500,8,480,493
20ba4400,8,480,493
21186180,8,480,493
21207201,8,480,493
21282288,8,480,493
212830a0,8,480,493
2134a008,8,480,493
21382808,8,480,493
21389400,8,480,493
21443090,8,480,493
21486088,8,480,493
21509401,8,480,493
21541401,8,480,493
21548005,8,480,493
2154a400,8,480,493
21554001,8,480,493
21887004,8,480,493
21b8c000,8,480,493
22089c40,8,480,493
2212140c,8,480,493
223c0500,8,480,493
2288c600,8,480,493
22942408,8,480,493
22a01409,8,480,493
22c81408,8,480,493
23080648,8,480,493
23122410,8,480,493
23140481,8,480,493
23351000,8,480,493
23401488,8,480,493
235a0008,8,480,493
23a81004,8,480,493
24032209,8,480,493
24059009,8,480,493
240c5480,8,480,493
2410e201,8,480,493
2411500c,8,480,493
2412b008,8,480,493
2418f000,8,480,493
24193001,8,480,493
241a2c00,8,480,493
241c000d,8,480,493
241d2200,8,480,493
24221209,8,480,493
24283500,8,480,493
24301608,8,480,493
24315002,8,480,493
24519800,8,480,493
24695000,8,480,493
24780808,8,480,493
248044c8,8,480,493
24806484,8,480,493
2484c500,8,480,493
24894404,8,480,493
2490e100,8,480,493
2491c001,8,480,493
24920209,8,480,493
249a2080,8,480,493
24a15100,8,480,493
24c66000,8,480,493
25003406,8,480,493
2501040d,8,480,493
25026081,8,480,493
2504100d,8,480,493
2504b004,8,480,493
25089480,8,480,493
25093400,8,480,493
250c0508,8,480,493
25100688,8,480,493
25111003,8,480,493
25162800,8,480,493
25180a80,8,480,493
25194400,8,480,493
2520b010,8,480,493
25291002,8,480,493
25309200,8,480,493
25403088,8,480,493
25404089,8,480,493
25441801,8,480,493
25482220,8,480,493
25602404,8,480,493
25802c08,8,480,493
25841009,8,480,493
25880448,8,480,493
2590040c,8,480,493
25d81000,8,480,493
26016600,8,480,493
2608a00c,8,480,493
26103410,8,480,493
26108442,8,480,493
26112408,8,480,493
26113080,8,480,493
26114420,8,480,493
26142808,8,480,493
26147000,8,480,493
26310808,8,480,493
26380108,8,480,493
26810488,8,480,493
26994000,8,480,493
27002602,8,480,493
2700300a,8,480,493
27100806,8,480,493
27104808,8,480,493
2720200c,8,480,493
27500009,8,480,493
27520008,8,480,493
27710000,8,480,493
27883000,8,480,493
28905404,8,480,493
29303004,8,480,493
29501801,8,480,493
2a386000,8,480,493
2b005c00,8,480,493
2b008442,8,480,493
2b088c00,8,480,493
2c100889,8,480,493
2c131008,8,480,493
2c160808,8,480,493
2c4e2000,8,480,493
2c514008,8,480,493
2c590008,8,480,493
2d008409,8,480,493
2d410480,8,480,493
2e40d000,8,480,493
2f508000,8,480,493
300c008d,8,480,493
3010500d,8,480,493
3010e208,8,480,493
301ca040,8,480,493
30284488,8,480,493
303c1002,8,480,493
303e0001,8,480,493
30e45000,8,480,493
3110140a,8,480,493
31126200,8,480,493
31140481,8,480,493
3118a200,8,480,493
3124100a,8,480,493
31249400,8,480,493
31482180,8,480,493
31504009,8,480,493
31958000,8,480,493
321c0088,8,480,493
32301480,8,480,493
32815400,8,480,493
328d2000,8,480,493
32c06002,8,480,493
3304a004,8,480,493
33151000,8,480,493
33281004,8,480,493
34007028,8,480,493
34040229,8,480,493
34044029,8,480,493
34050488,8,480,493
3408200d,8,480,493
34087020,8,480,493
3408a440,8,480,493
34101409,8,480,493
34109108,8,480,493
34142084,8,480,493
34180019,8,480,493
341820c0,8,480,493
34191001,8,480,493
341a1004,8,480,493
341a3000,8,480,493
341c2020,8,480,493
34505040,8,480,493
34844220,8,480,493
34925000,8,480,493
34940208,8,480,493
34b01400,8,480,493
35002c08,8,480,493
35007008,8,480,493
3500c440,8,480,493
35049010,8,480,493
35053000,8,480,493
35054004,8,480,493
350d0080,8,480,493
35121400,8,480,493
35201005,8,480,493
35280c00,8,480,493
35304001,8,480,493
35500410,8,480,493
35540100,8,480,493
35600480,8,480,493
35601001,8,480,493
35806010,8,480,493
35848080,8,480,493
35880401,8,480,493
36007040,8,480,493
3600a480,8,480,493
36026080,8,480,493
36042808,8,480,493
36108408,8,480,493
36310002,8,480,493
36801009,8,480,493
36840c00,8,480,493
37044002,8,480,493
37280001,8,480,493
37402004,8,480,493
38140089,8,480,493
3c086002,8,480,493
3c101108,8,480,493
3d003400,8,480,493
3d013000,8,480,493
3d0c0004,8,480,493
3e020408,8,480,493
3e409000,8,480,493
