mask_hex,rank,private_obligations,private_rows
00108576,9,25,6
0010c574,9,4,1
0014b08c,8,1,1
0018c456,9,2,2
00283059,8,3,2
003884c8,8,2,1
00418a89,8,3,3
0041c325,9,12,3
004c3216,9,3,3
0050c125,8,9,3
00543007,8,1,1
0054892c,9,19,3
00619324,9,18,6
0062812d,9,4,2
00762480,8,1,1
007c0403,8,1,1
0080aec1,9,7,3
0084c4c4,8,1,1
0088c724,9,12,1
0090c1a4,8,1,1
009886c0,8,1,1
00b0832c,9,12,6
00c045d4,9,18,6
00c26288,8,1,1
00c49550,9,4,2
00c84489,8,5,3
00d85220,8,1,1
00e12642,9,13,4
00f84108,8,1,1
0100813f,9,2,2
0114a083,8,3,1
0124003f,9,6,2
0124a12c,9,2,2
01283203,8,2,2
013a2081,8,2,2
01415448,8,2,2
0142c809,8,3,1
0146100d,8,4,1
01486881,8,1,1
01609124,8,3,2
01611640,8,2,1
01690602,8,3,2
01692210,8,2,1
01790204,8,2,1
01827220,8,1,1
018ad240,9,5,1
01d09204,8,3,2
0200813f,9,13,4
02008751,8,19,7
0200e6c0,8,1,1
02066406,8,1,1
0208f0c0,8,2,1
020a440d,8,1,1
02183c04,8,3,2
021c1481,8,1,1
021ca880,8,1,1
02203226,8,2,1
0228832c,9,10,5
02408327,9,12,4
02492209,8,1,1
02507084,8,1,1
0250812c,8,10,5
02541409,8,3,3
02566080,8,2,2
02710e02,9,8,4
02741808,8,4,2
02882682,8,3,2
029c2404,8,2,2
02a08325,9,21,7
02ac0409,8,4,1
02ac2081,8,3,2
02b20481,8,1,1
02c18c08,8,1,1
02c32282,9,1,1
02c8b008,8,1,1
030cb800,8,1,1
0340a098,8,1,1
03462880,8,1,1
03c8a001,8,1,1
03e81001,8,1,1
040ca4c0,8,1,1
04182681,8,1,1
04252409,8,1,1
04346082,8,1,1
0438a801,8,1,1
044512c0,8,1,1
04471081,8,1,1
04612216,9,6,2
046d1020,8,1,1
04744041,8,1,1
04818325,9,15,4
0601a281,8,2,1
06414448,8,1,1
06610049,8,1,1
06780011,8,1,1
0700c083,8,1,1
0802023f,9,6,2
0802209f,9,17,4
0802ac49,9,1,1
0806c283,9,4,3
080a5188,8,3,1
080a9a81,9,15,2
080e8281,8,1,1
08123888,8,1,1
08182509,8,1,1
08222a88,8,1,1
082aa280,8,1,1
082b8448,9,3,2
083a2204,8,1,1
083f4000,8,1,1
08412a89,9,57,21
08432a80,8,8,2
084a3880,8,2,1
08523202,8,2,2
08542601,8,1,1
0860bc00,8,1,1
08806449,8,1,1
088262c4,9,5,3
08834149,9,26,5
088b0648,9,4,2
088e4084,8,2,1
08982089,8,1,1
08a206c1,9,19,8
08a89440,8,5,2
08c31c08,9,6,2
08c82881,8,1,1
08c83280,8,2,1
08cb2080,8,1,1
09041489,8,2,1
09068488,8,1,1
093c0401,8,2,1
09425208,8,1,1
09844944,9,13,2
09888409,8,1,1
098cc040,8,1,1
09d41200,8,1,1
0a061680,8,1,1
0a0a1888,8,1,1
0a0a4216,9,2,2
0a1ac004,8,1,1
0a261081,8,2,2
0a263080,8,1,1
0a308c04,8,1,1
0a320809,8,1,1
0a42c081,8,1,1
0a430a88,9,18,5
0a502888,8,1,1
0ac44842,9,13,1
0b421208,8,3,2
0c025209,8,1,1
0c03008b,8,1,1
0c038a88,9,13,3
0c422096,9,13,3
0c430a81,9,8,3
0ca04049,8,1,1
0dc48002,8,1,1
0e04e100,8,1,1
0e0a1c00,8,1,1
0e232400,8,2,1
0e281804,8,1,1
0eb80200,8,1,1
0f011204,8,1,1
10047205,8,1,1
1004c097,9,5,1
1008c4c8,8,1,1
1014240d,8,5,3
101c401a,8,1,1
101ce200,8,5,4
1020a609,8,1,1
1024d044,8,6,1
102c10c8,8,5,4
10342620,8,1,1
10361180,8,1,1
10413209,8,1,1
10443016,8,1,1
10448c49,9,8,3
1044d084,8,5,4
10452216,9,14,5
10550a81,9,14,3
105d0408,8,1,1
10808559,9,7,3
1084e204,8,1,1
10923282,9,13,6
1092a088,8,1,1
1094a801,8,1,1
10986c00,8,1,1
109c4044,8,3,2
10a03182,8,2,1
10c48125,9,2,1
10c484c0,8,1,1
10d88401,8,2,1
10e0d040,8,1,1
10e41041,8,5,4
10f0c008,8,3,1
1100b08c,8,3,2
1104248c,8,4,2
11045481,8,1,1
11064109,8,1,1
110c3880,8,1,1
111420a8,8,1,1
111c0025,8,1,1
11283050,8,1,1
1130a500,8,1,1
11440688,8,2,1
1154800c,8,1,1
11601809,8,1,1
11642081,8,2,2
1190200d,8,1,1
11a21404,8,1,1
11e0c040,8,1,1
1204003f,9,38,8
1224003e,9,1,1
1224808a,8,3,2
12324c00,8,1,1
123c0440,8,1,1
1241b080,8,3,2
12488488,8,1,1
124c1480,8,1,1
12710009,8,3,2
1284812c,9,11,2
1284a120,8,1,1
12a21009,8,1,1
12c14242,9,2,2
12cc9000,8,2,2
13045108,8,2,1
13202091,8,1,1
13405802,8,3,1
13848802,8,1,1
13c40840,8,1,1
14050236,9,3,1
1405b400,8,2,1
140c4406,8,1,1
14340841,8,2,1
144c2801,8,1,1
14512300,8,1,1
14644240,8,1,1
146d4000,8,3,1
14850680,8,2,1
14881608,8,1,1
14e11040,8,1,1
14e42002,8,1,1
16083003,8,1,1
1680c140,8,1,1
17280801,8,1,1
1806001f,9,6,2
18068a88,9,13,4
18070e80,9,3,3
18121a80,8,1,1
18221809,8,2,1
1822a4c0,9,12,4
18261042,8,4,2
18291408,8,1,1
18444816,9,5,3
18450a81,9,18,4
185f0200,9,4,2
18672040,9,15,3
18920209,8,3,2
18a0d040,8,1,1
19048125,9,10,2
19052208,8,1,1
190d2200,8,2,2
19223004,8,1,1
19420288,8,1,1
19c04044,8,5,2
19c41004,8,1,1
1a0e2400,8,1,1
1a262080,8,2,2
1a268080,8,2,1
1a40e001,8,1,1
1a462002,8,1,1
1a541004,8,2,2
1a560800,8,2,1
1a682400,8,1,1
1ab0c000,8,1,1
1b021009,8,1,1
1b031400,8,1,1
1ba21000,8,1,1
1c4c2004,8,1,1
1c82c080,8,1,1
1d260020,8,1,1
1d410801,8,1,1
1e08c400,8,1,1
2002221f,9,13,2
20084687,9,7,1
20114889,8,1,1
2011e480,8,1,1
201813a4,9,8,3
2018140e,8,7,2
20249049,8,1,1
202810c9,8,3,1
202a5408,8,2,1
202a9440,8,5,2
2040a1a5,9,4,2
2048009f,9,7,1
20482682,8,3,1
20525801,8,1,1
20582c08,8,1,1
20681096,9,20,3
20749008,8,1,1
2080c127,9,14,3
2084c324,9,13,4
20898640,8,1,1
20908525,9,18,4
20946021,8,1,1
2098c600,8,5,1
20c04489,8,5,3
20c06406,8,1,1
20c52480,8,1,1
2100360c,8,1,1
2101b081,8,1,1
210c1096,9,1,1
2120a282,8,3,1
2144c124,9,6,2
21491402,8,3,2
21680096,9,9,1
21688808,8,1,1
21888126,9,2,2
21890249,9,6,1
2190a600,8,1,1
21c91202,9,21,1
2200cc48,8,10,6
22062209,8,1,1
22143a00,8,1,1
22213003,8,1,1
22306009,8,1,1
22306082,8,1,1
223a8002,8,1,1
2244a088,8,1,1
2280a126,9,2,2
228d4202,9,20,1
229c0202,8,1,1
22b00403,8,3,3
22b28008,8,1,1
22c0a124,9,8,2
22c0e020,8,1,1
22cc4080,8,1,1
23022209,8,1,1
23249100,8,2,1
23403202,8,3,1
23416200,8,3,1
23484404,8,1,1
23602408,8,1,1
2368c000,8,2,1
24403418,8,6,1
24609208,8,1,1
2464040c,8,2,1
24c44108,8,1,1
250b0208,8,1,1
26001413,8,1,1
26028450,8,1,1
260c8201,8,1,1
26c48100,8,1,1
28066480,8,6,3
28070a88,9,3,2
280a0417,9,19,2
280a8a88,9,11,2
281a0816,9,17,2
28224096,9,1,1
28283480,8,1,1
28284409,8,2,1
282a0a81,9,6,1
282a3080,8,3,1
2842488c,9,8,4
28438809,9,3,2
28490a09,9,7,2
284a0892,9,10,4
288216c0,9,4,3
29006206,8,1,1
29070a80,9,7,5
29319000,8,1,1
29381800,8,1,1
29826008,8,1,1
2a920402,8,3,3
2b0a0016,9,12,1
2b201404,8,1,1
2b40c800,8,1,1
2c468001,8,1,1
30036208,8,1,1
30046488,8,3,3
3010d00c,8,2,1
30110489,8,2,1
30160109,8,1,1
302a6200,8,6,3
3032400a,8,1,1
3040a4c0,8,1,1
3045c440,9,3,2
30862402,8,1,1
30964400,8,1,1
30d48008,8,1,1
31081418,8,1,1
310c8003,8,2,1
31142600,8,3,2
31240608,8,1,1
31250201,8,2,1
318404c0,8,1,1
31d28000,8,2,2
31f40000,8,2,2
32140007,8,2,1
32306020,8,4,2
32806440,8,1,1
3280c108,8,1,1
32850206,9,4,4
32884202,8,2,1
32c01c00,8,2,2
32c05100,8,1,1
32e40400,8,2,1
33002206,8,2,1
3300408a,8,1,1
33046080,8,1,1
34036200,8,3,2
34485200,8,1,1
348c8004,8,2,1
34b00003,8,1,1
34c10201,8,1,1
36200428,8,1,1
38112a80,9,7,4
38408409,8,3,2
38662000,8,6,4
3882a082,9,1,1
39201280,8,2,2
39805008,8,1,1
3a131000,8,1,1
3ad10800,9,5,2
3ae00840,9,2,1
3c006208,8,2,2
