2,144
4,36
4,62
4,116
6,34
6,215
7,161
7,204
7,440
12,125
12,179
12,308
12,328
13,128
13,294
13,366
14,102
19,175
21,25
22,339
23,175
24,81
24,181
24,197
24,215
24,221
24,222
24,278
24,283
24,299
24,301
24,317
24,333
24,334
24,339
24,343
24,373
24,388
24,394
24,395
24,407
24,408
24,413
24,430
24,443
24,457
24,461
24,476
24,479
24,492
24,497
24,499
24,503
24,505
24,507
24,511
24,529
24,547
24,551
24,559
24,568
24,574
24,575
24,586
26,144
31,144
31,205
34,61
34,92
34,96
34,166
34,192
34,220
34,416
34,440
34,520
35,211
36,51
36,124
36,200
36,440
38,65
38,147
38,175
39,206
39,256
44,86
44,116
44,122
44,195
44,254
44,356
44,369
44,483
44,555
46,175
46,350
46,468
47,258
51,103
51,144
51,147
51,172
51,250
51,258
51,412
51,440
52,144
52,332
52,440
54,144
57,440
59,154
59,440
61,204
62,135
62,211
62,258
62,422
67,440
68,92
68,166
68,183
68,244
74,102
76,116
76,512
79,144
79,440
82,211
86,103
86,350
87,128
87,144
87,220
89,183
91,128
92,135
92,195
93,258
93,440
97,256
99,144
99,220
100,380
101,244
102,135
102,175
102,206
102,208
102,238
102,244
102,277
102,320
102,416
102,420
103,238
103,335
103,339
103,404
103,479
103,554
104,238
104,407
113,183
113,258
113,366
113,384
116,125
116,440
118,220
121,320
121,366
122,136
122,312
123,166
123,204
123,294
123,306
123,316
123,512
124,144
124,147
124,216
124,250
124,440
124,520
125,185
125,335
125,512
127,144
127,211
127,250
127,316
128,181
128,215
128,243
128,262
128,299
128,339
128,348
128,356
128,362
128,379
128,413
128,429
128,430
128,439
128,470
128,475
128,477
128,498
128,539
128,548
128,553
128,575
128,576
128,577
129,195
129,440
130,369
134,366
135,250
141,220
141,440
144,151
144,152
144,154
144,174
144,200
144,203
144,205
144,231
144,233
144,248
144,250
144,253
144,254
144,275
144,296
144,301
144,311
144,319
144,322
144,375
144,381
144,385
144,409
144,410
144,433
144,437
144,448
144,454
144,481
144,484
144,545
144,552
147,225
147,250
147,293
147,457
147,464
147,518
149,256
150,258
151,211
151,416
151,440
151,519
154,158
154,297
154,316
154,434
154,495
154,550
156,332
157,256
159,294
161,195
161,346
161,390
161,440
162,440
169,211
169,440
172,175
172,201
172,211
172,274
172,279
172,445
173,322
174,256
175,211
175,253
175,258
175,306
175,316
175,322
175,390
175,420
175,422
175,462
175,567
180,440
181,256
183,213
183,238
183,311
183,394
183,480
183,498
183,526
183,560
184,416
185,195
185,250
185,440
185,512
186,449
188,440
195,203
195,204
195,277
195,338
195,350
195,519
198,440
198,512
199,260
203,390
203,440
204,277
206,263
206,439
206,451
206,525
206,529
206,566
206,597
207,256
208,281
208,311
208,329
208,398
208,453
208,457
208,517
211,253
211,265
211,332
211,335
211,350
211,370
211,384
211,420
211,516
211,519
211,542
211,592
213,256
215,256
216,220
220,262
220,339
220,397
220,406
220,418
220,439
220,444
220,472
220,481
220,485
220,487
220,496
220,569
220,644
221,440
222,440
225,294
225,440
226,512
227,440
227,512
229,256
230,294
235,256
236,294
238,258
238,320
238,366
238,372
238,440
242,366
243,256
244,259
244,349
244,395
244,487
244,554
246,316
246,462
247,256
247,416
248,440
248,640
249,320
249,440
250,256
250,412
250,466
250,512
250,519
253,422
253,481
253,589
253,595
256,267
256,279
256,284
256,287
256,291
256,295
256,299
256,311
256,331
256,333
256,339
256,343
256,345
256,353
256,359
256,361
256,382
256,387
256,389
256,394
256,396
256,400
256,401
256,413
256,421
256,435
256,441
256,447
256,451
256,453
256,463
256,467
256,468
256,469
256,473
256,474
256,486
256,487
256,489
256,493
256,498
256,506
256,509
256,515
256,525
256,531
256,537
256,547
256,548
256,551
256,553
256,557
256,558
256,566
256,568
256,569
256,570
256,575
256,583
256,587
256,598
256,601
256,603
256,604
256,605
256,607
256,608
256,613
256,615
256,617
256,622
256,635
256,639
256,641
256,644
258,269
258,277
258,297
258,327
258,347
258,381
258,383
258,409
258,419
258,512
258,526
258,537
258,538
258,542
258,550
258,594
258,619
258,644
259,440
260,357
260,575
262,440
263,320
269,567
270,446
271,349
272,440
277,378
291,320
292,384
293,366
293,520
294,299
294,331
294,339
294,451
294,497
294,533
294,644
295,440
297,308
300,372
300,440
301,366
301,440
302,519
306,360
310,440
311,420
319,372
320,506
320,584
322,410
322,440
324,512
327,440
332,496
332,500
332,558
332,604
335,419
335,516
337,440
339,440
341,440
342,512
345,440
346,402
347,512
349,440
349,516
350,512
350,530
350,640
356,440
358,440
359,440
360,440
366,426
366,497
366,536
366,547
366,585
366,631
366,644
369,440
371,384
372,562
375,512
383,526
384,464
384,483
384,547
384,632
387,420
390,519
390,558
393,440
395,440
400,440
411,440
416,421
416,425
416,494
416,500
416,641
416,644
420,506
420,585
430,440
433,440
438,440
440,446
440,449
440,450
440,487
440,488
440,489
440,494
440,506
440,537
440,541
440,542
440,552
440,554
440,558
440,566
440,569
440,589
440,590
440,592
440,602
440,617
440,618
440,625
440,628
466,512
488,512
512,513
512,544
512,549
512,555
512,630
512,636
512,644
516,550
516,558
520,638
