body,response_local
001bd802,0200000
002d448c,0400008
0035448a,0400000
00374482,0400000
004a5c09,0000018
004cd089,0000200
005a5409,0000008
0064448d,0400008
0064460d,0000008
0066448c,0400008
00a24e0c,0040000
00b8c08c,0004000
00bac009,0002000
00bac088,0006000
00d2c20c,0040000
00f0460c,0040000
0100f609,0000200
0122c60c,0004000
01664604,0000008
01d0860c,0000200
020b5481,0000810
024e01c1,0400000
03da2001,0000080
042c448c,0400100
04324688,0004020
04324c88,0401500
0434448a,0400100
04346488,0001100
04364488,0401500
043880c9,00a0000
0446440d,0408000
04740489,0481400
0474048a,0400000
04764401,0401400
047a8082,0020000
0498a0c8,0024001
0498a488,0004000
049a8488,0004000
049ca088,0000001
049e8088,0000001
04b02c0c,0040100
04b42488,0001100
04b88089,00a0000
04b8a088,0024000
04ba8081,0020000
04ba8088,0024000
04d80489,0080080
04d80688,0080000
04f60401,0001000
04f60480,0001000
0506e401,0000002
0506e600,0000002
050ae401,0100002
050ec480,0000002
050ee400,0000002
0510ec08,0100000
052ae400,0004000
05760401,0400400
05760480,0400404
057c0081,0480400
058aa401,0000002
058aa410,0004002
058aa440,0004000
058ea400,0000002
0598060c,0004000
0598208c,0004081
0598a088,0024001
059aa400,0004000
05aaa400,0004000
05ba8080,0024000
05baa000,0024000
05caa400,0000002
05dc0081,0080001
060a7401,0000810
061021cc,0000100
06184688,0100000
06284489,0400010
06306488,0000100
06326480,2000100
06328482,2000000
063420c8,0000100
064c00c5,0400000
064e8180,0000004
065604c0,0400004
065c00c1,0480000
065e00c0,0400004
065e4400,0600000
066a4081,0400010
066e4080,0400000
066e4400,0400000
066e8080,0000004
06b06088,0000100
06b26080,2000100
07082c44,0800000
07406488,0100080
0740e408,0100000
076e0080,0400004
07822405,0800080
07906088,0000080
07926008,0000080
0814560c,0010000
0814d288,0010000
081cd208,0010000
0844460d,0008000
084cd088,0010000
0894d088,0002000
08a0460d,0040000
08c0d08a,0000040
08f04481,0001000
08f04488,0001040
09880629,0080000
0a40e409,0100000
0a4a01c1,0100010
0a684481,0000010
0a684601,0000010
0b40e401,0100000
0c2c408c,0000100
0c30e401,0041000
0c324488,0001520
0c324680,0000020
0c344481,0001400
0c406509,0149090
0c480589,0180490
0c4c8380,0080007
0c540489,0089400
0c548488,0081000
0c548680,0080004
0c54a005,0000001
0c5c8201,0080001
0c5c8280,0080005
0c62042a,0000020
0c888489,0080000
0c8c8089,0080001
0cb0048c,0000100
0cb02405,0040000
0cb06401,0041000
0cb40481,0081000
0cc48284,0000001
0cd48201,0080001
0d04e401,0000002
0d0ce008,1000000
0d0ce400,0000002
0d202505,0800000
0d224604,0000020
0d242501,0800000
0d280701,0080000
0d282501,0800000
0d282d00,0800004
0d328202,0020000
0d342600,0000004
0d80240d,0800080
0d848602,0000002
0d84a401,0000002
0d8ca008,1000001
0d8ca400,0000002
0d90820c,0000001
0d90a00c,0000001
0d94a008,0000001
0da02045,0800000
0da02405,0800000
0e085601,0000810
0e087401,0000810
0e08d401,0000800
0e095401,0000810
0e304488,0000100
0e485401,0000810
0e485408,0000010
0e487400,0000810
0e489404,0000800
0e540481,0080000
0e5800c1,0180000
0e606401,0000010
0e9c0480,0080100
0f802405,0800080
0f906008,0000080
0f982008,0000080
10064b88,0008000
1009dc80,0000800
100a4b81,0000012
1040dc82,0000800
10474501,0009402
1048dc80,0000800
104adc00,0200800
108f8404,0200000
109802cc,0000001
10ca9c00,0200000
110be400,0000002
111920c4,0000001
111e9400,0200000
11352480,0000004
115a02c0,0020005
115b00c0,0020405
118b800c,1000001
118ba400,0000002
1191a00c,0000001
1192004d,0000001
1198024c,0000001
119a004c,0000001
11ba8008,0020000
11bb8000,0020000
11ca0308,0020001
11ca8208,0020001
11da00c0,0020001
1209d480,0000800
13da1000,0200000
140c21c8,0800001
141821c8,0020001
143060c8,0001000
14306488,0001000
14306c01,0041000
1430e088,0001000
14324488,0001400
14326401,0041000
14464405,0008000
14484c05,0000800
144c00e8,0080401
144c01c8,0080401
14520584,2008000
1458004b,0020000
145800c9,00a0401
14724401,0041400
14724480,2001400
147a4080,0000400
147a8001,0020000
14a8a808,1000000
1502e401,0000002
1502e600,0000002
150ae400,0000002
1522e008,1000000
15524401,0008400
155a00c0,0020405
157a0080,0020404
1582800d,0000001
158a800c,1000001
158aa400,0000002
15ba8000,0020000
16224089,4000010
16226009,4000010
16624009,4000010
16680409,0080010
16688009,0080000
166a4008,0000010
16882049,0800000
1804c681,0000002
1805c481,0001002
1845c401,0001002
1860c488,0001000
18784009,0000400
18784081,0000400
18784088,0000400
1885c003,0000002
1901e401,0000002
1905a005,0000001
19392400,0000004
1940c601,0000002
19468280,0000007
19480b80,0080006
19488281,00a0003
19488288,00a0001
194882c0,00a0005
19488a80,0080006
19498081,00a0003
19498088,00a0001
194a8280,0020007
19580281,00a0001
19580288,00a0001
195a0280,0020005
19688280,00a0004
1981a005,0000001
1981a401,0000002
19838081,0020003
19878080,0000003
19c08601,0080002
19d0a008,0020001
1a588201,0080000
1b488280,0080004
1b580201,0080000
1b580280,0080004
1b700201,0080000
1c306401,0041000
1c30a005,0040000
1c500584,2008000
1c508484,2000000
1c688009,00a0000
1c688088,00a0000
1c788001,00a0000
1caa8008,1020000
1d006405,0008000
1d00e401,0000002
1d480380,00a0007
1d488081,00a0003
1d488088,00a0001
1d488280,00a0007
1d80a401,0000002
1e085401,0000810
1e480405,0000800
203002cd,0000020
2030468c,0004028
203100cd,0000020
2091888c,0000200
20939480,0004000
20b0828c,0004000
20b08294,0004000
20b1808c,0004000
20b19088,0004000
20b29280,0004000
20b38084,0004000
20b39080,0004000
20b8808c,0004000
20c0d881,0000200
20c8d081,0000200
20f09088,0000040
21149288,0010200
2190c20c,0004200
2191a00c,0004200
24304489,0000420
243060c8,0004120
24306488,0004120
24760401,0000400
24929480,0004000
24ba8080,0004000
2500e098,0004000
2510e088,0104000
2512a440,0104004
2512e080,0104000
2512e400,0104000
2592a400,0004000
261060c8,0100100
26465008,4000000
27406088,0100080
27902801,0000080
28215481,0000020
28255081,4000000
2828d088,0002000
28354081,0000400
2844d208,0010000
284c40a8,0010400
28605481,0000020
28645081,4000000
28704481,0000420
28704601,0000020
28706401,0000020
28744088,0000400
2884ca01,0000002
2884d081,0002000
2884d801,0002000
28a2c090,2002040
28c440a8,4000000
28c45081,4000000
28c4c201,0000002
28e0c088,0000040
29234084,0000020
29a09088,0002040
29a28081,0002000
2a445088,4000000
2ac45001,4000000
2ae05800,4000040
2ae20081,4000000
2b112041,0100000
2b229080,0000040
2c245081,4000000
2c344081,0000400
2c7000c1,0000420
2cb60080,0000100
2d244081,0000400
2d306400,0000020
2d428082,0000002
2d842101,0000002
2d848201,0000002
2d84a001,0000002
2f102041,0100000
2f102048,0100000
2f902001,0000080
2f902008,0000080
3004dc02,0200000
3086d800,0200000
3284d800,0200000
34324081,0000400
34324480,2000400
34324880,2000400
34326080,2000000
34364080,0000400
34720401,0000400
34724080,2000400
34aac000,1000000
34b24080,2000000
36224081,4000000
37122040,0000004
38704081,0000400
38704088,0000400
3885c001,0000002
39312040,0000004
39312400,0000004
3931a000,0000004
3ac41001,4000000
3c324080,2000400
3c700401,0000400
3d30a000,0000004
3d40a080,0000006
3d488080,0000006
3f102040,0000004
