q,r,grid,mass,ticks,active
100,636,4833907245367200,335695542329840,1813190185311120,1
256,636,15468503185175040,1019574818220812,2359200807210996,1
294,636,6767470143514080,499314334584190,4386922504747650,1
338,636,12568158837954720,899227568428326,6378701459165658,1
372,636,29970224921276640,2033917399317392,8255896471889136,1
384,636,7734251592587520,535657581763574,2809421280755082,1
100,635,11583136229464800,815599325672864,5050212599531232,1
306,635,2316627245892960,162731184017574,985555609535322,1
100,634,28912237675120800,2162095937158714,20563093340515782,1
100,633,19244423184386400,1368677345949316,9248980057261308,1
100,632,7205257969509600,519055891801894,3879489305480922,1
256,632,23056825502430720,1536487862523766,4571433329274378,1
282,632,67729424913390240,4930223108397758,39686356175497794,1
294,632,10087361157313440,766571048311778,7944531414388254,1
306,632,1441051593901920,102248037760080,677420003277360,1
320,632,5764206375607680,427786063579134,3893696503054722,1
332,632,119607282293859360,8475848210608440,55549308092894280,1
366,632,87904147228017120,6456410015636718,55137242073044754,1
416,632,2882103187803840,206274435457110,1466876682582570,1
512,632,46113651004861440,3188535733656514,16423147200914622,1
100,631,57550857958994400,4019000179509722,22993579473134886,1
256,631,184162745468782080,12353018652042994,41589193203580302,1
294,631,80571201142592160,5891225008036634,48862370935939302,1
100,630,91205797082400,6482770550192,43591356332496,1
220,630,18241159416480,1304895793732,9243797339196,1
256,630,291858550663680,19832181580458,81993236914134,1
294,630,127688115915360,9313200509578,75979168441974,1
320,630,72964637665920,5359952421510,45818451891450,1
332,630,1514016231567840,107205441024750,697877858287890,1
366,630,1112710724405280,77420813313010,426668341098510,1
372,630,565475941910880,40601614295438,295997932969074,1
384,630,145929275331840,10492855947570,77332823369550,1
416,630,36482318832960,2604710993944,18167517286632,1
440,630,18241159416480,1285246261944,8005876836552,1
520,630,18241159416480,1329636129658,10802438502534,1
567,630,164170434748320,11714332584458,81321213827574,1
100,629,3374614492048800,236880650342412,1425023003376756,1
256,629,10798766374556160,733806075947694,3034717286480082,1
294,629,4724460288868320,357548430213888,3627709948001664,1
320,629,2699691593639040,200240880092614,1816409071278522,1
366,629,41170296802995360,2979455992008526,23024540284555698,1
416,629,1349845796819520,96229490140190,663074691553890,1
520,629,674922898409760,49086184477556,392738028446988,1
100,628,14319310141936800,1003213987167314,5925240623793582,1
220,628,2863862028387360,200556481061856,1179610193347488,1
294,628,20047034198711520,1466556289473202,12204909441965646,1
306,628,2863862028387360,199680374396070,1124415473402970,1
338,628,37230206369035680,2606621006402192,15296297927195376,1
100,627,91205797082400,6687275640222,56475177004386,1
100,626,28547414486791200,1892832091761568,5058763833813984,1
220,626,5709482897358240,386254350798216,1496092510854648,1
250,626,142737072433956000,9925175366315068,54337758342025284,1
256,626,91351726357731840,5824766981234128,1553414386822704,1
271,626,1547269865184083040,105067170321842988,430152269539776084,1
282,626,268345696175837280,18388990105568434,85123591947462222,1
294,626,39966380281507680,2824710673101788,18091251279381924,1
306,626,5709482897358240,383680349669308,1333930439733444,1
320,626,22837931589432960,1598866196215578,9376844003849574,1
346,626,987740541242975520,68794556151592430,383094872578421010,1
366,626,348278456738852640,23600496833065264,93717473527701072,1
372,626,176993969818105440,11867253413220304,39661085760457392,1
384,626,45675863178865920,3125001124588492,14171618133611316,1
410,626,234088798791687840,15800405503631828,59070351562053804,1
412,626,588076738427898720,40494125635740284,198822961340043012,1
433,626,2472206094556117920,158802783020510632,115750952067698136,1
444,626,211250867202254880,14860312747021576,91196234253339768,1
445,626,508143977864883360,34102154502954960,115859822226629040,1
506,626,131318106639239520,9302437527861224,60781137698299032,1
512,626,182703452715463680,12047829173290156,28199427055425108,1
520,626,5709482897358240,390586524874498,1769019477660414,1
538,626,1535850899389366560,106374941217854980,558217699167397500,1
542,626,1547269865184083040,106112816812450598,496027998448055514,1
100,625,2280144927060000,162985271769934,1147492413265842,1
210,625,2280144927060000,166217248203902,1351106928605826,1
220,625,2280144927060000,162892955082160,1141676461936080,1
256,625,36482318832960000,2496466666083272,11348124631406136,1
265,625,120847681134180000,8587108379060964,57597103344120732,1
294,625,15961014489420000,1190838391081036,11178760680425268,1
320,625,9120579708240000,672249337762992,5869389446108496,1
366,625,139088840550660000,10049321960224112,76751921291479056,1
384,625,18241159416480000,1299786651635210,8921921387098230,1
530,625,120847681134180000,8532064702263370,54129351705872310,1
100,624,91205797082400,6578019708764,49592053322532,1
210,624,18241159416480,1329460507476,10791374305068,1
256,624,291858550663680,20040300118764,95104704827412,1
260,624,18241159416480,1334467181476,11106794767068,1
282,624,857334492574560,62483504017286,507122782790778,1
320,624,72964637665920,5329711826624,43913294413632,1
332,624,1514016231567840,107678524044330,727682088521430,1
372,624,565475941910880,39717726323614,240312990744162,1
384,624,145929275331840,10240882308728,61458484122504,1
100,623,8117315940333600,566237830335328,3203719549791264,1
210,623,1623463188066720,115035434802564,753379640294652,1
256,623,25975411009067520,1732741650535118,5261079947442354,1
260,623,1623463188066720,117274891377298,894465404502894,1
294,623,11364242316467040,830288532090676,6851208255844428,1
306,623,1623463188066720,115563343742318,786637903499154,1
383,623,621786401029553760,43770175524288108,270375453911935764,1
384,623,12987705504533760,914189185047524,5643096639858972,1
538,623,436711597589947680,31958340305348750,266529048877180530,1
100,622,28365002892626400,2037370314438832,14894318239140816,1
210,622,5673000578525280,412170592907628,3274745039079444,1
220,622,5673000578525280,408619999582610,3051057659603310,1
248,622,175863017934283680,12284200991428034,70452590722831422,1
260,622,5673000578525280,403103783380204,2703536038851732,1
282,622,266631027190688160,19067238241942326,134711900479613898,1
294,622,39711004049676960,2929597146994768,25720604061962544,1
306,622,5673000578525280,399393828404894,2469808875407202,1
332,622,470859048017598240,32153407764537606,142228497095476218,1
370,622,209901021405435360,14654527046406796,83631118301886708,1
384,622,45384004628202240,3272599073929136,24637723144726608,1
520,622,5673000578525280,408450540501452,3040381737490356,1
538,622,1526037155623300320,112231935397281056,966463307535505248,1
100,621,6293199998685600,460128505118818,3815295827743134,1
210,621,1258639999737120,92691785734694,805022502337242,1
220,621,1258639999737120,89760307058252,620339345721396,1
256,621,20138239995793920,1390337334058694,7038292062522042,1
260,621,1258639999737120,93623860083006,863743186280898,1
294,621,8810479998159840,665573521828290,6689211882542910,1
384,621,10069119997896960,726736123904518,5507895814396794,1
100,620,2827379709554400,203325846056434,1500009463337742,1
210,620,565475941910880,40987377660650,320301024977430,1
220,620,565475941910880,40168093272150,268686108501930,1
256,620,9047615070574080,604470754731698,1891197265800654,1
260,620,565475941910880,41296835517734,339796869973722,1
282,620,26577369269811360,1909749308340516,14004729346207068,1
294,620,3958331593376160,285405530385254,2147222040766362,1
306,620,565475941910880,39703323369366,239405604626538,1
315,620,565475941910880,42033246248272,386190745997616,1
320,620,2261903767643520,162059213506074,1162115380308582,1
366,620,34494032456563680,2483024996642692,18454444962234876,1
384,620,4523807535287040,320498671846078,2096186185154754,1
588,620,3958331593376160,294175174513898,2699709620870934,1
100,619,56456388394005600,3911440109143218,20595173300000334,1
210,619,11291277678801120,791519523121886,4700619241474338,1
220,619,11291277678801120,786125172818238,4360775172344514,1
256,619,180660442860817920,11898062839346538,26936187435560214,1
260,619,11291277678801120,802056079961888,5364422322394464,1
265,619,598437716976459360,41444785493911306,217270618210574838,1
271,619,3059936250955103520,219234750673268368,1572044288595493104,1
282,619,530690050903652640,37303087483027192,227334307816102536,1
294,619,79038943751607840,5754289372153546,46364455439242038,1
306,619,11291277678801120,793110734808936,4800865577758488,1
313,619,3534169913464750560,241906162833750570,1103408604667283670,1
315,619,11291277678801120,828018958205698,7000083651754494,1
316,619,892010936625288480,65916100497234454,584670584824616682,1
320,619,45165110715204480,3235035348984536,23146784125207848,1
332,619,937176047340492960,64556628667598008,318363416696702664,1
366,619,688767938406868320,48472599180264990,298701994729221090,1
372,619,350029608042834720,24509834616166642,144001148647159566,1
381,619,1433992265207742240,100207926872614476,577130332143743028,1
383,619,4324559350980828960,311739061605639724,2341323477231986772,1
384,619,90330221430408960,6300269869343300,35596116046992060,1
416,619,22582555357602240,1557491000355418,7791711591982374,1
420,619,11291277678801120,824085731051266,6752290341025278,1
440,619,11291277678801120,792116173380610,4738208207773950,1
512,619,361320885721635840,24585318302862418,103591510193788974,1
520,619,11291277678801120,798507747704952,5140877390207496,1
530,619,598437716976459360,41319347507095472,209368025041177296,1
538,619,3037353695597501280,222377874666612026,1860391321606552518,1
100,618,9394197099487200,676162286348978,5021435642036814,1
210,618,1878839419897440,135489746136290,1020496326996510,1
220,618,1878839419897440,131685808820558,780848276105394,1
256,618,30061430718359040,2025976758200482,7390812893194206,1
260,618,1878839419897440,135765818360240,1037888877105360,1
294,618,13151875939282080,953050803140756,7434696840739308,1
313,618,588076738427898720,40187565572732282,179509677370538886,1
320,618,7515357679589760,545711998252884,4318425171572652,1
366,618,114609204613743840,7952622715604836,42578412628129308,1
372,618,58244022016820640,4055189638489756,22500859157572068,1
520,618,1878839419897440,134803924012472,977289533195976,1
100,617,56273976799840800,3891307400114894,20056459007875122,1
210,617,11254795359968160,799322216548702,5338118202695586,1
220,617,11254795359968160,793665502523500,4981745219107860,1
260,617,11254795359968160,793934834822298,4998713153932134,1
282,617,528975381918503520,37267893914776264,231975788956890552,1
294,617,78783567519777120,5641176685060018,40259861079672654,1
320,617,45019181439872640,3250835202793686,24725892016511658,1
366,617,686542516958057760,47609832474766030,253249378078028850,1
383,617,4310586622867805280,302961940639076304,1844255768790586032,1
384,617,90038362879745280,6249236104231676,33548423047614468,1
416,617,22509590719936320,1568461903869354,8774737064024022,1
520,617,11254795359968160,783477631341854,4339909334664162,1
100,616,91205797082400,6342568660332,34758637271316,1
186,616,565475941910880,38048217453472,135133931925216,1
210,616,18241159416480,1267265829838,6873109613874,1
220,616,18241159416480,1229286548512,4480414890336,1
256,616,291858550663680,18851297019634,20197509582222,1
260,616,18241159416480,1291427120178,8395270905294,1
271,616,4943354201866080,348725534880274,2196291889992942,1
294,616,127688115915360,9225709667328,70467245380224,1
313,616,5709482897358240,386804169750332,1530731104837956,1
316,616,1441051593901920,104963541137000,848496716023320,1
332,616,1514016231567840,103826503319672,485004782867976,1
338,616,237135072414240,16665234956038,101369512573434,1
350,616,91205797082400,6675613320412,55740450856356,1
366,616,1112710724405280,77353329409988,422416855208124,1
383,616,6986364056511840,497510735683700,3397720122025740,1
384,616,145929275331840,9954376960326,43408647173178,1
409,616,7460634201340320,513595196251820,2513960558503380,1
416,616,36482318832960,2496080424434,11323791407502,1
420,616,18241159416480,1314329075490,9838094089950,1
440,616,18241159416480,1211391120456,3353002922808,1
520,616,18241159416480,1302535872998,9095122332954,1
100,615,3739437680378400,268279496978764,1943857588148532,1
186,615,23184513618346080,1599481942087970,8029307878157790,1
210,615,747887536075680,53361085589352,370198247826456,1
260,615,747887536075680,53356936773064,369936872400312,1
294,615,5235212752529760,386540911536032,3411226416650976,1
416,615,1495775072151360,105298986163170,650735839674270,1
520,615,747887536075680,52409657909082,310258303969446,1
100,614,28000179704296800,1949489830135998,10817140481380674,1
186,614,173601114166640160,12211811045779290,74939639217534630,1
210,614,5600035940859360,394242731594242,2437148326999806,1
256,614,89600575053749760,6003159551363816,19796751520921368,1
260,614,5600035940859360,414609862442792,3720277570458456,1
294,614,39200251586015520,2905246531286778,26229525127004934,1
416,614,11200071881718720,785061661944590,4658597175634290,1
520,614,5600035940859360,411060147096314,3496645503630342,1
100,613,55909153611511200,3933443508274988,24170326575279444,1
210,613,11181830722302240,777472296389430,4253431783325130,1
260,613,11181830722302240,801580375091968,5772240741585024,1
100,612,91205797082400,6332287761092,34110940619196,1
186,612,565475941910880,36878109818024,61417150891992,1
192,612,72964637665920,4992527469014,22670679884202,1
210,612,18241159416480,1280630111056,7715059330608,1
220,612,18241159416480,1272476835474,7201402968942,1
248,612,565475941910880,37921636220434,127159314243822,1
256,612,291858550663680,19341729646970,51094765104390,1
260,612,18241159416480,1256836801316,6216080816988,1
271,612,4943354201866080,348418402470544,2176942548179952,1
282,612,857334492574560,59995586254266,350383963720518,1
294,612,127688115915360,9106575479918,62961791573394,1
313,612,5709482897358240,375850103470076,840624929181828,1
316,612,1441051593901920,105476459844474,880810594594182,1
320,612,72964637665920,5153330939710,32801298538050,1
325,612,91205797082400,6432722786460,40438347217380,1
332,612,1514016231567840,103760282807772,480832890618276,1
346,612,3155720579051040,218220018056860,1124978821378020,1
366,612,1112710724405280,75911954167154,331610214909582,1
372,612,565475941910880,37130712111188,77331095361324,1
384,612,145929275331840,10102453791268,52737487522524,1
416,612,36482318832960,2495596531598,11293306158834,1
444,612,674922898409760,48832702625980,376768671797700,1
519,612,3155720579051040,222906162930258,1420205948402094,1
520,612,18241159416480,1280514617904,7707783262032,1
567,612,164170434748320,11569622908454,72204504239322,1
592,612,674922898409760,47645858595614,301997497884642,1
100,611,4286672462872800,295334869236264,1459406910393432,1
186,611,26577369269811360,1804360914939986,7365260561973678,1
192,611,3429337970298240,236934600963276,1209527979493428,1
210,611,857334492574560,59668535181190,329779746116730,1
256,611,13717351881192960,891420230974708,1290067026634764,1
260,611,857334492574560,60454873621902,379319067881586,1
294,611,6001341448021920,434278410009696,3354174038523168,1
313,611,268345696175837280,18552243708523996,95408568933662628,1
100,610,5563553622026400,413774791139872,3813597353706336,1
192,610,4450842897621120,323569607553998,2581513685417394,1
210,610,1112710724405280,82786631771416,764714903978088,1
256,610,17803371590484480,1252440131365726,7690241914102818,1
260,610,1112710724405280,83838088427340,830956673301300,1
100,609,91205797082400,6623805621366,52476565816458,1
192,609,72964637665920,5248146439912,38774675050776,1
210,609,18241159416480,1313392022570,9779059755990,1
260,609,18241159416480,1348451789854,11987825094882,1
100,608,182411594164800,13144966253104,98486497286352,1
192,608,72964637665920,5271443012782,40242359141586,1
210,608,36482318832960,2697729978184,24027713293752,1
220,608,36482318832960,2673994902936,22532403553128,1
260,608,36482318832960,2703438956036,24387378898428,1
294,608,255376231830720,19369421070734,198768600133362,1
520,608,36482318832960,2658600845976,21562577964648,1
100,607,55361918829016800,3895683834511594,23980406258163222,1
192,607,44289535063213440,3145422628909958,21003485368473594,1
210,607,11072383765803360,790144447556878,5489565132869874,1
260,607,11072383765803360,810328425490784,6761155742705952,1
100,606,9211785505322400,637736877146348,3330281238930324,1
186,606,57113070132998880,3930518282849502,19170371287523106,1
192,606,7369428404257920,497787235532644,1882882221524892,1
210,606,1842357101064480,130364533514638,843537207164274,1
220,606,1842357101064480,129692123054816,801175348195488,1
256,606,29477713617031680,2005009781684238,8404761777980274,1
260,606,1842357101064480,133671727647532,1051890437536596,1
294,606,12896499707451360,942386334417364,7784340238488492,1
320,606,7369428404257920,521997364787628,3408120364588884,1
366,606,112383783164933280,7702757884164002,35738614042599006,1
384,606,14738856808515840,1040177664066572,6575765602130676,1
416,606,3684714202128960,253282172059746,1217920031248158,1
520,606,1842357101064480,132189704117444,958522955141052,1
100,605,1003263767906400,68660091885002,312530717129526,1
192,605,802611014325120,55246062297520,270057867443280,1
210,605,200652753581280,14230500305370,93910504913190,1
260,605,200652753581280,14324169101652,99811639078956,1
520,605,200652753581280,13927306005272,74809264007016,1
100,604,13772075359442400,965033733533594,5708823774846822,1
192,604,11017660287553920,759483896739118,3776844344348754,1
210,604,2754415071888480,197497972944036,1424712007920348,1
260,604,2754415071888480,196159413011812,1340382732190236,1
294,604,19280905503219360,1387723174536370,10302937982913870,1
306,604,2754415071888480,189957520347022,949663494308466,1
520,604,2754415071888480,191986232771542,1077472377053226,1
100,603,6110788404520800,441712310222756,3384721925950428,1
192,603,4888630723616640,349591166344688,2469720585248784,1
210,603,1222157680904160,89845806084900,771655059732060,1
260,603,1222157680904160,90452062294736,809849200951728,1
294,603,8555103766329120,644320468044228,6371774421469884,1
416,603,2444315361808320,174933142715766,1243526543859978,1
100,602,3921849274543200,271307540377630,1404977945617890,1
192,602,3137479419634560,223941629658212,1558404989929116,1
210,602,784369854908640,55669554099774,369702488651202,1
220,602,784369854908640,56066850253292,394732146322836,1
256,602,12549917678538240,850092683095092,3356168320837836,1
260,602,784369854908640,56597789500532,428181318898956,1
294,602,5490588984360480,410904134159906,3924604514632158,1
350,602,3921849274543200,291482839399868,2676021784018884,1
409,602,320807270657633760,22207695547180634,115855736841844902,1
420,602,784369854908640,58477041679460,546574206171420,1
100,601,54814684046522400,3872932404836606,24736005318616578,1
210,601,10962936809304480,777386788960980,5123620467323820,1
260,601,10962936809304480,803648997222506,6778139587799958,1
96,600,182411594164800,12574367532610,62538777895230,1
100,600,91205797082400,6744414463820,60074922891060,1
186,600,2827379709554400,204110769530896,1549459642228848,1
192,600,364823188329600,26317280526728,198695919865464,1
210,600,91205797082400,6730413068536,59192834988168,1
256,600,1459292753318400,102467100795828,618256336863564,1
260,600,91205797082400,6736293871676,59563325585988,1
366,600,5563553622026400,404161276695090,3207945943685070,1
384,600,729646376659200,53478163239952,450538777480176,1
520,600,91205797082400,6712095920670,58038854672610,1
96,599,21852908980943040,1419295886057722,2004004897864326,1
100,599,54632272452357600,3787385789458888,20076214926479544,1
186,599,338720089204617120,22772793828373842,79805654369083566,1
192,599,43705817961886080,2991593473027936,13647116953215648,1
206,599,1125424812518566560,78756919772867994,459986695616417382,1
210,599,10926454490471520,767929657936802,4673750488132446,1
256,599,174823271847544320,11542240651716166,27868073667941178,1
260,599,10926454490471520,772804648710916,4980874906901628,1
294,599,76485181433300640,5491824139504420,40044195055575900,1
313,599,3419980255517585760,223640526570614780,409432151878388100,1
96,598,839093333158080,58267207298342,314460727163226,1
100,598,2097733332895200,152104408252574,1191644388331362,1
192,598,1678186666316160,120723656735216,892843709053968,1
210,598,419546666579040,30441676827640,239638973825160,1
260,598,419546666579040,31450734496970,303209606992950,1
96,597,7259981447759040,487480189863296,1671326170351488,1
100,597,18149953619397600,1283277497304788,8246667852611244,1
192,597,14519962895518080,1018881641436626,6109691828435118,1
210,597,3629990723879520,259279725388100,1814659803932220,1
256,597,58079851582072320,3834651647820154,9263647484380422,1
260,597,3629990723879520,264456174516578,2140776099026334,1
294,597,25409935067156640,1863559540340696,15764510772837288,1
306,597,3629990723879520,260084197994286,1865341578121938,1
384,597,29039925791036160,2057001200010412,13431372436511316,1
96,596,5435865506111040,357634477483218,787510056998574,1
100,596,13589663765277600,950934137036208,5550195572170704,1
192,596,10871731012222080,749751186688080,3747400712460720,1
210,596,2717932753055520,184471981073484,750003795407412,1
256,596,43486924048888320,2805668814917038,2809439144220114,1
260,596,2717932753055520,194355513488544,1372666337556192,1
294,596,19025529271388640,1370194551332646,10220139648402138,1
306,596,2717932753055520,183736327896432,703657645253136,1
384,596,21743462024444160,1507702431524058,8011405088239014,1
96,595,36482318832960,2368771763870,3303345791970,1
100,595,91205797082400,6298275496712,31968167963256,1
147,595,127688115915360,9395565469628,81168160925124,1
186,595,565475941910880,38784546867456,181522685006208,1
192,595,72964637665920,4931954398316,18854576430228,1
206,595,1878839419897440,133172444623764,874506331707372,1
210,595,18241159416480,1288484385822,8209878640866,1
220,595,18241159416480,1285811303332,8041474443996,1
244,595,1112710724405280,81338246012272,673466601152016,1
256,595,291858550663680,19255932572530,45689549414670,1
260,595,18241159416480,1323199185824,10396911040992,1
265,595,966781449073440,67209918974956,367099099128468,1
294,595,127688115915360,9226252470284,70501441966452,1
296,595,674922898409760,49325086589914,407788861525542,1
306,595,18241159416480,1255943912570,6159828825990,1
320,595,72964637665920,5254277140686,39160909199538,1
332,595,1514016231567840,104456802189306,524713611654918,1
338,595,237135072414240,16425705998664,86279188258872,1
346,595,3155720579051040,229172315264670,1814973545470050,1
366,595,1112710724405280,77097771249712,406316691110736,1
370,595,674922898409760,46961613383772,258890049538596,1
372,595,565475941910880,39737098869328,241533461124144,1
384,595,145929275331840,10133011848802,54662645147166,1
416,595,36482318832960,2529116316186,13405052587878,1
420,595,18241159416480,1338319048556,11349462393108,1
440,595,18241159416480,1266850004984,6846912648072,1
512,595,583717101327360,39646838656162,162882430028766,1
520,595,18241159416480,1307415880030,9402562775970,1
