q,r,body_hex
96,595,040e7401
96,595,050e5011
96,595,050e5041
96,595,050e5081
96,595,050e5101
96,595,050e5401
96,595,050e5408
96,595,050ed001
96,595,05107c01
96,595,051e5080
96,595,052e4401
96,595,052e4408
96,595,052e4600
96,595,054e5001
96,595,070e5001
96,595,091d5400
96,595,09586401
96,595,0c0c7401
96,595,0d0c5011
96,595,0d0c5041
96,595,0d0c5081
96,595,0d0c5101
96,595,0d0c5401
96,595,0d0c5408
96,595,0d0cd001
96,595,0d107401
96,595,0d186401
96,595,0d1c4401
96,595,0d1c4600
96,595,0d1c5040
96,595,0d1c5080
96,595,0d1c5400
96,595,0d1cd000
96,595,0d2c4401
96,595,0d2c4408
96,595,0d2d4400
96,595,0d487001
96,595,0d4c5001
96,595,0d585001
96,595,0d684401
96,595,0d6c4400
96,595,0f0c5001
96,595,113b4400
96,595,150a4409
96,595,150a5401
96,595,150e4408
96,595,151a3400
96,595,151a4408
96,595,151a5080
96,595,152a4401
96,595,15485408
96,595,154a4408
96,595,155a1400
96,595,170a7000
96,595,1d183400
96,595,1d184401
96,595,1d184408
96,595,1d1c4400
96,595,1d284401
96,595,1d2c4400
96,595,1f087000
96,595,25027401
96,595,25065401
96,595,25065408
96,595,25143401
96,595,25166400
96,595,25425408
96,595,25467000
96,595,27067000
96,595,28545401
96,595,290d5400
96,595,2d005601
96,595,2d007401
96,595,2d043408
96,595,2d045081
96,595,2d045088
96,595,2d045401
96,595,2d045408
96,595,2d04d001
96,595,2d103041
96,595,2d103401
96,595,2d141600
96,595,2d143400
96,595,2d145400
96,595,2d146400
96,595,2d1c1080
96,595,2d244401
96,595,2d405408
96,595,2d445400
96,595,2d447000
96,595,2d604401
96,595,2d704001
96,595,2d841081
96,595,2d841401
96,595,2d849001
96,595,2f045001
96,595,2f045800
96,595,2f841001
96,595,34087401
96,595,34107401
96,595,35103041
96,595,35103401
96,595,35123040
96,595,35123400
96,595,35126040
96,595,35126400
96,595,35427000
96,595,35922400
96,595,3c405401
96,595,3d005401
96,595,3d103400
96,595,3d105400
96,595,3d106400
96,595,3d184040
96,595,3d184400
96,595,3d407000
100,595,2300f401
100,595,23206409
100,595,2340d401
100,595,2500f408
100,595,2520f008
100,595,2560c401
100,595,2560c408
100,595,25644401
100,595,2720e008
100,595,2760c008
100,595,2f00d400
100,595,2f244400
100,595,2f24c000
210,595,07087408
210,595,070a5408
210,595,0f08f000
210,595,0f28e000
210,595,0f88b000
210,595,25085481
210,595,25107048
210,595,25107408
210,595,2510d088
210,595,25901484
210,595,2608d088
210,595,2702f000
210,595,2782b000
210,595,27901081
210,595,2f00f000
210,595,2f80b000
