a_hex	b_hex	cover	count	least_mask	labels
0000000000000000	0000000000000001	1	394	03684084	2,7,14,19,21,22,24,25
0000000000000000	0000000000000002	1	79	0128940a	1,3,10,12,15,19,21,24
0000000000000000	0000000000000004	1	43	01289405	0,2,10,12,15,19,21,24
0000000000000000	0000000000000006	2	87	0128d404	2,10,12,14,15,19,21,24
0000000000000000	0000000000000008	1	1211	01283206	1,2,9,12,13,19,21,24
0000000000000000	000000000000000e	3	1	11e89000	12,15,19,21,22,23,24,28
0000000000000000	0000000000000010	1	5	01a84448	3,6,10,14,19,21,23,24
0000000000000000	0000000000000012	2	45	01a8440c	2,3,10,14,19,21,23,24
0000000000000000	0000000000000020	1	14	01205445	0,2,6,10,12,14,21,24
0000000000000000	0000000000000024	2	9	01285405	0,2,10,12,14,19,21,24
0000000000000000	0000000000000030	2	12	01a84444	2,6,10,14,19,21,23,24
0000000000000000	0000000000000036	4	22	01a85404	2,10,12,14,19,21,23,24
0000000000000000	0000000000000040	1	1	11c85080	7,12,14,19,22,23,24,28
0000000000000000	0000000000000041	2	2	11c840c0	6,7,14,19,22,23,24,28
0000000000000000	0000000000000071	4	1	11e84040	6,14,19,21,22,23,24,28
0000000000000000	0000000000000076	5	1	11e85000	12,14,19,21,22,23,24,28
0000000000000000	0000000000000080	1	243	01081685	0,2,7,9,10,12,19,24
0000000000000000	00000000000000a0	2	8	11281441	0,6,10,12,19,21,24,28
0000000000000000	00000000000000a4	3	10	11281405	0,2,10,12,19,21,24,28
0000000000000000	00000000000000b0	3	7	11281640	6,9,10,12,19,21,24,28
0000000000000000	00000000000000b6	5	25	11681402	1,10,12,19,21,22,24,28
0000000000000000	00000000000000f8	5	1	11e81040	6,12,19,21,22,23,24,28
0000000000000000	0000000000000100	1	68	0080d48c	2,3,7,10,12,14,15,23
0000000000000000	0000000000000102	2	114	0120d40c	2,3,10,12,14,15,21,24
0000000000000000	0000000000000200	1	321	00805487	0,1,2,7,10,12,14,23
0000000000000000	0000000000000204	2	118	01209605	0,2,9,10,12,15,21,24
0000000000000000	0000000000000224	3	27	01605405	0,2,10,12,14,21,22,24
0000000000000000	0000000000000280	2	132	01201683	0,1,7,9,10,12,21,24
0000000000000000	00000000000002a4	4	11	11601405	0,2,10,12,21,22,24,28
0000000000000000	0000000000000300	2	180	0080c5a4	2,5,7,8,10,14,15,23
0000000000000000	0000000000000306	4	161	0160d404	2,10,12,14,15,21,22,24
0000000000000000	000000000000030e	5	2	11e09200	9,12,15,21,22,23,24,28
0000000000000000	0000000000000400	1	90	00a054c4	2,6,7,10,12,14,21,23
0000000000000000	0000000000000410	2	23	01a0444c	2,3,6,10,14,21,23,24
0000000000000000	0000000000000430	3	39	01a05442	1,6,10,12,14,21,23,24
0000000000000000	0000000000000441	3	1	11e040c0	6,7,14,21,22,23,24,28
0000000000000000	0000000000000470	4	2	11e05040	6,12,14,21,22,23,24,28
0000000000000000	0000000000000471	5	4	11e04050	4,6,14,21,22,23,24,28
0000000000000000	0000000000000480	2	14	01a015c0	6,7,8,10,12,21,23,24
0000000000000000	00000000000004b0	4	17	11601442	1,6,10,12,21,22,24,28
0000000000000000	00000000000004c0	3	1	11e010c0	6,7,12,21,22,23,24,28
0000000000000000	00000000000004f8	6	1	19e01040	6,12,21,22,23,24,27,28
0000000000000000	0000000000000500	2	119	00a0548c	2,3,7,10,12,14,21,23
0000000000000000	0000000000000512	4	91	01a0540a	1,3,10,12,14,21,23,24
0000000000000000	0000000000000700	3	173	00a05684	2,7,9,10,12,14,21,23
0000000000000000	0000000000000736	7	57	01a05406	1,2,10,12,14,21,23,24
0000000000000000	0000000000000740	4	1	11e05080	7,12,14,21,22,23,24,28
0000000000000000	0000000000000741	5	1	31e04080	7,14,21,22,23,24,28,29
0000000000000000	0000000000000776	8	7	11e05002	1,12,14,21,22,23,24,28
0000000000000000	0000000000000780	4	56	01e01484	2,7,10,12,21,22,23,24
0000000000000000	00000000000007b6	8	22	11601424	2,5,10,12,21,22,24,28
0000000000000000	0000000000000800	1	19	11089209	0,3,9,12,15,19,24,28
0000000000000000	0000000000000804	2	7	1148d001	0,12,14,15,19,22,24,28
0000000000000000	0000000000000806	3	4	11c8c200	9,14,15,19,22,23,24,28
0000000000000000	0000000000001000	1	185	0108540d	0,2,3,10,12,14,19,24
0000000000000000	0000000000001010	2	8	0188444c	2,3,6,10,14,19,23,24
0000000000000000	0000000000001012	3	52	0188540c	2,3,10,12,14,19,23,24
0000000000000000	0000000000001020	2	29	01805443	0,1,6,10,12,14,23,24
0000000000000000	0000000000001024	3	14	01885405	0,2,10,12,14,19,23,24
0000000000000000	0000000000001030	3	23	01884464	2,5,6,10,14,19,23,24
0000000000000000	0000000000001036	5	44	01c84424	2,5,10,14,19,22,23,24
0000000000000000	00000000000010a4	4	7	31480403	0,1,10,19,22,24,28,29
0000000000000000	00000000000010b0	4	1	31c80440	6,10,19,22,23,24,28,29
0000000000000000	00000000000010b6	6	8	31480406	1,2,10,19,22,24,28,29
0000000000000000	0000000000001224	4	30	01805407	0,1,2,10,12,14,23,24
0000000000000000	00000000000012a4	5	1	31c00403	0,1,10,22,23,24,28,29
0000000000000000	0000000000001410	3	17	0180544c	2,3,6,10,12,14,23,24
0000000000000000	0000000000001430	4	74	01805644	2,6,9,10,12,14,23,24
0000000000000000	0000000000001512	5	42	01c0540c	2,3,10,12,14,22,23,24
0000000000000000	0000000000001736	8	49	01c05424	2,5,10,12,14,22,23,24
0000000000000000	0000000000001800	2	40	1148100d	0,2,3,12,19,22,24,28
0000000000000000	0000000000001824	4	6	11485005	0,2,12,14,19,22,24,28
0000000000000000	0000000000001853	6	1	31c84008	3,14,19,22,23,24,28,29
0000000000000000	0000000000001871	6	2	19c84040	6,14,19,22,23,24,27,28
0000000000000000	0000000000001876	7	1	31c85000	12,14,19,22,23,24,28,29
0000000000000000	0000000000001877	8	4	31c84002	1,14,19,22,23,24,28,29
0000000000000000	0000000000002000	1	123	1000d289	0,3,7,9,12,14,15,28
0000000000000000	0000000000002100	2	1	11c0c088	3,7,14,15,22,23,24,28
0000000000000000	0000000000002200	2	108	1080d281	0,7,9,12,14,15,23,28
0000000000000000	0000000000002280	3	12	11401285	0,2,7,9,12,22,24,28
0000000000000000	0000000000002300	3	16	11c0c082	1,7,14,15,22,23,24,28
0000000000000000	0000000000002440	3	1	11c050c0	6,7,12,14,22,23,24,28
0000000000000000	0000000000002441	4	6	11c040d0	4,6,7,14,22,23,24,28
0000000000000000	0000000000002541	5	1	31c04088	3,7,14,22,23,24,28,29
0000000000000000	0000000000002740	5	4	11c05084	2,7,12,14,22,23,24,28
0000000000000000	0000000000002741	6	6	31c04082	1,7,14,22,23,24,28,29
0000000000000000	0000000000002800	2	65	1100d00d	0,2,3,12,14,15,24,28
0000000000000000	0000000000002902	4	3	11c0d008	3,12,14,15,22,23,24,28
0000000000000000	0000000000002a04	4	33	1140d005	0,2,12,14,15,22,24,28
0000000000000000	0000000000002b06	6	27	11c0c120	5,8,14,15,22,23,24,28
0000000000000000	0000000000003800	3	33	1140500d	0,2,3,12,14,22,24,28
0000000000000000	0000000000003820	4	4	11c04043	0,1,6,14,22,23,24,28
0000000000000000	0000000000003a24	6	5	11c05003	0,1,12,14,22,23,24,28
0000000000000000	0000000000003c51	7	2	19c04048	3,6,14,22,23,24,27,28
0000000000000000	0000000000003c70	7	4	11c05044	2,6,12,14,22,23,24,28
0000000000000000	0000000000003c71	8	9	19c04044	2,6,14,22,23,24,27,28
0000000000000000	0000000000003f76	11	4	31c05002	1,12,14,22,23,24,28,29
0000000000000000	0000000000004000	1	2	19488880	7,11,15,19,22,24,27,28
0000000000000000	0000000000004008	2	1	19609040	6,12,15,21,22,24,27,28
0000000000000000	000000000000400e	4	1	19689000	12,15,19,21,22,24,27,28
0000000000000000	0000000000004040	2	2	19285080	7,12,14,19,21,24,27,28
0000000000000000	0000000000004041	3	1	39484080	7,14,19,22,24,27,28,29
0000000000000000	000000000000405a	5	1	19681008	3,12,19,21,22,24,27,28
0000000000000000	0000000000004076	6	1	19685000	12,14,19,21,22,24,27,28
0000000000000000	00000000000040c0	3	1	19681080	7,12,19,21,22,24,27,28
0000000000000000	00000000000040c1	4	1	39480880	7,11,19,22,24,27,28,29
0000000000000000	00000000000040f8	6	1	19681040	6,12,19,21,22,24,27,28
0000000000000000	000000000000410a	4	1	19609008	3,12,15,21,22,24,27,28
0000000000000000	0000000000004300	3	2	1920d080	7,12,14,15,21,24,27,28
0000000000000000	0000000000004306	5	1	1960d000	12,14,15,21,22,24,27,28
0000000000000000	0000000000004440	3	1	192050c0	6,7,12,14,21,24,27,28
0000000000000000	0000000000004458	5	1	19601048	3,6,12,21,22,24,27,28
0000000000000000	0000000000004470	5	1	19605040	6,12,14,21,22,24,27,28
0000000000000000	00000000000044c0	4	1	196010c0	6,7,12,21,22,24,27,28
0000000000000000	0000000000004552	6	1	19605008	3,12,14,21,22,24,27,28
0000000000000000	0000000000004740	5	1	19605080	7,12,14,21,22,24,27,28
0000000000000000	0000000000004776	9	3	19605004	2,12,14,21,22,24,27,28
0000000000000000	0000000000006100	3	1	1940c088	3,7,14,15,22,24,27,28
0000000000000000	0000000000006300	4	3	1940c880	7,11,14,15,22,24,27,28
0000000000000000	0000000000006540	5	1	19405088	3,7,12,14,22,24,27,28
0000000000000000	0000000000006740	6	2	19405084	2,7,12,14,22,24,27,28
0000000000000000	0000000000006b06	7	1	1940d800	11,12,14,15,22,24,27,28
0000000000000000	0000000000008000	1	93	10a0c448	3,6,10,14,15,21,23,28
0000000000000000	0000000000008102	3	2	30a0c408	3,10,14,15,21,23,28,29
0000000000000000	0000000000008204	3	1	30c0c401	0,10,14,15,22,23,28,29
0000000000000000	0000000000008306	5	3	30c0c500	8,10,14,15,22,23,28,29
0000000000000000	0000000000008512	5	1	30e04408	3,10,14,21,22,23,28,29
0000000000000000	0000000000009000	2	2	30c04409	0,3,10,14,22,23,28,29
0000000000000000	0000000000009410	4	1	30c04448	3,6,10,14,22,23,28,29
0000000000000000	0000000000009430	5	1	38c04440	6,10,14,22,23,27,28,29
0000000000000000	0000000000009512	6	1	38c04408	3,10,14,22,23,27,28,29
0000000000000000	000000000000a800	3	1	30c0c009	0,3,14,15,22,23,28,29
0000000000000000	0000000000010000	1	593	0000368d	0,2,3,7,9,10,12,13
0000000000000000	0000000000010100	2	6	00e09488	3,7,10,12,15,21,22,23
0000000000000000	0000000000010200	2	4	00a09681	0,7,9,10,12,15,21,23
0000000000000000	0000000000010300	3	1	30a09480	7,10,12,15,21,23,28,29
0000000000000000	0000000000010500	3	9	10a01688	3,7,9,10,12,21,23,28
0000000000000000	0000000000020000	1	1	18a09440	6,10,12,15,21,23,27,28
0000000000000000	0000000000020410	3	1	38201448	3,6,10,12,21,27,28,29
0000000000000000	0000000000030000	2	3	38201409	0,3,10,12,21,27,28,29
0000000000000000	0000000000030102	4	1	38209408	3,10,12,15,21,27,28,29
0000000000000000	0000000000030512	6	3	38201608	3,9,10,12,21,27,28,29
0000000000000000	0000000000038000	3	5	38402409	0,3,10,13,22,27,28,29
0000000000000000	0000000000039000	4	1	38c00409	0,3,10,22,23,27,28,29
0000000000000000	0000000000040000	1	26	002030cb	0,1,3,6,7,12,13,21
0000000000000000	0000000000050000	2	343	00003a8d	0,2,3,7,9,11,12,13
0000000000000000	0000000000052000	3	2	10408a89	0,3,7,9,11,15,22,28
0000000000000000	0000000000060000	2	1	38201049	0,3,6,12,21,27,28,29
0000000000000000	0000000000078000	4	2	38402209	0,3,9,13,22,27,28,29
0000000000000000	0000000000080000	1	255	0088c449	0,3,6,10,14,15,19,23
0000000000000000	0000000000080002	2	3	2088c40c	2,3,10,14,15,19,23,29
0000000000000000	0000000000080006	3	4	2088c424	2,5,10,14,15,19,23,29
0000000000000000	0000000000080102	3	1	3080d408	3,10,12,14,15,23,28,29
0000000000000000	0000000000081000	2	28	2008440f	0,1,2,3,10,14,19,29
0000000000000000	0000000000081010	3	3	2088444c	2,3,6,10,14,19,23,29
0000000000000000	0000000000081012	4	7	2088440e	1,2,3,10,14,19,23,29
0000000000000000	0000000000081030	4	2	28884444	2,6,10,14,19,23,27,29
0000000000000000	0000000000081036	6	6	20884524	2,5,8,10,14,19,23,29
0000000000000000	0000000000081512	6	1	38805408	3,10,12,14,23,27,28,29
0000000000000000	0000000000088000	2	101	1080c449	0,3,6,10,14,15,23,28
0000000000000000	0000000000088102	4	3	3080c40c	2,3,10,14,15,23,28,29
0000000000000000	0000000000089000	3	6	3080440d	0,2,3,10,14,23,28,29
0000000000000000	0000000000089410	5	1	38804448	3,6,10,14,23,27,28,29
0000000000000000	000000000008a800	4	2	1880c049	0,3,6,14,15,23,27,28
0000000000000000	00000000000a8000	3	1	18808449	0,3,6,10,15,23,27,28
0000000000000000	00000000000b8000	4	4	38002609	0,3,9,10,13,27,28,29
0000000000000000	0000000000100000	1	10	1182c0c0	6,7,14,15,17,23,24,28
0000000000000000	0000000000100006	3	1	11a8d000	12,14,15,19,21,23,24,28
0000000000000000	0000000000100040	2	1	31885080	7,12,14,19,23,24,28,29
0000000000000000	0000000000100041	3	1	318840c0	6,7,14,19,23,24,28,29
0000000000000000	0000000000100070	4	1	11a85040	6,12,14,19,21,23,24,28
0000000000000000	0000000000100300	3	2	11a0d080	7,12,14,15,21,23,24,28
0000000000000000	0000000000100306	5	6	11a0d002	1,12,14,15,21,23,24,28
0000000000000000	0000000000100440	3	1	11a050c0	6,7,12,14,21,23,24,28
0000000000000000	0000000000100470	5	5	11a05042	1,6,12,14,21,23,24,28
0000000000000000	0000000000100740	5	1	31a05080	7,12,14,21,23,24,28,29
0000000000000000	0000000000100776	9	2	31a05002	1,12,14,21,23,24,28,29
0000000000000000	0000000000100800	2	1	3188c040	6,14,15,19,23,24,28,29
0000000000000000	0000000000100806	4	3	3188c002	1,14,15,19,23,24,28,29
0000000000000000	0000000000102000	2	3	1180c1c0	6,7,8,14,15,23,24,28
0000000000000000	0000000000102100	3	2	1180d088	3,7,12,14,15,23,24,28
0000000000000000	0000000000102300	4	9	1180d084	2,7,12,14,15,23,24,28
0000000000000000	0000000000102440	4	1	318050c0	6,7,12,14,23,24,28,29
0000000000000000	0000000000102800	3	3	1180d240	6,9,12,14,15,23,24,28
0000000000000000	0000000000102b06	7	2	3180d002	1,12,14,15,23,24,28,29
0000000000000000	0000000000200000	1	19	11425088	3,7,12,14,17,22,24,28
0000000000000000	0000000000204000	2	10	1148c084	2,7,14,15,19,22,24,28
0000000000000000	0000000000204006	4	1	1168d000	12,14,15,19,21,22,24,28
0000000000000000	0000000000204008	3	4	11609048	3,6,12,15,21,22,24,28
0000000000000000	000000000020400a	4	1	11689008	3,12,15,19,21,22,24,28
0000000000000000	000000000020400e	5	3	11689004	2,12,15,19,21,22,24,28
0000000000000000	0000000000204040	3	5	11485084	2,7,12,14,19,22,24,28
0000000000000000	0000000000204041	4	4	31484082	1,7,14,19,22,24,28,29
0000000000000000	0000000000204052	5	1	11685008	3,12,14,19,21,22,24,28
0000000000000000	0000000000204058	5	1	11681048	3,6,12,19,21,22,24,28
0000000000000000	000000000020405a	6	1	31681008	3,12,19,21,22,24,28,29
0000000000000000	0000000000204070	5	1	11685040	6,12,14,19,21,22,24,28
0000000000000000	0000000000204076	7	4	11685004	2,12,14,19,21,22,24,28
0000000000000000	00000000002040c0	4	4	11681084	2,7,12,19,21,22,24,28
0000000000000000	00000000002040f8	7	4	11681044	2,6,12,19,21,22,24,28
0000000000000000	0000000000204100	3	1	11609088	3,7,12,15,21,22,24,28
0000000000000000	0000000000204102	4	1	1160d008	3,12,14,15,21,22,24,28
0000000000000000	0000000000204300	4	7	11609084	2,7,12,15,21,22,24,28
0000000000000000	0000000000204306	6	6	1160d004	2,12,14,15,21,22,24,28
0000000000000000	0000000000204440	4	1	116050c0	6,7,12,14,21,22,24,28
0000000000000000	0000000000204450	5	1	11605048	3,6,12,14,21,22,24,28
0000000000000000	0000000000204470	6	6	11605044	2,6,12,14,21,22,24,28
0000000000000000	00000000002044c0	5	1	316010c0	6,7,12,21,22,24,28,29
0000000000000000	0000000000204540	5	1	11605088	3,7,12,14,21,22,24,28
0000000000000000	0000000000204740	6	6	11605082	1,7,12,14,21,22,24,28
0000000000000000	0000000000204776	10	5	11605014	2,4,12,14,21,22,24,28
0000000000000000	0000000000204806	5	1	1148d004	2,12,14,15,19,22,24,28
0000000000000000	0000000000205876	9	1	31485004	2,12,14,19,22,24,28,29
0000000000000000	0000000000206100	4	2	1140d088	3,7,12,14,15,22,24,28
0000000000000000	0000000000206300	5	5	1140d084	2,7,12,14,15,22,24,28
0000000000000000	0000000000206540	6	1	31405088	3,7,12,14,22,24,28,29
0000000000000000	0000000000206740	7	3	11405284	2,7,9,12,14,22,24,28
0000000000000000	0000000000300000	2	2	11225088	3,7,12,14,17,21,24,28
0000000000000000	0000000000304000	3	5	1120d0c0	6,7,12,14,15,21,24,28
0000000000000000	0000000000304006	5	1	3128d000	12,14,15,19,21,24,28,29
0000000000000000	0000000000304040	4	4	11285084	2,7,12,14,19,21,24,28
0000000000000000	0000000000304100	4	1	1120d088	3,7,12,14,15,21,24,28
0000000000000000	0000000000304300	5	3	1120d084	2,7,12,14,15,21,24,28
0000000000000000	0000000000400000	1	139	00a88449	0,3,6,10,15,19,21,23
0000000000000000	0000000000400002	2	6	2028940c	2,3,10,12,15,19,21,29
0000000000000000	0000000000400008	2	2	20683006	1,2,12,13,19,21,22,29
0000000000000000	0000000000400010	2	1	30281448	3,6,10,12,19,21,28,29
0000000000000000	0000000000400012	3	7	3028140a	1,3,10,12,19,21,28,29
0000000000000000	0000000000401000	2	7	3048040b	0,1,3,10,19,22,28,29
0000000000000000	0000000000420000	2	9	10a09448	3,6,10,12,15,21,23,28
0000000000000000	0000000000420410	4	2	30601448	3,6,10,12,21,22,28,29
0000000000000000	0000000000428000	3	2	10a08449	0,3,6,10,15,21,23,28
0000000000000000	0000000000430000	3	17	3020140b	0,1,3,10,12,21,28,29
0000000000000000	0000000000430102	5	3	30209608	3,9,10,12,15,21,28,29
0000000000000000	0000000000430512	7	4	30601428	3,5,10,12,21,22,28,29
0000000000000000	0000000000438000	4	9	30202609	0,3,9,10,13,21,28,29
0000000000000000	0000000000460000	3	3	10a09049	0,3,6,12,15,21,23,28
0000000000000000	0000000000470000	4	2	30203209	0,3,9,12,13,21,28,29
0000000000000000	0000000000478000	5	2	3040a209	0,3,9,13,15,22,28,29
0000000000000000	0000000000480000	2	71	0088a449	0,3,6,10,13,15,19,23
0000000000000000	0000000000481000	3	12	3008040f	0,1,2,3,10,19,28,29
0000000000000000	00000000004a8000	4	3	1080a449	0,3,6,10,13,15,23,28
0000000000000000	00000000004b0000	4	1	30003609	0,3,9,10,12,13,28,29
0000000000000000	00000000004b8000	5	4	3000a609	0,3,9,10,13,15,28,29
0000000000000000	00000000004f0000	5	1	3000b209	0,3,9,12,13,15,28,29
0000000000000000	0000000000800000	1	552	002c104d	0,2,3,6,12,18,19,21
0000000000000000	0000000000800010	2	4	01a81448	3,6,10,12,19,21,23,24
0000000000000000	0000000000800012	3	17	01a8140c	2,3,10,12,19,21,23,24
0000000000000000	00000000008000a0	3	10	01601445	0,2,6,10,12,21,22,24
0000000000000000	00000000008000a4	4	9	01281605	0,2,9,10,12,19,21,24
0000000000000000	00000000008000b0	4	7	01a81540	6,8,10,12,19,21,23,24
0000000000000000	00000000008000b6	6	9	01e81404	2,10,12,19,21,22,23,24
0000000000000000	00000000008002a4	5	5	01611601	0,9,10,12,16,21,22,24
0000000000000000	0000000000800410	3	9	01a01548	3,6,8,10,12,21,23,24
0000000000000000	00000000008004b0	5	11	01e01444	2,6,10,12,21,22,23,24
0000000000000000	0000000000800512	5	20	01e0140a	1,3,10,12,21,22,23,24
0000000000000000	0000000000801000	2	79	0148140d	0,2,3,10,12,19,22,24
0000000000000000	0000000000801010	3	2	21c80448	3,6,10,19,22,23,24,29
0000000000000000	0000000000801012	4	11	2188040e	1,2,3,10,19,23,24,29
0000000000000000	00000000008010a4	5	3	21081407	0,1,2,10,12,19,24,29
0000000000000000	0000000000881000	3	3	2808140d	0,2,3,10,12,19,27,29
0000000000000000	0000000000c00000	2	16	20280649	0,3,6,9,10,19,21,29
0000000000000000	0000000000c00010	3	1	20a81448	3,6,10,12,19,21,23,29
0000000000000000	0000000000c00012	4	4	20a8140c	2,3,10,12,19,21,23,29
0000000000000000	0000000000c01000	3	1	20c80609	0,3,9,10,19,22,23,29
0000000000000000	0000000000c81000	4	4	2008041f	0,1,2,3,4,10,19,29
0000000000000000	0000000002000000	1	14	0128500d	0,2,3,12,14,19,21,24
0000000000000000	0000000002000800	2	7	09488809	0,3,11,15,19,22,24,27
0000000000000000	0000000002001800	3	4	2108500b	0,1,3,12,14,19,24,29
0000000000000000	0000000002400000	2	1	20289049	0,3,6,12,15,19,21,29
0000000000000000	0000000002800000	2	15	0128104d	0,2,3,6,12,19,21,24
0000000000000000	0000000002801800	4	3	2108001f	0,1,2,3,4,19,24,29
0000000000000000	0000000002c00000	3	1	20281249	0,3,6,9,12,19,21,29
0000000000000000	0000000003000070	5	1	09a85040	6,12,14,19,21,23,24,27
0000000000000000	0000000004000000	1	37	0020d0c9	0,3,6,7,12,14,15,21
0000000000000000	0000000004000080	2	1	096010c1	0,6,7,12,21,22,24,27
0000000000000000	0000000004000200	2	14	01209381	0,7,8,9,12,15,21,24
0000000000000000	0000000004000280	3	2	09601281	0,7,9,12,21,22,24,27
0000000000000000	0000000004002000	2	56	0100528d	0,2,3,7,9,12,14,24
0000000000000000	0000000004002200	3	28	0180c1a1	0,5,7,8,14,15,23,24
0000000000000000	0000000004002280	4	1	09401a81	0,7,9,11,12,22,24,27
0000000000000000	0000000004040000	2	1	002092c9	0,3,6,7,9,12,15,21
0000000000000000	0000000005000440	4	1	09a050c0	6,7,12,14,21,23,24,27
0000000000000000	0000000005002000	3	2	0980d0c0	6,7,12,14,15,23,24,27
0000000000000000	0000000005002300	5	2	09c0c880	7,11,14,15,22,23,24,27
0000000000000000	0000000005004300	5	1	0960d080	7,12,14,15,21,22,24,27
0000000000000000	0000000006000000	2	28	0120504d	0,2,3,6,12,14,21,24
0000000000000000	0000000006000020	3	2	09605041	0,6,12,14,21,22,24,27
0000000000000000	0000000006000204	4	3	01a0d101	0,8,12,14,15,21,23,24
0000000000000000	0000000006000224	5	1	09605005	0,2,12,14,21,22,24,27
0000000000000000	0000000006002800	4	16	0140d00d	0,2,3,12,14,15,22,24
0000000000000000	0000000006002a04	6	8	0180c125	0,2,5,8,14,15,23,24
0000000000000000	0000000006800000	3	11	0160102d	0,2,3,5,12,21,22,24
0000000000000000	0000000007000000	3	2	09a0d040	6,12,14,15,21,23,24,27
0000000000000000	0000000007000008	4	1	09e09040	6,12,15,21,22,23,24,27
0000000000000000	0000000007000306	7	1	09e0d000	12,14,15,21,22,23,24,27
0000000000000000	0000000007000470	7	4	09a05140	6,8,12,14,21,23,24,27
0000000000000000	0000000007002800	5	4	09c0c240	6,9,14,15,22,23,24,27
0000000000000000	0000000007002b06	9	1	09c0d200	9,12,14,15,22,23,24,27
0000000000000000	0000000007004000	4	1	0960d040	6,12,14,15,21,22,24,27
0000000000000000	0000000008000000	1	366	002454c8	3,6,7,10,12,14,18,21
0000000000000000	0000000008000010	2	4	01285448	3,6,10,12,14,19,21,24
0000000000000000	0000000008000012	3	24	0128540a	1,3,10,12,14,19,21,24
0000000000000000	0000000008000030	3	6	01285444	2,6,10,12,14,19,21,24
0000000000000000	0000000008000036	5	12	01285604	2,9,10,12,14,19,21,24
0000000000000000	0000000008000080	2	18	012816c0	6,7,9,10,12,19,21,24
0000000000000000	0000000008000400	2	10	012016c8	3,6,7,9,10,12,21,24
0000000000000000	0000000008000410	3	11	0120544a	1,3,6,10,12,14,21,24
0000000000000000	0000000008000430	4	12	01605442	1,6,10,12,14,21,22,24
0000000000000000	0000000008000480	3	4	016014d0	4,6,7,10,12,21,22,24
0000000000000000	0000000008000500	3	36	0120548a	1,3,7,10,12,14,21,24
0000000000000000	0000000008000512	5	27	0120542c	2,3,5,10,12,14,21,24
0000000000000000	0000000008000700	4	7	01605484	2,7,10,12,14,21,22,24
0000000000000000	0000000008000736	8	4	01605604	2,9,10,12,14,21,22,24
0000000000000000	0000000008001010	3	4	2108444c	2,3,6,10,14,19,24,29
0000000000000000	0000000008001012	4	15	2108440e	1,2,3,10,14,19,24,29
0000000000000000	0000000008001036	6	5	21085406	1,2,10,12,14,19,24,29
0000000000000000	0000000008001512	6	1	29405408	3,10,12,14,22,24,27,29
0000000000000000	0000000008800000	2	170	006c1448	3,6,10,12,18,19,21,22
0000000000000000	0000000008800010	3	15	0128144c	2,3,6,10,12,19,21,24
0000000000000000	0000000008800012	4	59	0128142c	2,3,5,10,12,19,21,24
0000000000000000	00000000088000b0	5	12	01681444	2,6,10,12,19,21,22,24
0000000000000000	00000000088000b6	7	12	01691600	9,10,12,16,19,21,22,24
0000000000000000	0000000008800410	4	16	0160144a	1,3,6,10,12,21,22,24
0000000000000000	00000000088004b0	6	4	01611640	6,9,10,12,16,21,22,24
0000000000000000	0000000008800512	6	34	0160142c	2,3,5,10,12,21,22,24
0000000000000000	0000000008801010	4	1	2148044c	2,3,6,10,19,22,24,29
0000000000000000	0000000008801012	5	18	2108140e	1,2,3,10,12,19,24,29
0000000000000000	00000000088010b6	8	1	21481406	1,2,10,12,19,22,24,29
0000000000000000	0000000008c00010	4	3	2028144c	2,3,6,10,12,19,21,29
0000000000000000	0000000008c00012	5	6	2028140e	1,2,3,10,12,19,21,29
0000000000000000	000000000b004070	7	1	09685040	6,12,14,19,21,22,24,27
0000000000000000	000000000d004440	6	1	096050c0	6,7,12,14,21,22,24,27
0000000000000000	0000000010000000	1	692	0004720d	0,2,3,9,12,13,14,18
0000000000000000	0000000010800000	2	43	0024144b	0,1,3,6,10,12,18,21
0000000000000000	0000000018000000	2	8	00645448	3,6,10,12,14,18,21,22
0000000000000000	0000000018800000	3	4	08641448	3,6,10,12,18,21,22,27
0000000000000000	0000000020000000	1	35	00a0d441	0,6,10,12,14,15,21,23
0000000000000000	0000000020000102	3	3	2060d408	3,10,12,14,15,21,22,29
0000000000000000	0000000020008000	2	64	00a0c449	0,3,6,10,14,15,21,23
0000000000000000	0000000020020000	2	3	08a09448	3,6,10,12,15,21,23,27
0000000000000000	0000000020028000	3	1	08a08449	0,3,6,10,15,21,23,27
0000000000000000	0000000020030000	3	2	28209409	0,3,10,12,15,21,27,29
0000000000000000	0000000020030102	5	1	28a09408	3,10,12,15,21,23,27,29
0000000000000000	0000000020080000	2	23	0080d449	0,3,6,10,12,14,15,23
0000000000000000	0000000020088000	3	69	0080c549	0,3,6,8,10,14,15,23
0000000000000000	0000000020088306	7	1	2080c524	2,5,8,10,14,15,23,29
0000000000000000	0000000020420000	3	11	00a09449	0,3,6,10,12,15,21,23
0000000000000000	0000000020428000	4	2	00a0a449	0,3,6,10,13,15,21,23
0000000000000000	0000000020430000	4	7	20209609	0,3,9,10,12,15,21,29
0000000000000000	0000000020430102	6	1	20e09408	3,10,12,15,21,22,23,29
0000000000000000	0000000020438000	5	2	2040a609	0,3,9,10,13,15,22,29
0000000000000000	00000000204a8000	5	3	0080a649	0,3,6,9,10,13,15,23
0000000000000000	00000000204b0000	5	1	2000b609	0,3,9,10,12,13,15,29
0000000000000000	00000000204b8000	6	1	2080a609	0,3,9,10,13,15,23,29
0000000000000000	0000000026000000	3	1	00a0d049	0,3,6,12,14,15,21,23
0000000000000000	0000000027000000	4	1	08e0d040	6,12,14,15,21,22,23,27
0000000000000000	0000000030000000	2	45	20205449	0,3,6,10,12,14,21,29
0000000000000000	0000000030000410	4	1	20a05448	3,6,10,12,14,21,23,29
0000000000000000	0000000030000430	5	1	28a05440	6,10,12,14,21,23,27,29
0000000000000000	0000000030000512	6	6	20a0540c	2,3,10,12,14,21,23,29
0000000000000000	0000000030008000	3	42	20406609	0,3,9,10,13,14,22,29
0000000000000000	0000000030030000	4	4	28203409	0,3,10,12,13,21,27,29
0000000000000000	0000000030038000	5	1	28c02409	0,3,10,13,22,23,27,29
0000000000000000	0000000030080000	3	15	20007609	0,3,9,10,12,13,14,29
0000000000000000	0000000030088000	4	17	2080640d	0,2,3,10,13,14,23,29
0000000000000000	0000000030089000	5	1	28804449	0,3,6,10,14,23,27,29
0000000000000000	0000000030420000	4	3	20203449	0,3,6,10,12,13,21,29
0000000000000000	0000000030430000	5	8	2020340b	0,1,3,10,12,13,21,29
0000000000000000	0000000030820000	4	1	28201449	0,3,6,10,12,21,27,29
0000000000000000	0000000030820410	6	1	28a01448	3,6,10,12,21,23,27,29
0000000000000000	0000000030830000	5	3	28201609	0,3,9,10,12,21,27,29
0000000000000000	0000000030830512	9	1	28e01408	3,10,12,21,22,23,27,29
0000000000000000	0000000030c20000	5	6	2020144d	0,2,3,6,10,12,21,29
0000000000000000	0000000030c30000	6	4	20211609	0,3,9,10,12,16,21,29
0000000000000000	0000000038000410	5	2	20605448	3,6,10,12,14,21,22,29
0000000000000000	0000000038000512	7	1	28605408	3,10,12,14,21,22,27,29
0000000000000000	0000000040000000	1	23	0124d088	3,7,12,14,15,18,21,24
0000000000000000	0000000048000000	2	6	016410c8	3,6,7,12,18,21,22,24
0000000000000000	0000000048800000	3	2	016c1048	3,6,12,18,19,21,22,24
0000000000000000	0000000080000000	1	690	0006d281	0,7,9,12,14,15,17,18
0000000000000000	0000000080000080	2	15	01281285	0,2,7,9,12,19,21,24
0000000000000000	0000000080800000	2	24	012c1007	0,1,2,12,18,19,21,24
0000000000000000	0000000082000000	2	1	01689041	0,6,12,15,19,21,22,24
0000000000000000	0000000082000004	3	6	0128d005	0,2,12,14,15,19,21,24
0000000000000000	0000000082000020	3	1	01685041	0,6,12,14,19,21,22,24
0000000000000000	0000000082000024	4	2	01685005	0,2,12,14,19,21,22,24
0000000000000000	00000000828000a0	5	1	01681045	0,2,6,12,19,21,22,24
0000000000000000	0000000084000000	2	8	012050c5	0,2,6,7,12,14,21,24
0000000000000000	0000000084000080	3	4	016010c5	0,2,6,7,12,21,22,24
0000000000000000	0000000084000200	3	42	00a0d281	0,7,9,12,14,15,21,23
0000000000000000	0000000084000280	4	4	01601285	0,2,7,9,12,21,22,24
0000000000000000	0000000084002000	3	4	0180c2c1	0,6,7,9,14,15,23,24
0000000000000000	0000000084002200	4	55	00c0ca81	0,7,9,11,14,15,22,23
0000000000000000	0000000084002280	5	1	01401a85	0,2,7,9,11,12,22,24
0000000000000000	0000000086000000	3	7	01609045	0,2,6,12,15,21,22,24
0000000000000000	0000000086000020	4	3	01605045	0,2,6,12,14,21,22,24
0000000000000000	0000000086000204	5	15	0120d007	0,1,2,12,14,15,21,24
0000000000000000	0000000086000224	6	6	01605007	0,1,2,12,14,21,22,24
0000000000000000	0000000086002800	5	4	0180d241	0,6,9,12,14,15,23,24
0000000000000000	0000000086002a04	7	13	0140d205	0,2,9,12,14,15,22,24
0000000000000000	0000000086003a24	9	2	01c05007	0,1,2,12,14,22,23,24
0000000000000000	00000000c0000000	2	210	00a4d0c0	6,7,12,14,15,18,21,23
0000000000000000	00000000c0800000	3	3	01e41050	4,6,12,18,21,22,23,24
0000000000000000	00000000c8000000	3	38	012c5084	2,7,12,14,18,19,21,24
0000000000000000	00000000c8800000	4	5	016c1044	2,6,12,18,19,21,22,24
0000000000000000	0000000101304000	5	1	21289180	7,8,12,15,19,21,24,29
0000000000000000	0000000103100006	6	1	01a8d100	8,12,14,15,19,21,23,24
0000000000000000	0000000105100300	6	1	01a0d180	7,8,12,14,15,21,23,24
0000000000000000	0000000107000306	8	1	01e0d100	8,12,14,15,21,22,23,24
0000000000000000	0000000107000470	8	1	01e05140	6,8,12,14,21,22,23,24
0000000000000000	0000000107002b06	10	1	01c0c124	2,5,8,14,15,22,23,24
0000000000000000	0000000107100000	5	1	01a0d140	6,8,12,14,15,21,23,24
0000000000000000	0000000107100306	9	1	21a0d100	8,12,14,15,21,23,24,29
0000000000000000	000000010720430e	11	1	01609124	2,5,8,12,15,21,22,24
0000000000000000	0000000141304000	6	1	21289088	3,7,12,15,19,21,24,29
0000000000000000	0000000147000450	8	1	01e05048	3,6,12,14,21,22,23,24
0000000000000000	00000001c0000000	3	3	01c2c240	6,9,14,15,17,22,23,24
0000000000000000	00000001c0100000	4	2	01a25240	6,9,12,14,17,21,23,24
0000000000000000	00000001c1000000	4	1	21c8c080	7,14,15,19,22,23,24,29
0000000000000000	00000001c1100000	5	1	01a8d080	7,12,14,15,19,21,23,24
0000000000000000	00000001c1204000	6	3	016890c0	6,7,12,15,19,21,22,24
0000000000000000	00000001c1304000	7	4	0128d084	2,7,12,14,15,19,21,24
0000000000000000	00000001c3000006	7	1	01e8d000	12,14,15,19,21,22,23,24
0000000000000000	00000001c3000008	6	1	01e89040	6,12,15,19,21,22,23,24
0000000000000000	00000001c3000070	8	1	01e85040	6,12,14,19,21,22,23,24
0000000000000000	00000001c3100000	6	1	01a8d040	6,12,14,15,19,21,23,24
0000000000000000	00000001c3100006	8	1	21a8d000	12,14,15,19,21,23,24,29
0000000000000000	00000001c3204000	7	1	0168d040	6,12,14,15,19,21,22,24
0000000000000000	00000001c3204006	9	2	0168d004	2,12,14,15,19,21,22,24
0000000000000000	00000001c5000000	5	1	01e090c0	6,7,12,15,21,22,23,24
0000000000000000	00000001c5000300	7	1	01e0d080	7,12,14,15,21,22,23,24
0000000000000000	00000001c5000440	7	1	01e050c0	6,7,12,14,21,22,23,24
0000000000000000	00000001c5000740	9	1	01e05090	4,7,12,14,21,22,23,24
0000000000000000	00000001c5002000	6	2	01c0d0c0	6,7,12,14,15,22,23,24
0000000000000000	00000001c5002300	8	4	01c0d084	2,7,12,14,15,22,23,24
0000000000000000	00000001c5100000	6	1	01a0d0c0	6,7,12,14,15,21,23,24
0000000000000000	00000001c5100300	8	1	21a0d080	7,12,14,15,21,23,24,29
0000000000000000	00000001c5204000	7	1	0160d0c0	6,7,12,14,15,21,22,24
0000000000000000	00000001c5204300	9	3	0160d084	2,7,12,14,15,21,22,24
0000000000000000	00000001c7000000	6	1	01e0d040	6,12,14,15,21,22,23,24
0000000000000000	00000001c7000008	7	1	01e09240	6,9,12,15,21,22,23,24
0000000000000000	00000001c7000306	10	6	01e0d002	1,12,14,15,21,22,23,24
0000000000000000	00000001c7000470	10	7	01e05042	1,6,12,14,21,22,23,24
0000000000000000	00000001c7002800	8	1	01c0d240	6,9,12,14,15,22,23,24
0000000000000000	00000001c7002b06	12	2	01c0d204	2,9,12,14,15,22,23,24
0000000000000000	00000001c7100000	7	6	01a0d042	1,6,12,14,15,21,23,24
0000000000000000	00000001c7204000	8	2	0160d044	2,6,12,14,15,21,22,24
0000000000000000	00000001c9204040	8	3	01685084	2,7,12,14,19,21,22,24
0000000000000000	00000001cb204070	11	1	01685044	2,6,12,14,19,21,22,24
0000000000000000	00000001cd204440	10	2	016050c4	2,6,7,12,14,21,22,24
0000000000000000	0000000200000000	1	41	00a8e408	3,10,13,14,15,19,21,23
0000000000000000	0000000200000002	2	2	00a8d408	3,10,12,14,15,19,21,23
0000000000000000	0000000200000006	3	1	10a8d400	10,12,14,15,19,21,23,28
0000000000000000	0000000200000102	3	1	10a0d408	3,10,12,14,15,21,23,28
0000000000000000	0000000200000306	5	5	10a0d404	2,10,12,14,15,21,23,28
0000000000000000	0000000200008000	2	48	10a0c409	0,3,10,14,15,21,23,28
0000000000000000	000000020000a800	4	1	10c0c209	0,3,9,14,15,22,23,28
0000000000000000	0000000200030102	5	1	18a09408	3,10,12,15,21,23,27,28
0000000000000000	0000000200080000	2	37	0088e405	0,2,10,13,14,15,19,23
0000000000000000	0000000200088000	3	30	1080c509	0,3,8,10,14,15,23,28
0000000000000000	0000000200400000	2	2	00a89409	0,3,10,12,15,19,21,23
0000000000000000	0000000200400002	3	2	00e89408	3,10,12,15,19,21,22,23
0000000000000000	0000000200430000	4	2	10a09409	0,3,10,12,15,21,23,28
0000000000000000	0000000200430102	6	1	10e09408	3,10,12,15,21,22,23,28
0000000000000000	0000000200438000	5	1	10c0a409	0,3,10,13,15,22,23,28
0000000000000000	0000000200478000	6	1	10c0a209	0,3,9,13,15,22,23,28
0000000000000000	0000000200480000	3	1	1088a409	0,3,10,13,15,19,23,28
0000000000000000	00000002004b8000	6	1	1080a609	0,3,9,10,13,15,23,28
0000000000000000	0000000220000000	2	49	00a0d409	0,3,10,12,14,15,21,23
0000000000000000	0000000220000102	4	5	00a0d40c	2,3,10,12,14,15,21,23
0000000000000000	0000000220008000	3	52	00a0e409	0,3,10,13,14,15,21,23
0000000000000000	0000000220030000	4	1	08a09409	0,3,10,12,15,21,23,27
0000000000000000	0000000220080000	3	17	0080f007	0,1,2,12,13,14,15,23
0000000000000000	0000000220088000	4	11	0080e125	0,2,5,8,13,14,15,23
0000000000000000	0000000220088204	6	1	0080c525	0,2,5,8,10,14,15,23
0000000000000000	0000000220430000	5	6	00a09419	0,3,4,10,12,15,21,23
0000000000000000	0000000400000000	1	15	00a87440	6,10,12,13,14,19,21,23
0000000000000000	0000000400000010	2	1	00a85448	3,6,10,12,14,19,21,23
0000000000000000	0000000400000030	3	2	08a85440	6,10,12,14,19,21,23,27
0000000000000000	0000000400000410	3	1	10a05448	3,6,10,12,14,21,23,28
0000000000000000	0000000400000430	4	3	10a05640	6,9,10,12,14,21,23,28
0000000000000000	0000000400000470	5	1	18e05040	6,12,14,21,22,23,27,28
0000000000000000	0000000400008000	2	24	10a04449	0,3,6,10,14,21,23,28
0000000000000000	0000000400009000	3	1	10c04449	0,3,6,10,14,22,23,28
0000000000000000	0000000400020410	4	1	18a01448	3,6,10,12,21,23,27,28
0000000000000000	0000000400060000	3	1	18a01049	0,3,6,12,21,23,27,28
0000000000000000	0000000400080000	2	2	18807440	6,10,12,13,14,23,27,28
0000000000000000	0000000400088000	3	5	10806449	0,3,6,10,13,14,23,28
0000000000000000	0000000400089000	4	1	18804449	0,3,6,10,14,23,27,28
0000000000000000	0000000400420000	3	1	10a01449	0,3,6,10,12,21,23,28
0000000000000000	0000000400420410	5	1	10e01448	3,6,10,12,21,22,23,28
0000000000000000	0000000400800010	3	1	08a81448	3,6,10,12,19,21,23,27
0000000000000000	0000000400c00000	3	1	00a81449	0,3,6,10,12,19,21,23
0000000000000000	0000000430000000	3	19	00a05449	0,3,6,10,12,14,21,23
0000000000000000	0000000430000410	5	2	00e05448	3,6,10,12,14,21,22,23
0000000000000000	0000000430000430	6	3	08a05444	2,6,10,12,14,21,23,27
0000000000000000	0000000430008000	4	11	08a04449	0,3,6,10,14,21,23,27
0000000000000000	0000000430080000	4	1	08807640	6,9,10,12,13,14,23,27
0000000000000000	0000000430088000	5	1	08806449	0,3,6,10,13,14,23,27
0000000000000000	0000000430420000	5	1	00a03449	0,3,6,10,12,13,21,23
0000000000000000	0000000430820000	5	1	08a01449	0,3,6,10,12,21,23,27
0000000000000000	0000000430820410	7	1	08e01448	3,6,10,12,21,22,23,27
0000000000000000	0000000430c20000	6	3	00a01459	0,3,4,6,10,12,21,23
0000000000000000	0000000436000000	5	1	08a05049	0,3,6,12,14,21,23,27
0000000000000000	0000000600000000	2	93	00a85409	0,3,10,12,14,19,21,23
0000000000000000	0000000600000012	4	5	00a8540c	2,3,10,12,14,19,21,23
0000000000000000	0000000600000512	6	6	10a0540a	1,3,10,12,14,21,23,28
0000000000000000	0000000600008000	3	45	10a06409	0,3,10,13,14,21,23,28
0000000000000000	0000000600030000	4	2	18a01409	0,3,10,12,21,23,27,28
0000000000000000	0000000600030512	8	1	18e01408	3,10,12,21,22,23,27,28
0000000000000000	0000000600038000	5	1	18c02409	0,3,10,13,22,23,27,28
0000000000000000	0000000600080000	3	26	0088640d	0,2,3,10,13,14,19,23
0000000000000000	0000000600088000	4	4	1080640d	0,2,3,10,13,14,23,28
0000000000000000	0000000600400000	3	6	00a83409	0,3,10,12,13,19,21,23
0000000000000000	0000000600400012	5	1	10e81408	3,10,12,19,21,22,23,28
0000000000000000	0000000600430000	5	9	10a01419	0,3,4,10,12,21,23,28
0000000000000000	0000000600800000	3	1	08a81409	0,3,10,12,19,21,23,27
0000000000000000	0000000600800012	5	1	08e81408	3,10,12,19,21,22,23,27
0000000000000000	0000000600c00000	4	3	00a81419	0,3,4,10,12,19,21,23
0000000000000000	0000000630000000	4	72	00a0540b	0,1,3,10,12,14,21,23
0000000000000000	0000000630000512	8	1	08e05408	3,10,12,14,21,22,23,27
0000000000000000	0000000630008000	5	12	00c06609	0,3,9,10,13,14,22,23
0000000000000000	0000000630030000	6	1	08e03408	3,10,12,13,21,22,23,27
0000000000000000	0000000630080000	5	2	00807407	0,1,2,10,12,13,14,23
0000000000000000	0000000630430000	7	4	00a03609	0,3,9,10,12,13,21,23
0000000000000000	0000000630c30000	8	1	00e01419	0,3,4,10,12,21,22,23
0000000000000000	0000000800000000	1	17	0028c449	0,3,6,10,14,15,19,21
0000000000000000	0000000800020000	2	1	18209448	3,6,10,12,15,21,27,28
0000000000000000	0000000800060000	3	1	18209049	0,3,6,12,15,21,27,28
0000000000000000	0000000800400000	2	16	00288649	0,3,6,9,10,15,19,21
0000000000000000	0000000800420000	3	6	10209449	0,3,6,10,12,15,21,28
0000000000000000	0000000800460000	4	3	10209249	0,3,6,9,12,15,21,28
0000000000000000	0000000802000000	2	1	08289049	0,3,6,12,15,19,21,27
0000000000000000	0000000820000000	2	10	0020d449	0,3,6,10,12,14,15,21
0000000000000000	0000000820008000	3	1	0020e449	0,3,6,10,13,14,15,21
0000000000000000	0000000820020000	3	3	08209449	0,3,6,10,12,15,21,27
0000000000000000	0000000820420000	4	13	0020944b	0,1,3,6,10,12,15,21
0000000000000000	0000000820460000	5	1	0020b249	0,3,6,9,12,13,15,21
0000000000000000	0000000a00000000	2	16	0028d409	0,3,10,12,14,15,19,21
0000000000000000	0000000a00000002	3	3	0828d408	3,10,12,14,15,19,21,27
0000000000000000	0000000a00000102	4	2	1060d408	3,10,12,14,15,21,22,28
0000000000000000	0000000a00030000	4	2	18209409	0,3,10,12,15,21,27,28
0000000000000000	0000000a00030102	6	1	18609408	3,10,12,15,21,22,27,28
0000000000000000	0000000a00400000	3	9	0028940d	0,2,3,10,12,15,19,21
0000000000000000	0000000a00400002	4	1	10689408	3,10,12,15,19,21,22,28
0000000000000000	0000000a00430000	5	5	10209609	0,3,9,10,12,15,21,28
0000000000000000	0000000a00470000	6	1	1020b209	0,3,9,12,13,15,21,28
0000000000000000	0000000a20000000	3	13	0020d609	0,3,9,10,12,14,15,21
0000000000000000	0000000a20030000	5	2	08209609	0,3,9,10,12,15,21,27
0000000000000000	0000000a20430000	6	4	0020b609	0,3,9,10,12,13,15,21
0000000000000000	0000000c00000000	2	18	00285449	0,3,6,10,12,14,19,21
0000000000000000	0000000c00000008	3	1	18683040	6,12,13,19,21,22,27,28
0000000000000000	0000000c00000010	3	2	10285448	3,6,10,12,14,19,21,28
0000000000000000	0000000c00000410	4	2	10605448	3,6,10,12,14,21,22,28
0000000000000000	0000000c00020000	3	1	18201449	0,3,6,10,12,21,27,28
0000000000000000	0000000c00020410	5	1	18601448	3,6,10,12,21,22,27,28
0000000000000000	0000000c00060000	4	2	18203049	0,3,6,12,13,21,27,28
0000000000000000	0000000c00400000	3	8	00283249	0,3,6,9,12,13,19,21
0000000000000000	0000000c00400010	4	1	10681448	3,6,10,12,19,21,22,28
0000000000000000	0000000c00420000	4	9	1020144b	0,1,3,6,10,12,21,28
0000000000000000	0000000c00460000	5	2	10203249	0,3,6,9,12,13,21,28
0000000000000000	0000000c00800000	3	1	08281449	0,3,6,10,12,19,21,27
0000000000000000	0000000c00c00000	4	8	0028144b	0,1,3,6,10,12,19,21
0000000000000000	0000000c02000000	3	1	08285049	0,3,6,12,14,19,21,27
0000000000000000	0000000c08000010	4	2	00685448	3,6,10,12,14,19,21,22
0000000000000000	0000000c30000000	4	13	0020544d	0,2,3,6,10,12,14,21
0000000000000000	0000000c30020000	5	2	08203449	0,3,6,10,12,13,21,27
0000000000000000	0000000c30060000	6	1	08603049	0,3,6,12,13,21,22,27
0000000000000000	0000000c30420000	6	3	0020344b	0,1,3,6,10,12,13,21
0000000000000000	0000000c30820000	6	2	08201649	0,3,6,9,10,12,21,27
0000000000000000	0000000c30c20000	7	2	00601649	0,3,6,9,10,12,21,22
0000000000000000	0000000e00000000	3	74	0028540d	0,2,3,10,12,14,19,21
0000000000000000	0000000e00000012	5	6	1028540c	2,3,10,12,14,19,21,28
0000000000000000	0000000e00000512	7	3	10605608	3,9,10,12,14,21,22,28
0000000000000000	0000000e00008000	4	3	10606409	0,3,10,13,14,21,22,28
0000000000000000	0000000e00030000	5	8	18201609	0,3,9,10,12,21,27,28
0000000000000000	0000000e00070000	6	2	18203209	0,3,9,12,13,21,27,28
0000000000000000	0000000e00070008	7	1	18613200	9,12,13,16,21,22,27,28
0000000000000000	0000000e00400000	4	24	0028340b	0,1,3,10,12,13,19,21
0000000000000000	0000000e00400012	6	1	10681608	3,9,10,12,19,21,22,28
0000000000000000	0000000e00430000	6	16	1020340b	0,1,3,10,12,13,21,28
0000000000000000	0000000e00470000	7	1	10603209	0,3,9,12,13,21,22,28
0000000000000000	0000000e00800000	4	2	08281609	0,3,9,10,12,19,21,27
0000000000000000	0000000e00c00000	5	1	00681609	0,3,9,10,12,19,21,22
0000000000000000	0000000e08000012	6	1	08685408	3,10,12,14,19,21,22,27
0000000000000000	0000000e30000000	5	22	0020740b	0,1,3,10,12,13,14,21
0000000000000000	0000000e30030000	7	5	08203609	0,3,9,10,12,13,21,27
0000000000000000	0000000e30430000	8	3	0020360b	0,1,3,9,10,12,13,21
0000000000000000	0000001000000000	1	1636	0010720d	0,2,3,9,12,13,14,20
0000000000000000	0000001800080000	3	1	0008e449	0,3,6,10,13,14,15,19
0000000000000000	0000001800088000	4	1	1000e449	0,3,6,10,13,14,15,28
0000000000000000	0000001800480000	4	2	0008a649	0,3,6,9,10,13,15,19
0000000000000000	0000001a00000000	3	8	1040f009	0,3,12,13,14,15,22,28
0000000000000000	0000001a00008000	4	8	1040e209	0,3,9,13,14,15,22,28
0000000000000000	0000001a00038000	6	1	1840a409	0,3,10,13,15,22,27,28
0000000000000000	0000001a00078000	7	2	1840a209	0,3,9,13,15,22,27,28
0000000000000000	0000001a00080000	4	5	1000f209	0,3,9,12,13,14,15,28
0000000000000000	0000001a00088000	5	2	1000e609	0,3,9,10,13,14,15,28
0000000000000000	0000001a000f0000	7	1	1800b209	0,3,9,12,13,15,27,28
0000000000000000	0000001a00400000	4	2	1048a209	0,3,9,13,15,19,22,28
0000000000000000	0000001a00438000	7	1	1040a609	0,3,9,10,13,15,22,28
0000000000000000	0000001a00470000	7	1	1040b209	0,3,9,12,13,15,22,28
0000000000000000	0000001a00478000	8	1	1041a209	0,3,9,13,15,16,22,28
0000000000000000	0000001a00480000	5	1	1008a609	0,3,9,10,13,15,19,28
0000000000000000	0000001a20000000	4	2	0040f209	0,3,9,12,13,14,15,22
0000000000000000	0000001a20008000	5	2	0840e209	0,3,9,13,14,15,22,27
0000000000000000	0000001e00000000	4	19	08486409	0,3,10,13,14,19,22,27
0000000000000000	0000001e00008000	5	7	10406609	0,3,9,10,13,14,22,28
0000000000000000	0000001e00070000	7	1	18403209	0,3,9,12,13,22,27,28
0000000000000000	0000001e00078000	8	1	18412209	0,3,9,13,16,22,27,28
0000000000000000	0000001e00080000	5	6	1000720d	0,2,3,9,12,13,14,28
0000000000000000	0000001e00400000	5	1	10482609	0,3,9,10,13,19,22,28
0000000000000000	0000001e00470000	8	1	10413209	0,3,9,12,13,16,22,28
0000000000000000	0000001e30000000	6	1	08407209	0,3,9,12,13,14,22,27
